# ************************************************************
# Sequel Pro SQL dump
# Version 4541
#
# http://www.sequelpro.com/
# https://github.com/sequelpro/sequelpro
#
# Host: 127.0.0.1 (MySQL 5.7.26-0ubuntu0.18.04.1)
# Database: tccore_dev
# Generation Time: 2019-07-26 09:37:48 +0000
# ************************************************************


/*!40101 SET @OLD_CHARACTER_SET_CLIENT=@@CHARACTER_SET_CLIENT */;
/*!40101 SET @OLD_CHARACTER_SET_RESULTS=@@CHARACTER_SET_RESULTS */;
/*!40101 SET @OLD_COLLATION_CONNECTION=@@COLLATION_CONNECTION */;
/*!40101 SET NAMES utf8 */;
/*!40014 SET @OLD_FOREIGN_KEY_CHECKS=@@FOREIGN_KEY_CHECKS, FOREIGN_KEY_CHECKS=0 */;
/*!40101 SET @OLD_SQL_MODE=@@SQL_MODE, SQL_MODE='NO_AUTO_VALUE_ON_ZERO' */;
/*!40111 SET @OLD_SQL_NOTES=@@SQL_NOTES, SQL_NOTES=0 */;

DROP TABLE IF EXISTS `telescope_entries`;
DROP TABLE IF EXISTS `telescope_entries_tags`;
DROP TABLE IF EXISTS `telescope_monitoring`;

DROP TABLE IF EXISTS `text2speech`;
DROP TABLE IF EXISTS `text2speech_log`;

DROP TABLE IF EXISTS `infoscreen_questions`;

# Dump of table addresses
# ------------------------------------------------------------

DROP TABLE IF EXISTS `addresses`;

CREATE TABLE `addresses` (
  `id` int(10) unsigned NOT NULL AUTO_INCREMENT,
  `created_at` timestamp NOT NULL DEFAULT '0000-00-00 00:00:00',
  `updated_at` timestamp NOT NULL DEFAULT '0000-00-00 00:00:00',
  `deleted_at` timestamp NULL DEFAULT NULL,
  `name` varchar(45) COLLATE utf8_unicode_ci NOT NULL,
  `address` varchar(60) COLLATE utf8_unicode_ci NOT NULL,
  `postal` varchar(7) COLLATE utf8_unicode_ci NOT NULL,
  `city` varchar(60) COLLATE utf8_unicode_ci NOT NULL,
  `country` varchar(60) COLLATE utf8_unicode_ci NOT NULL,
  PRIMARY KEY (`id`)
) ENGINE=InnoDB DEFAULT CHARSET=utf8 COLLATE=utf8_unicode_ci;

TRUNCATE TABLE `addresses`;

# Dump of table answer_parent_questions
# ------------------------------------------------------------

DROP TABLE IF EXISTS `answer_parent_questions`;

CREATE TABLE `answer_parent_questions` (
  `id` int(10) unsigned NOT NULL AUTO_INCREMENT,
  `created_at` timestamp NOT NULL DEFAULT '0000-00-00 00:00:00',
  `updated_at` timestamp NOT NULL DEFAULT '0000-00-00 00:00:00',
  `deleted_at` timestamp NULL DEFAULT NULL,
  `answer_id` int(10) unsigned NOT NULL,
  `group_question_id` int(10) unsigned NOT NULL,
  `level` int(10) unsigned NOT NULL,
  PRIMARY KEY (`id`),
  KEY `fk_answer_parent_questions_answers1_idx` (`answer_id`),
  KEY `fk_answer_parent_questions_group_questions1_idx` (`group_question_id`),
  CONSTRAINT `fk_answer_parent_questions_answers1` FOREIGN KEY (`answer_id`) REFERENCES `answers` (`id`) ON DELETE CASCADE ON UPDATE CASCADE,
  CONSTRAINT `fk_answer_parent_questions_group_questions1` FOREIGN KEY (`group_question_id`) REFERENCES `group_questions` (`id`) ON DELETE CASCADE ON UPDATE CASCADE
) ENGINE=InnoDB DEFAULT CHARSET=utf8 COLLATE=utf8_unicode_ci;

TRUNCATE TABLE `answer_parent_questions`;

LOCK TABLES `answer_parent_questions` WRITE;
/*!40000 ALTER TABLE `answer_parent_questions` DISABLE KEYS */;

INSERT INTO `answer_parent_questions` (`id`, `created_at`, `updated_at`, `deleted_at`, `answer_id`, `group_question_id`, `level`)
VALUES
	(1,'2019-02-27 14:38:24','2019-02-27 14:38:24',NULL,2,14,1),
	(2,'2019-02-27 14:39:38','2019-02-27 14:39:38',NULL,8,14,1);

/*!40000 ALTER TABLE `answer_parent_questions` ENABLE KEYS */;
UNLOCK TABLES;


# Dump of table answer_ratings
# ------------------------------------------------------------

DROP TABLE IF EXISTS `answer_ratings`;

CREATE TABLE `answer_ratings` (
  `id` int(10) unsigned NOT NULL AUTO_INCREMENT,
  `created_at` timestamp NOT NULL DEFAULT '0000-00-00 00:00:00',
  `updated_at` timestamp NOT NULL DEFAULT '0000-00-00 00:00:00',
  `deleted_at` timestamp NULL DEFAULT NULL,
  `answer_id` int(10) unsigned NOT NULL,
  `user_id` int(10) unsigned DEFAULT NULL,
  `test_take_id` int(10) unsigned NOT NULL,
  `type` enum('SYSTEM','STUDENT','TEACHER') COLLATE utf8_unicode_ci NOT NULL,
  `rating` decimal(11,1) unsigned DEFAULT NULL,
  `advise` text COLLATE utf8_unicode_ci,
  PRIMARY KEY (`id`),
  KEY `fk_answer_ratings_answers1_idx` (`answer_id`),
  KEY `fk_answer_ratings_users1_idx` (`user_id`),
  KEY `fk_answer_ratings_test_takes1_idx` (`test_take_id`),
  CONSTRAINT `fk_answer_ratings_answers1` FOREIGN KEY (`answer_id`) REFERENCES `answers` (`id`) ON DELETE CASCADE ON UPDATE CASCADE,
  CONSTRAINT `fk_answer_ratings_test_takes1` FOREIGN KEY (`test_take_id`) REFERENCES `test_takes` (`id`) ON DELETE CASCADE ON UPDATE CASCADE,
  CONSTRAINT `fk_answer_ratings_users1` FOREIGN KEY (`user_id`) REFERENCES `users` (`id`) ON DELETE CASCADE ON UPDATE CASCADE
) ENGINE=InnoDB DEFAULT CHARSET=utf8 COLLATE=utf8_unicode_ci;

TRUNCATE TABLE `answer_ratings`;

LOCK TABLES `answer_ratings` WRITE;
/*!40000 ALTER TABLE `answer_ratings` DISABLE KEYS */;

INSERT INTO `answer_ratings` (`id`, `created_at`, `updated_at`, `deleted_at`, `answer_id`, `user_id`, `test_take_id`, `type`, `rating`, `advise`)
VALUES
	(1,'2019-02-27 14:40:38','2019-02-27 14:40:38',NULL,4,NULL,2,'SYSTEM',4.0,NULL),
	(2,'2019-02-27 14:40:38','2019-02-27 14:40:38',NULL,5,NULL,2,'SYSTEM',5.0,NULL),
	(3,'2019-02-27 14:40:38','2019-02-27 14:40:38',NULL,6,NULL,2,'SYSTEM',5.0,NULL),
	(4,'2019-02-27 14:40:38','2019-02-27 14:40:38',NULL,10,NULL,2,'SYSTEM',4.0,NULL),
	(5,'2019-02-27 14:40:38','2019-02-27 14:40:38',NULL,11,NULL,2,'SYSTEM',5.0,NULL),
	(6,'2019-02-27 14:40:38','2019-02-27 14:40:38',NULL,12,NULL,2,'SYSTEM',1.0,NULL),
	(7,'2019-02-27 14:42:46','2019-02-27 14:42:46',NULL,7,1486,2,'TEACHER',1.0,NULL),
	(8,'2019-02-27 14:42:48','2019-02-27 14:42:48',NULL,1,1486,2,'TEACHER',5.0,NULL),
	(9,'2019-02-27 14:42:53','2019-02-27 14:42:53',NULL,8,1486,2,'TEACHER',1.0,NULL),
	(10,'2019-02-27 14:42:55','2019-02-27 14:42:55',NULL,2,1486,2,'TEACHER',5.0,NULL),
	(11,'2019-02-27 14:42:58','2019-02-27 14:42:58',NULL,9,1486,2,'TEACHER',0.0,NULL),
	(12,'2019-02-27 14:43:00','2019-02-27 14:43:00',NULL,3,1486,2,'TEACHER',5.0,NULL);

/*!40000 ALTER TABLE `answer_ratings` ENABLE KEYS */;
UNLOCK TABLES;


# Dump of table answers
# ------------------------------------------------------------

DROP TABLE IF EXISTS `answers`;

CREATE TABLE `answers` (
  `id` int(10) unsigned NOT NULL AUTO_INCREMENT,
  `created_at` timestamp NOT NULL DEFAULT '0000-00-00 00:00:00',
  `updated_at` timestamp NOT NULL DEFAULT '0000-00-00 00:00:00',
  `deleted_at` timestamp NULL DEFAULT NULL,
  `test_participant_id` int(10) unsigned NOT NULL,
  `question_id` int(10) unsigned NOT NULL,
  `json` longtext COLLATE utf8_unicode_ci,
  `note` longblob,
  `order` int(10) unsigned NOT NULL,
  `time` int(10) unsigned NOT NULL DEFAULT '0',
  `done` tinyint(1) NOT NULL DEFAULT '0',
  `final_rating` decimal(11,1) unsigned DEFAULT NULL,
  `ignore_for_rating` tinyint(1) NOT NULL,
  PRIMARY KEY (`id`),
  UNIQUE KEY `unique_test_participants_has_questions` (`test_participant_id`,`question_id`),
  KEY `fk_test_participants_has_questions_test_participants1_idx` (`test_participant_id`),
  KEY `fk_test_participants_has_questions_questions1_idx` (`question_id`),
  CONSTRAINT `fk_test_participants_has_questions_questions1` FOREIGN KEY (`question_id`) REFERENCES `questions` (`id`) ON DELETE CASCADE ON UPDATE CASCADE,
  CONSTRAINT `fk_test_participants_has_questions_test_participants1` FOREIGN KEY (`test_participant_id`) REFERENCES `test_participants` (`id`) ON DELETE CASCADE ON UPDATE CASCADE
) ENGINE=InnoDB DEFAULT CHARSET=utf8 COLLATE=utf8_unicode_ci;

TRUNCATE TABLE `answers`;

LOCK TABLES `answers` WRITE;
/*!40000 ALTER TABLE `answers` DISABLE KEYS */;

INSERT INTO `answers` (`id`, `created_at`, `updated_at`, `deleted_at`, `test_participant_id`, `question_id`, `json`, `note`, `order`, `time`, `done`, `final_rating`, `ignore_for_rating`)
VALUES
	(1,'2019-02-27 14:38:24','2019-02-27 14:44:11',NULL,3,10,'{\"value\":\"test\"}',NULL,1,6,1,5.0,0),
	(2,'2019-02-27 14:38:24','2019-02-27 14:44:11',NULL,3,15,'{\"0\":\"test\"}',NULL,2,1,1,5.0,0),
	(3,'2019-02-27 14:38:24','2019-02-27 14:44:11',NULL,3,11,'{\"value\":\"open kort antwoord\"}',NULL,3,6,1,5.0,0),
	(4,'2019-02-27 14:38:24','2019-02-27 14:44:11',NULL,3,16,'{\"2\":\"0\",\"1\":\"1\",\"3\":\"0\"}',NULL,4,2,1,4.0,0),
	(5,'2019-02-27 14:38:24','2019-02-27 14:44:11',NULL,3,17,'{\"4\":\"3\",\"2\":\"1\"}',NULL,5,3,1,5.0,0),
	(6,'2019-02-27 14:38:24','2019-02-27 14:44:11',NULL,3,18,'{\"3\":\"2\",\"4\":\"3\",\"1\":\"0\",\"2\":\"1\"}',NULL,6,5,1,5.0,0),
	(7,'2019-02-27 14:39:38','2019-02-27 14:44:11',NULL,4,10,'{\"value\":\"asdasd\"}',NULL,1,1,1,1.0,0),
	(8,'2019-02-27 14:39:38','2019-02-27 14:44:11',NULL,4,15,'{\"0\":\"sddsd\"}',NULL,2,1,1,1.0,0),
	(9,'2019-02-27 14:39:38','2019-02-27 14:44:11',NULL,4,11,'{\"value\":\"sadasdsad\"}',NULL,3,1,1,0.0,0),
	(10,'2019-02-27 14:39:38','2019-02-27 14:44:11',NULL,4,16,'{\"2\":\"0\",\"1\":\"1\",\"3\":\"0\"}',NULL,4,2,1,4.0,0),
	(11,'2019-02-27 14:39:38','2019-02-27 14:44:11',NULL,4,17,'{\"2\":\"1\",\"4\":\"3\"}',NULL,5,4,1,5.0,0),
	(12,'2019-02-27 14:39:38','2019-02-27 14:44:11',NULL,4,18,'{\"4\":\"3\",\"2\":\"0\",\"1\":\"1\",\"3\":\"2\"}',NULL,6,3,1,1.0,0);

/*!40000 ALTER TABLE `answers` ENABLE KEYS */;
UNLOCK TABLES;


# Dump of table attachments
# ------------------------------------------------------------

DROP TABLE IF EXISTS `attachments`;

CREATE TABLE `attachments` (
  `id` int(10) unsigned NOT NULL AUTO_INCREMENT,
  `created_at` timestamp NOT NULL DEFAULT '0000-00-00 00:00:00',
  `updated_at` timestamp NOT NULL DEFAULT '0000-00-00 00:00:00',
  `deleted_at` timestamp NULL DEFAULT NULL,
  `type` varchar(45) COLLATE utf8_unicode_ci NOT NULL,
  `title` varchar(255) COLLATE utf8_unicode_ci DEFAULT NULL,
  `description` text COLLATE utf8_unicode_ci,
  `text` mediumtext COLLATE utf8_unicode_ci,
  `link` varchar(45) COLLATE utf8_unicode_ci DEFAULT NULL,
  `file_name` varchar(255) COLLATE utf8_unicode_ci DEFAULT NULL,
  `file_size` int(10) unsigned DEFAULT NULL,
  `file_mime_type` varchar(255) COLLATE utf8_unicode_ci DEFAULT NULL,
  `file_extension` varchar(10) COLLATE utf8_unicode_ci DEFAULT NULL,
  `json` text COLLATE utf8_unicode_ci,
  PRIMARY KEY (`id`)
) ENGINE=InnoDB DEFAULT CHARSET=utf8 COLLATE=utf8_unicode_ci;

TRUNCATE TABLE `answers`;

LOCK TABLES `attachments` WRITE;
/*!40000 ALTER TABLE `attachments` DISABLE KEYS */;

INSERT INTO `attachments` (`id`, `created_at`, `updated_at`, `deleted_at`, `type`, `title`, `description`, `text`, `link`, `file_name`, `file_size`, `file_mime_type`, `file_extension`, `json`)
VALUES
	(1,'2019-01-04 11:18:22','2019-01-04 11:18:22',NULL,'file','testmp3.mp3',NULL,NULL,NULL,'1546597100',108974,'audio/mpeg','','{\"pausable\":\"1\",\"play_once\":\"0\",\"timeout\":\"\"}');

/*!40000 ALTER TABLE `attachments` ENABLE KEYS */;
UNLOCK TABLES;


# Dump of table attainments
# ------------------------------------------------------------

DROP TABLE IF EXISTS `attainments`;

CREATE TABLE `attainments` (
  `id` int(10) unsigned NOT NULL AUTO_INCREMENT,
  `created_at` timestamp NOT NULL DEFAULT '0000-00-00 00:00:00',
  `updated_at` timestamp NOT NULL DEFAULT '0000-00-00 00:00:00',
  `deleted_at` timestamp NULL DEFAULT NULL,
  `base_subject_id` int(10) unsigned NOT NULL,
  `education_level_id` int(10) unsigned NOT NULL,
  `attainment_id` int(10) unsigned DEFAULT NULL,
  `code` varchar(45) COLLATE utf8_unicode_ci NOT NULL,
  `subcode` varchar(45) COLLATE utf8_unicode_ci DEFAULT NULL,
  `description` text COLLATE utf8_unicode_ci,
  `status` enum('ACTIVE','REPLACED','OLD') COLLATE utf8_unicode_ci NOT NULL DEFAULT 'ACTIVE',
  PRIMARY KEY (`id`),
  KEY `fk_attainments_base_subjects1_idx` (`base_subject_id`),
  KEY `fk_attainments_education_levels1_idx` (`education_level_id`),
  KEY `fk_attainments_attainments1_idx` (`attainment_id`),
  CONSTRAINT `fk_attainments_attainments1` FOREIGN KEY (`attainment_id`) REFERENCES `attainments` (`id`) ON DELETE SET NULL ON UPDATE CASCADE,
  CONSTRAINT `fk_attainments_base_subjects1` FOREIGN KEY (`base_subject_id`) REFERENCES `base_subjects` (`id`) ON DELETE CASCADE ON UPDATE CASCADE,
  CONSTRAINT `fk_attainments_education_levels1` FOREIGN KEY (`education_level_id`) REFERENCES `education_levels` (`id`) ON DELETE CASCADE ON UPDATE CASCADE
) ENGINE=InnoDB DEFAULT CHARSET=utf8 COLLATE=utf8_unicode_ci;

TRUNCATE TABLE `answers`;

# Dump of table average_ratings
# ------------------------------------------------------------

DROP TABLE IF EXISTS `average_ratings`;

CREATE TABLE `average_ratings` (
  `id` int(10) unsigned NOT NULL AUTO_INCREMENT,
  `created_at` timestamp NOT NULL DEFAULT '0000-00-00 00:00:00',
  `updated_at` timestamp NOT NULL DEFAULT '0000-00-00 00:00:00',
  `deleted_at` timestamp NULL DEFAULT NULL,
  `rating` decimal(8,4) unsigned NOT NULL,
  `user_id` int(10) unsigned NOT NULL,
  `school_class_id` int(10) unsigned NOT NULL,
  `subject_id` int(10) unsigned NOT NULL,
  PRIMARY KEY (`id`),
  KEY `fk_average_ratings_users1_idx` (`user_id`),
  KEY `fk_average_ratings_school_classes1_idx` (`school_class_id`),
  KEY `fk_average_ratings_subjects1_idx` (`subject_id`),
  CONSTRAINT `fk_average_ratings_school_classes1` FOREIGN KEY (`school_class_id`) REFERENCES `school_classes` (`id`) ON DELETE CASCADE ON UPDATE CASCADE,
  CONSTRAINT `fk_average_ratings_subjects1` FOREIGN KEY (`subject_id`) REFERENCES `subjects` (`id`) ON DELETE CASCADE ON UPDATE CASCADE,
  CONSTRAINT `fk_average_ratings_users1` FOREIGN KEY (`user_id`) REFERENCES `users` (`id`) ON DELETE CASCADE ON UPDATE CASCADE
) ENGINE=InnoDB DEFAULT CHARSET=utf8 COLLATE=utf8_unicode_ci;

TRUNCATE TABLE `answers`;

# Dump of table base_subjects
# ------------------------------------------------------------

DROP TABLE IF EXISTS `base_subjects`;

CREATE TABLE `base_subjects` (
  `id` int(10) unsigned NOT NULL AUTO_INCREMENT,
  `created_at` timestamp NOT NULL DEFAULT '0000-00-00 00:00:00',
  `updated_at` timestamp NOT NULL DEFAULT '0000-00-00 00:00:00',
  `deleted_at` timestamp NULL DEFAULT NULL,
  `name` varchar(45) COLLATE utf8_unicode_ci DEFAULT NULL,
  PRIMARY KEY (`id`)
) ENGINE=InnoDB DEFAULT CHARSET=utf8 COLLATE=utf8_unicode_ci;

TRUNCATE TABLE `answers`;

LOCK TABLES `base_subjects` WRITE;
/*!40000 ALTER TABLE `base_subjects` DISABLE KEYS */;

INSERT INTO `base_subjects` (`id`, `created_at`, `updated_at`, `deleted_at`, `name`)
VALUES
	(1,'2015-05-08 15:56:57','2015-05-08 15:56:57',NULL,'Nederlands'),
	(2,'2015-11-05 14:32:37','2015-11-05 14:32:37',NULL,'Fries'),
	(3,'2015-11-05 14:32:40','2015-11-05 14:32:40',NULL,'Grieks'),
	(4,'2015-11-05 14:32:41','2015-11-05 14:32:41',NULL,'Latijn'),
	(5,'2015-11-05 14:32:43','2015-11-05 14:32:43',NULL,'Wiskunde A'),
	(6,'2015-11-05 14:32:45','2015-11-05 14:32:45',NULL,'Wiskunde B'),
	(7,'2015-11-05 14:32:49','2015-11-05 14:32:49',NULL,'Wiskunde C'),
	(8,'2015-11-05 14:32:51','2015-11-05 14:32:51',NULL,'Wiskunde D'),
	(9,'2015-11-05 14:32:53','2015-11-05 14:32:53',NULL,'Natuurkunde'),
	(10,'2015-11-05 14:32:55','2015-11-05 14:32:55',NULL,'Scheikunde'),
	(11,'2015-11-05 14:32:57','2015-11-05 14:32:57',NULL,'Biologie'),
	(12,'2015-11-05 14:32:59','2015-11-05 14:32:59',NULL,'ANW'),
	(13,'2015-11-05 14:33:01','2015-11-05 14:33:01',NULL,'NLT'),
	(14,'2015-11-05 14:33:03','2015-11-05 14:33:03',NULL,'Informatica'),
	(15,'2015-11-05 14:33:05','2015-11-05 14:33:05',NULL,'Geschiedenis'),
	(16,'2015-11-05 14:33:07','2015-11-05 14:33:07',NULL,'Aardrijkskunde'),
	(17,'2015-11-05 14:33:08','2015-11-05 14:33:08',NULL,'Economie'),
	(18,'2015-11-05 14:33:10','2015-11-05 14:33:10',NULL,'Maatschappijwetenschappen'),
	(19,'2015-11-05 14:33:12','2015-11-05 14:33:12',NULL,'Maatschappijleer'),
	(20,'2015-11-05 14:33:14','2015-11-05 14:33:14',NULL,'Management en organisatie'),
	(21,'2015-11-05 14:33:15','2015-11-05 14:33:15',NULL,'Filosofie'),
	(22,'2015-11-05 14:33:17','2015-11-05 14:33:17',NULL,'Engels'),
	(23,'2015-11-05 14:33:19','2015-11-05 14:33:19',NULL,'Frans'),
	(24,'2015-11-05 14:33:21','2015-11-05 14:33:21',NULL,'Duits'),
	(25,'2015-11-05 14:33:22','2015-11-05 14:33:22',NULL,'Spaans'),
	(26,'2015-11-05 14:33:23','2015-11-05 14:33:23',NULL,'Wiskunde'),
	(27,'2015-11-05 14:33:25','2015-11-05 14:33:25',NULL,'NASK1'),
	(28,'2015-11-05 14:33:26','2015-11-05 14:33:26',NULL,'NASK2'),
	(29,'2016-09-01 14:07:30','2016-09-01 14:07:30',NULL,'ML2');

/*!40000 ALTER TABLE `base_subjects` ENABLE KEYS */;
UNLOCK TABLES;


# Dump of table completion_question_answer_links
# ------------------------------------------------------------

DROP TABLE IF EXISTS `completion_question_answer_links`;

CREATE TABLE `completion_question_answer_links` (
  `completion_question_id` int(10) unsigned NOT NULL,
  `completion_question_answer_id` int(10) unsigned NOT NULL,
  `created_at` timestamp NOT NULL DEFAULT '0000-00-00 00:00:00',
  `updated_at` timestamp NOT NULL DEFAULT '0000-00-00 00:00:00',
  `deleted_at` timestamp NULL DEFAULT NULL,
  PRIMARY KEY (`completion_question_id`,`completion_question_answer_id`),
  KEY `fk_completion_question_answer_links_completion_questions1_idx` (`completion_question_id`),
  KEY `fk_completion_question_answer_links_completion_question_ans_idx` (`completion_question_answer_id`),
  CONSTRAINT `fk_completion_question_answer_links_completion_question_answe1` FOREIGN KEY (`completion_question_answer_id`) REFERENCES `completion_question_answers` (`id`) ON DELETE CASCADE ON UPDATE CASCADE,
  CONSTRAINT `fk_completion_question_answer_links_completion_questions1` FOREIGN KEY (`completion_question_id`) REFERENCES `completion_questions` (`id`) ON DELETE CASCADE ON UPDATE CASCADE
) ENGINE=InnoDB DEFAULT CHARSET=utf8 COLLATE=utf8_unicode_ci;

TRUNCATE TABLE `answers`;

LOCK TABLES `completion_question_answer_links` WRITE;
/*!40000 ALTER TABLE `completion_question_answer_links` DISABLE KEYS */;

INSERT INTO `completion_question_answer_links` (`completion_question_id`, `completion_question_answer_id`, `created_at`, `updated_at`, `deleted_at`)
VALUES
	(13,1,'2019-01-04 11:40:09','2019-01-04 11:40:09',NULL),
	(13,2,'2019-01-04 11:40:09','2019-01-04 11:40:09',NULL),
	(13,3,'2019-01-04 11:40:09','2019-01-04 11:40:09',NULL),
	(13,4,'2019-01-04 11:40:09','2019-01-04 11:40:09',NULL),
	(13,5,'2019-01-04 11:40:09','2019-01-04 11:40:09',NULL),
	(13,6,'2019-01-04 11:40:09','2019-01-04 11:40:09',NULL),
	(13,7,'2019-01-04 11:40:09','2019-01-04 11:40:09',NULL),
	(13,8,'2019-01-04 11:40:10','2019-01-04 11:40:10',NULL),
	(13,9,'2019-01-04 11:40:10','2019-01-04 11:40:10',NULL),
	(13,10,'2019-01-04 11:40:10','2019-01-04 11:40:10',NULL),
	(13,11,'2019-01-04 11:40:10','2019-01-04 11:40:10',NULL),
	(15,12,'2019-01-21 07:57:43','2019-01-21 07:57:43',NULL);

/*!40000 ALTER TABLE `completion_question_answer_links` ENABLE KEYS */;
UNLOCK TABLES;


# Dump of table completion_question_answers
# ------------------------------------------------------------

DROP TABLE IF EXISTS `completion_question_answers`;

CREATE TABLE `completion_question_answers` (
  `id` int(10) unsigned NOT NULL AUTO_INCREMENT,
  `created_at` timestamp NOT NULL DEFAULT '0000-00-00 00:00:00',
  `updated_at` timestamp NOT NULL DEFAULT '0000-00-00 00:00:00',
  `deleted_at` timestamp NULL DEFAULT NULL,
  `tag` varchar(45) COLLATE utf8_unicode_ci DEFAULT NULL,
  `answer` varchar(255) COLLATE utf8_unicode_ci DEFAULT NULL,
  `correct` tinyint(1) NOT NULL,
  PRIMARY KEY (`id`)
) ENGINE=InnoDB DEFAULT CHARSET=utf8 COLLATE=utf8_unicode_ci;

TRUNCATE TABLE `answers`;

LOCK TABLES `completion_question_answers` WRITE;
/*!40000 ALTER TABLE `completion_question_answers` DISABLE KEYS */;

INSERT INTO `completion_question_answers` (`id`, `created_at`, `updated_at`, `deleted_at`, `tag`, `answer`, `correct`)
VALUES
	(1,'2019-01-04 11:40:09','2019-01-04 11:40:09',NULL,'1','gat1',1),
	(2,'2019-01-04 11:40:09','2019-01-04 11:40:09',NULL,'2','gat2',1),
	(3,'2019-01-04 11:40:09','2019-01-04 11:40:09',NULL,'3','gat3',1),
	(4,'2019-01-04 11:40:09','2019-01-04 11:40:09',NULL,'4','gat4',1),
	(5,'2019-01-04 11:40:09','2019-01-04 11:40:09',NULL,'5','gat5',1),
	(6,'2019-01-04 11:40:09','2019-01-04 11:40:09',NULL,'6','gat6',1),
	(7,'2019-01-04 11:40:09','2019-01-04 11:40:09',NULL,'7','gat7',1),
	(8,'2019-01-04 11:40:10','2019-01-04 11:40:10',NULL,'8','gat8',1),
	(9,'2019-01-04 11:40:10','2019-01-04 11:40:10',NULL,'9','gat9',1),
	(10,'2019-01-04 11:40:10','2019-01-04 11:40:10',NULL,'10','gat10',1),
	(11,'2019-01-04 11:40:10','2019-01-04 11:40:10',NULL,'11','gat11',1),
	(12,'2019-01-21 07:57:43','2019-01-21 07:57:43',NULL,'1','aa',1);

/*!40000 ALTER TABLE `completion_question_answers` ENABLE KEYS */;
UNLOCK TABLES;


# Dump of table completion_question_answers_5_1_2018
# ------------------------------------------------------------

DROP TABLE IF EXISTS `completion_question_answers_5_1_2018`;

CREATE TABLE `completion_question_answers_5_1_2018` (
  `id` int(10) unsigned NOT NULL AUTO_INCREMENT,
  `created_at` timestamp NOT NULL DEFAULT '0000-00-00 00:00:00',
  `updated_at` timestamp NOT NULL DEFAULT '0000-00-00 00:00:00',
  `deleted_at` timestamp NULL DEFAULT NULL,
  `tag` varchar(45) COLLATE utf8_unicode_ci DEFAULT NULL,
  `answer` varchar(255) COLLATE utf8_unicode_ci DEFAULT NULL,
  `correct` tinyint(1) NOT NULL,
  PRIMARY KEY (`id`)
) ENGINE=InnoDB DEFAULT CHARSET=utf8 COLLATE=utf8_unicode_ci;

TRUNCATE TABLE `answers`;

LOCK TABLES `completion_question_answers_5_1_2018` WRITE;
/*!40000 ALTER TABLE `completion_question_answers_5_1_2018` DISABLE KEYS */;

INSERT INTO `completion_question_answers_5_1_2018` (`id`, `created_at`, `updated_at`, `deleted_at`, `tag`, `answer`, `correct`)
VALUES
	(1,'2015-02-10 12:06:37','2015-02-10 12:06:37',NULL,'1','consectetur',0),
	(2,'2015-02-10 12:06:37','2015-02-10 12:06:37',NULL,'2','eleifend',0),
	(3,'2015-02-10 12:06:37','2015-02-10 12:06:37',NULL,'3','malesuada',0),
	(4,'2015-02-10 12:17:04','2015-02-10 12:44:39',NULL,'1','dsfgdsfg',0),
	(5,'2015-02-10 12:44:23','2015-02-10 12:44:39','2015-02-10 12:44:39','2','dsfgdsfg',0),
	(6,'2015-02-10 12:45:34','2015-02-10 12:59:16',NULL,'1','vraag',0),
	(7,'2015-02-10 12:59:03','2015-02-10 12:59:03',NULL,'2','andere',0),
	(8,'2015-02-10 13:04:18','2015-02-10 13:04:18',NULL,'1','sdfg',0),
	(9,'2015-02-10 13:04:18','2015-02-10 13:04:18',NULL,'2','dfsgdsfg',0),
	(10,'2015-02-10 17:14:14','2015-02-10 17:14:14',NULL,'1','gekke ',0),
	(11,'2015-02-10 17:14:14','2015-02-10 17:14:14',NULL,'2','woorden',0),
	(12,'2015-02-11 11:06:57','2015-02-11 11:06:57',NULL,'1','',0),
	(13,'2015-02-12 08:07:09','2015-02-12 08:07:09',NULL,'1','star',0),
	(14,'2015-02-12 08:07:09','2015-02-12 08:07:09',NULL,'2','are',0),
	(15,'2015-02-12 08:07:09','2015-02-12 08:07:09',NULL,'3','reaction',0),
	(16,'2015-02-12 08:07:09','2015-02-12 08:07:09',NULL,'4','',0),
	(17,'2015-02-12 08:07:09','2015-02-12 08:07:09',NULL,'5',' attraction',0),
	(18,'2015-02-12 14:28:26','2015-02-12 14:28:26',NULL,'1','gsdfg',0),
	(19,'2015-02-12 14:42:43','2015-02-12 14:42:43',NULL,'1','asdfsadf',0),
	(20,'2015-02-12 19:35:13','2015-02-12 19:35:13',NULL,'1','boat',0),
	(21,'2015-02-12 19:35:13','2015-02-12 19:35:13',NULL,'2','down',0),
	(22,'2015-02-12 19:35:13','2015-02-12 19:35:13',NULL,'3','dream',0),
	(23,'2015-02-14 09:46:24','2015-02-14 09:46:24',NULL,'1','aanvul',0),
	(24,'2015-02-14 09:46:24','2015-02-14 09:46:24',NULL,'2','woorden',0),
	(25,'2015-02-14 09:46:24','2015-02-14 09:46:24',NULL,'3','worden',0),
	(26,'2015-02-14 09:59:56','2015-02-14 09:59:56',NULL,'1','aanvul-vraag',0),
	(27,'2015-02-14 15:43:28','2015-02-14 15:43:28',NULL,'1','vlieg',0),
	(28,'2015-02-14 15:43:28','2015-02-14 15:43:28',NULL,'2','gemaakt',0),
	(29,'2015-02-14 15:44:26','2015-02-14 15:44:26',NULL,'1','denneboom',0),
	(30,'2015-02-14 15:44:26','2015-02-14 15:44:26',NULL,'2','denneboom',0),
	(31,'2015-02-14 15:44:26','2015-02-14 15:44:26',NULL,'3','wonderschoon',0),
	(32,'2015-02-16 06:50:39','2015-02-16 06:50:39',NULL,'1','woorden',0),
	(33,'2015-02-17 09:20:32','2015-02-17 09:20:32',NULL,'1','Piet ',0),
	(34,'2015-02-17 09:20:32','2015-02-17 09:20:32',NULL,'2','Piet',0),
	(35,'2015-02-19 17:17:16','2015-02-19 17:17:16',NULL,'1','woorden',0),
	(36,'2015-02-19 17:17:16','2015-02-19 17:17:16',NULL,'2','',0),
	(37,'2015-03-03 12:46:59','2015-03-03 12:46:59',NULL,'1','strottenhoofd',0),
	(38,'2015-03-03 12:46:59','2015-03-03 12:46:59',NULL,'2','longen',0),
	(39,'2015-03-03 12:46:59','2015-03-03 12:46:59',NULL,'3','Slokdarm',0),
	(40,'2015-03-03 12:46:59','2015-03-03 12:46:59',NULL,'4','Slokdarm',0),
	(41,'2015-03-03 12:46:59','2015-03-03 12:46:59',NULL,'5','Buikvlies',0),
	(42,'2015-03-03 12:46:59','2015-03-03 12:46:59',NULL,'6','Lever',0),
	(43,'2015-03-03 12:46:59','2015-03-03 12:46:59',NULL,'7','Mild',0),
	(44,'2015-03-03 12:46:59','2015-03-03 12:46:59',NULL,'8','Dikke darm',0),
	(45,'2015-03-03 12:46:59','2015-03-03 12:46:59',NULL,'9','Dunne darm',0),
	(46,'2015-03-03 12:47:33','2015-03-03 12:47:33',NULL,'1','TEst',0),
	(47,'2015-03-03 12:58:12','2015-03-03 12:58:12',NULL,'1','koolhydraten',0),
	(48,'2015-03-03 12:58:12','2015-03-03 12:58:12',NULL,'2','',0),
	(49,'2015-03-03 12:58:12','2015-03-03 12:58:12',NULL,'3','Joule',0),
	(50,'2015-03-03 12:58:12','2015-03-03 12:58:12',NULL,'4','cytoplasma',0),
	(51,'2015-03-03 12:58:12','2015-03-03 12:58:12',NULL,'5','ijzer ',0),
	(52,'2015-03-03 12:58:12','2015-03-03 12:58:12',NULL,'6','vegetariër',0),
	(53,'2015-03-03 13:41:51','2015-03-03 13:41:51',NULL,'1','1',0),
	(54,'2015-03-03 13:41:51','2015-03-03 13:41:51',NULL,'2','2',0),
	(55,'2015-03-03 13:41:51','2015-03-03 13:41:51',NULL,'3','3',0),
	(56,'2015-03-03 13:41:51','2015-03-03 13:41:51',NULL,'4','4',0),
	(57,'2015-03-03 15:17:43','2015-03-03 15:17:43',NULL,'1','strottenhoofd',0),
	(58,'2015-03-03 15:17:43','2015-03-03 15:17:43',NULL,'2','longen',0),
	(59,'2015-03-03 15:17:43','2015-03-03 15:17:43',NULL,'3','Slokdarm',0),
	(60,'2015-03-03 15:17:43','2015-03-03 15:17:43',NULL,'4','Slokdarm',0),
	(61,'2015-03-03 15:17:43','2015-03-03 15:17:43',NULL,'5','Buikvlies',0),
	(62,'2015-03-03 15:17:43','2015-03-03 15:17:43',NULL,'6','Lever',0),
	(63,'2015-03-03 15:17:43','2015-03-03 15:17:43',NULL,'7','Mild',0),
	(64,'2015-03-03 15:17:43','2015-03-03 15:17:43',NULL,'8','Dikke darm',0),
	(65,'2015-03-03 15:17:43','2015-03-03 15:17:43',NULL,'9','Dunne darm',0),
	(66,'2015-03-04 08:01:11','2015-03-04 08:01:11',NULL,'1','vraag',0),
	(67,'2015-03-04 08:01:11','2015-03-04 08:01:11',NULL,'2','dikgedrukte',0),
	(68,'2015-03-04 14:15:27','2015-03-04 14:15:27',NULL,'1','strottenhoofd',0),
	(69,'2015-03-04 14:15:27','2015-03-04 14:15:27',NULL,'2','longen',0),
	(70,'2015-03-04 14:15:27','2015-03-04 14:15:27',NULL,'3','Slokdarm',0),
	(71,'2015-03-04 14:15:27','2015-03-04 14:15:27',NULL,'4','Slokdarm',0),
	(72,'2015-03-04 14:15:27','2015-03-04 14:15:27',NULL,'5','Buikvlies',0),
	(73,'2015-03-04 14:15:27','2015-03-04 14:15:27',NULL,'6','Lever',0),
	(74,'2015-03-04 14:15:27','2015-03-04 14:15:27',NULL,'7','Mild',0),
	(75,'2015-03-04 14:15:27','2015-03-04 14:15:27',NULL,'8','Dikke darm',0),
	(76,'2015-03-04 14:15:27','2015-03-04 14:15:27',NULL,'9','Dunne darm',0),
	(77,'2015-03-04 14:24:05','2015-03-04 14:24:05',NULL,'1','koolhydraten',0),
	(78,'2015-03-04 14:24:05','2015-03-04 14:24:05',NULL,'2','',0),
	(79,'2015-03-04 14:24:05','2015-03-04 14:24:05',NULL,'3','Joule',0),
	(80,'2015-03-04 14:24:05','2015-03-04 14:24:05',NULL,'4','cytoplasma',0),
	(81,'2015-03-04 14:24:05','2015-03-04 14:24:05',NULL,'5','ijzer ',0),
	(82,'2015-03-04 14:24:05','2015-03-04 14:24:05',NULL,'6','vegetariër',0),
	(83,'2015-03-04 15:55:24','2015-03-04 15:55:24',NULL,'1','1',0),
	(84,'2015-03-04 15:55:24','2015-03-04 15:55:24',NULL,'2','2',0),
	(85,'2015-03-04 15:55:24','2015-03-04 15:55:24',NULL,'3','3',0),
	(86,'2015-03-04 15:55:24','2015-03-04 15:55:24',NULL,'4','4',0),
	(87,'2015-03-04 15:55:24','2015-03-04 15:55:24',NULL,'1','strottenhoofd',0),
	(88,'2015-03-04 15:55:24','2015-03-04 15:55:24',NULL,'2','longen',0),
	(89,'2015-03-04 15:55:24','2015-03-04 15:55:24',NULL,'3','Slokdarm',0),
	(90,'2015-03-04 15:55:24','2015-03-04 15:55:24',NULL,'4','Slokdarm',0),
	(91,'2015-03-04 15:55:24','2015-03-04 15:55:24',NULL,'5','Buikvlies',0),
	(92,'2015-03-04 15:55:24','2015-03-04 15:55:24',NULL,'6','Lever',0),
	(93,'2015-03-04 15:55:24','2015-03-04 15:55:24',NULL,'7','Mild',0),
	(94,'2015-03-04 15:55:24','2015-03-04 15:55:24',NULL,'8','Dikke darm',0),
	(95,'2015-03-04 15:55:24','2015-03-04 15:55:24',NULL,'9','Dunne darm',0),
	(96,'2015-03-05 16:06:15','2015-03-05 16:06:15',NULL,'1','gatentekst',0),
	(97,'2015-03-05 16:06:57','2015-03-05 16:06:57',NULL,'1','gatentekst',0),
	(98,'2015-03-05 16:06:57','2015-03-05 16:06:57',NULL,'2','twee',0),
	(99,'2015-03-05 20:42:53','2015-03-05 20:42:53',NULL,'1','koolhydraten',0),
	(100,'2015-03-05 20:42:53','2015-03-05 20:42:53',NULL,'2','',0),
	(101,'2015-03-05 20:42:53','2015-03-05 20:42:53',NULL,'3','Joule',0),
	(102,'2015-03-05 20:42:53','2015-03-05 20:42:53',NULL,'4','cytoplasma',0),
	(103,'2015-03-05 20:42:53','2015-03-05 20:42:53',NULL,'5','ijzer ',0),
	(104,'2015-03-05 20:42:53','2015-03-05 20:42:53',NULL,'6','vegetariër',0),
	(105,'2015-03-06 12:02:37','2015-03-06 12:02:37',NULL,'1','woorden',0),
	(106,'2015-03-06 12:02:37','2015-03-06 12:02:37',NULL,'2','ingevuld',0),
	(107,'2015-03-06 18:17:02','2015-03-06 18:17:02',NULL,'1','eens',0),
	(108,'2015-03-06 18:17:30','2015-03-06 18:17:51',NULL,'1','kabouter',0),
	(109,'2015-03-06 18:17:30','2015-03-06 18:17:51',NULL,'2','paddestoel',0),
	(110,'2015-03-06 18:19:24','2015-03-06 18:19:24',NULL,'1','test',0),
	(111,'2015-03-07 09:17:35','2015-03-07 09:17:35',NULL,'1','broer',0),
	(112,'2015-03-07 09:17:35','2015-03-07 09:17:35',NULL,'2','middelste broer',0),
	(113,'2015-03-07 09:17:35','2015-03-07 09:17:35',NULL,'3','verreweg de jongste broer',0),
	(114,'2015-03-07 09:20:14','2015-03-07 09:20:14',NULL,'1','goed/slecht',0),
	(115,'2015-03-07 09:20:14','2015-03-07 09:20:14',NULL,'2','niet/wel',0),
	(116,'2015-03-10 11:39:07','2015-03-10 11:39:19',NULL,'1','aan',0),
	(117,'2015-03-10 11:39:07','2015-03-10 11:39:07',NULL,'2','woorden',0),
	(118,'2015-03-10 11:44:09','2015-03-10 11:44:09',NULL,'1','diebla',0),
	(119,'2015-03-10 12:57:02','2015-03-10 12:57:02',NULL,'1','Lisse',0),
	(120,'2015-03-10 12:57:02','2015-03-10 12:57:02',NULL,'2','2000',0),
	(121,'2015-03-10 12:57:02','2015-03-10 12:57:02',NULL,'3','schoolband',0),
	(122,'2015-03-10 12:57:02','2015-03-10 12:57:02',NULL,'4','directeur',0),
	(123,'2015-03-10 12:57:02','2015-03-10 12:57:02',NULL,'5','mavo',0),
	(124,'2015-03-10 13:56:45','2015-03-10 13:56:45',NULL,'1','dsfg',0),
	(125,'2015-03-10 16:20:22','2015-03-10 16:20:22',NULL,'1','Lisse',0),
	(126,'2015-03-10 16:20:22','2015-03-10 16:20:22',NULL,'2','2000',0),
	(127,'2015-03-10 16:20:22','2015-03-10 16:20:22',NULL,'3','schoolband',0),
	(128,'2015-03-10 16:20:22','2015-03-10 16:20:22',NULL,'4','directeur',0),
	(129,'2015-03-10 16:20:22','2015-03-10 16:20:22',NULL,'5','mavo',0),
	(130,'2015-03-10 16:25:33','2015-03-10 16:25:33',NULL,'1','dinsdag ',0),
	(131,'2015-03-10 16:25:33','2015-03-10 16:25:33',NULL,'2','Opstelten ',0),
	(132,'2015-03-10 16:25:33','2015-03-10 16:25:33',NULL,'3','Fred ',0),
	(133,'2015-03-10 16:25:33','2015-03-10 16:25:33',NULL,'4','Teeven ',0),
	(134,'2015-03-12 22:12:02','2015-03-12 22:12:02',NULL,'1','sdfg',0),
	(135,'2015-03-17 11:42:38','2015-03-17 11:42:38',NULL,'1','gek',0),
	(136,'2015-03-17 11:49:01','2015-03-17 11:49:01',NULL,'1','gek',0),
	(137,'2015-03-17 11:55:03','2015-03-17 11:55:03',NULL,'1','een',0),
	(138,'2015-03-17 11:55:03','2015-03-17 11:55:03',NULL,'2','vraag',0),
	(139,'2015-03-17 11:55:03','2015-03-17 11:55:03',NULL,'3','soort',0),
	(140,'2015-03-17 11:55:03','2015-03-17 11:55:03',NULL,'4','gaten',0),
	(141,'2015-03-17 11:55:03','2015-03-17 11:55:03',NULL,'5','',0),
	(142,'2015-03-17 12:21:52','2015-03-17 12:21:52',NULL,'1','gek',0),
	(143,'2015-03-17 13:22:21','2015-03-17 13:22:21',NULL,'1','woorden',0),
	(144,'2015-03-17 13:22:21','2015-03-17 13:22:21',NULL,'2','ingevuld',0),
	(145,'2015-03-17 15:58:54','2015-03-17 15:58:54',NULL,'1','half',0),
	(146,'2015-03-17 16:03:07','2015-03-17 16:03:07',NULL,'1','formidabel',0),
	(147,'2015-03-17 16:03:28','2015-03-17 16:09:11',NULL,'1','Ik ',0),
	(148,'2015-03-17 16:03:28','2015-03-17 16:09:11',NULL,'2','leuk ',0),
	(149,'2015-03-17 16:09:11','2015-03-17 16:09:11',NULL,'3','bedacht',0),
	(150,'2015-03-17 16:35:49','2015-03-17 16:35:49',NULL,'1','snaarinstrument',0),
	(151,'2015-03-17 16:36:47','2015-03-17 16:36:47',NULL,'1','73,3',0),
	(152,'2015-03-17 16:37:12','2015-03-17 16:37:12',NULL,'1','16,7',0),
	(153,'2015-03-17 16:38:00','2015-03-17 16:38:00',NULL,'1','10,4',0),
	(154,'2015-03-18 19:46:41','2015-03-18 19:46:41',NULL,'1','',0),
	(155,'2015-03-18 19:46:41','2015-03-18 19:46:41',NULL,'2','',0),
	(156,'2015-03-18 19:46:41','2015-03-18 19:46:41',NULL,'3','mobile',0),
	(157,'2015-03-19 13:24:29','2015-03-19 13:24:29',NULL,'1','gaten ',0),
	(158,'2015-03-19 13:24:29','2015-03-19 13:24:29',NULL,'2','Ja ',0),
	(159,'2015-03-19 13:24:29','2015-03-19 13:24:29',NULL,'3','zeker',0),
	(160,'2015-03-19 13:24:59','2015-03-19 13:24:59',NULL,'1','correct',0),
	(161,'2015-03-20 12:30:53','2015-03-20 12:30:53',NULL,'1','Hans',0),
	(162,'2015-03-25 11:35:40','2015-03-25 11:35:40',NULL,'1','gek',0),
	(163,'2015-03-25 21:27:03','2015-03-25 21:27:03',NULL,'1','gek',0),
	(164,'2015-03-26 16:07:14','2015-03-26 16:07:14',NULL,'1','Ik ',0),
	(165,'2015-03-26 16:07:14','2015-03-26 16:07:14',NULL,'2','leuk ',0),
	(166,'2015-03-26 16:07:14','2015-03-26 16:07:14',NULL,'3','bedacht',0),
	(167,'2015-03-26 16:07:14','2015-03-26 16:07:14',NULL,'1','73,3',0),
	(168,'2015-03-26 16:07:14','2015-03-26 16:07:14',NULL,'1','16,7',0),
	(169,'2015-03-26 16:07:14','2015-03-26 16:07:14',NULL,'1','10,4',0),
	(170,'2015-04-01 07:39:56','2015-04-01 07:39:56',NULL,'1','mensen ',0),
	(171,'2015-04-01 07:39:56','2015-04-01 07:39:56',NULL,'2','onderzoek ',0),
	(172,'2015-04-01 07:39:56','2015-04-01 07:39:56',NULL,'3','causale ',0),
	(173,'2015-04-07 12:11:45','2015-04-07 12:11:45',NULL,'1','dinsdag ',0),
	(174,'2015-04-07 12:11:45','2015-04-07 12:11:45',NULL,'2','Opstelten ',0),
	(175,'2015-04-07 12:11:45','2015-04-07 12:11:45',NULL,'3','Fred ',0),
	(176,'2015-04-07 12:11:45','2015-04-07 12:11:45',NULL,'4','Teeven ',0),
	(177,'2015-04-07 12:11:45','2015-04-07 12:11:45',NULL,'1','broer',0),
	(178,'2015-04-07 12:11:45','2015-04-07 12:11:45',NULL,'2','middelste broer',0),
	(179,'2015-04-07 12:11:45','2015-04-07 12:11:45',NULL,'3','verreweg de jongste broer',0),
	(180,'2015-04-07 12:11:45','2015-04-07 12:11:45',NULL,'1','goed/slecht',0),
	(181,'2015-04-07 12:11:45','2015-04-07 12:11:45',NULL,'2','niet/wel',0),
	(182,'2015-05-09 09:24:38','2015-05-09 09:24:38',NULL,'1','eerste',1),
	(183,'2015-05-09 09:24:38','2015-05-09 09:24:38',NULL,'2','vierde',1),
	(184,'2015-05-09 09:24:38','2015-05-09 09:24:38',NULL,'3','zevende',1),
	(185,'2015-05-09 09:24:38','2015-05-09 09:24:38',NULL,'4','twaalfde',1),
	(186,'2015-05-09 09:24:38','2015-05-09 09:24:38',NULL,'5','dertiende',1),
	(187,'2015-05-09 09:24:38','2015-05-09 09:24:38',NULL,'6','eenentwintigste',1),
	(188,'2015-05-09 09:24:38','2015-05-09 09:24:38',NULL,'7','vierentwintigste',1),
	(189,'2015-05-09 09:28:50','2015-05-09 09:28:50',NULL,'1','vierde',1),
	(190,'2015-05-09 09:28:50','2015-05-09 09:28:50',NULL,'2','vijfde',1),
	(191,'2015-05-09 10:30:56','2015-05-09 10:30:56',NULL,'1','Amsterdam',1),
	(192,'2015-05-09 10:30:56','2015-05-09 10:30:56',NULL,'1','Rotterdam',0),
	(193,'2015-05-09 10:30:56','2015-05-09 10:30:56',NULL,'1','Den Haag',0),
	(194,'2015-05-09 10:30:56','2015-05-09 10:30:56',NULL,'1','Zutphen',0),
	(195,'2015-05-09 10:30:56','2015-05-09 10:30:56',NULL,'2','Brussel',1),
	(196,'2015-05-09 10:30:56','2015-05-09 10:30:56',NULL,'2','Luik',0),
	(197,'2015-05-09 10:30:56','2015-05-09 10:30:56',NULL,'2','Duinkerken',0),
	(198,'2015-05-09 10:30:56','2015-05-09 10:30:56',NULL,'2','Antwerpen',0),
	(199,'2015-05-09 10:30:57','2015-05-09 10:30:57',NULL,'2','Ieper',0),
	(200,'2015-05-09 10:30:57','2015-05-09 10:30:57',NULL,'3','Berlijn',1),
	(201,'2015-05-09 10:30:57','2015-05-09 10:30:57',NULL,'3','Keulen',0),
	(202,'2015-05-09 10:30:57','2015-05-09 10:30:57',NULL,'3','Bonn',0),
	(203,'2015-05-09 10:30:57','2015-05-09 10:30:57',NULL,'3','Kall',0),
	(204,'2015-05-09 10:30:57','2015-05-09 10:30:57',NULL,'3','Euskirchen',0),
	(205,'2015-05-09 10:30:57','2015-05-09 10:30:57',NULL,'3','Neurenberg',0),
	(206,'2015-05-09 10:30:57','2015-05-09 10:30:57',NULL,'3','Auschwitz',0),
	(207,'2015-05-09 10:30:57','2015-05-09 10:30:57',NULL,'3','Hamburg',0),
	(208,'2015-05-09 10:30:57','2015-05-09 10:30:57',NULL,'3','Sötenich',0),
	(209,'2015-05-09 10:30:57','2015-05-09 10:30:57',NULL,'3','Freiburg',0),
	(210,'2015-05-09 10:30:57','2015-05-09 10:30:57',NULL,'4','Ankara',1),
	(211,'2015-05-09 10:30:57','2015-05-09 10:30:57',NULL,'4','Istanbul',0),
	(212,'2015-05-09 10:30:57','2015-05-09 10:30:57',NULL,'5','Teheran',1),
	(213,'2015-05-09 10:30:57','2015-05-09 10:30:57',NULL,'5','Isfahan',0),
	(214,'2015-05-12 19:17:11','2015-05-12 19:17:11',NULL,'1','tweede',1),
	(215,'2015-05-12 19:22:13','2015-05-12 19:22:13',NULL,'1','tweede',1),
	(216,'2015-05-12 19:22:13','2015-05-12 19:22:13',NULL,'2','achtste',1),
	(217,'2015-05-12 19:22:13','2015-05-12 19:22:13',NULL,'3','tiende',1),
	(218,'2015-05-12 19:22:13','2015-05-12 19:22:13',NULL,'4','dertiende',1),
	(219,'2015-05-12 19:22:13','2015-05-12 19:22:13',NULL,'5','vijftiende',1),
	(220,'2015-05-12 19:22:13','2015-05-12 19:22:13',NULL,'6','zeventiende',1),
	(221,'2015-05-12 19:22:13','2015-05-12 19:22:13',NULL,'7','negentiende',1),
	(222,'2015-05-12 19:22:13','2015-05-12 19:22:13',NULL,'8','éénentwintigste',1),
	(223,'2015-05-12 19:22:13','2015-05-12 19:22:13',NULL,'9','tweeentwintigste',1),
	(224,'2015-05-12 19:22:13','2015-05-12 19:22:13',NULL,'10','drieentwintigste',1),
	(225,'2015-05-12 19:22:13','2015-05-12 19:22:13',NULL,'11','31',1),
	(226,'2015-05-12 19:22:13','2015-05-12 19:22:13',NULL,'12','33',1),
	(227,'2015-05-12 19:22:13','2015-05-12 19:22:13',NULL,'13','35',1),
	(228,'2015-05-12 19:22:13','2015-05-12 19:22:13',NULL,'14','37',1),
	(229,'2015-05-12 19:22:13','2015-05-12 19:22:13',NULL,'15','39',1),
	(230,'2015-05-12 19:22:13','2015-05-12 19:22:13',NULL,'16','41',1),
	(231,'2015-05-12 19:22:13','2015-05-12 19:22:13',NULL,'17','43',1),
	(232,'2015-05-12 19:22:13','2015-05-12 19:22:13',NULL,'18','45',1),
	(233,'2015-05-12 19:22:13','2015-05-12 19:22:13',NULL,'19','47',1),
	(234,'2015-05-12 19:22:13','2015-05-12 19:22:13',NULL,'20','49',1),
	(235,'2015-05-12 19:23:50','2015-05-12 19:23:50',NULL,'1','Rutte',1),
	(236,'2015-05-12 20:03:02','2015-05-12 20:04:13','2015-05-12 20:04:13','1','anus',1),
	(237,'2015-05-12 20:03:02','2015-05-12 20:04:13','2015-05-12 20:04:13','1','mond',0),
	(238,'2015-05-12 20:03:03','2015-05-12 20:04:13','2015-05-12 20:04:13','2','Dikke',1),
	(239,'2015-05-12 20:03:03','2015-05-12 20:04:13','2015-05-12 20:04:13','2','Dunne',0),
	(240,'2015-05-12 20:04:13','2015-05-12 20:04:13',NULL,'1','Dikke',1),
	(241,'2015-05-12 20:04:13','2015-05-12 20:04:13',NULL,'1','Dunne',0),
	(242,'2015-05-12 20:04:13','2015-05-12 20:04:13',NULL,'2','anus',1),
	(243,'2015-05-12 20:04:13','2015-05-12 20:04:13',NULL,'2','mond',0),
	(244,'2015-05-12 20:04:13','2015-05-12 20:04:13',NULL,'3','besmetten',1),
	(245,'2015-05-12 20:04:13','2015-05-12 20:04:13',NULL,'3','belasten',0),
	(246,'2015-05-12 20:06:50','2015-05-12 20:06:50',NULL,'1','vies',1),
	(247,'2015-05-12 20:06:50','2015-05-12 20:06:50',NULL,'1','schoon',0),
	(248,'2015-05-12 20:06:50','2015-05-12 20:06:50',NULL,'2','vind',1),
	(249,'2015-05-12 20:06:50','2015-05-12 20:06:50',NULL,'2','zingt',0),
	(250,'2015-05-12 20:07:48','2015-05-12 20:07:48',NULL,'1','drie',1),
	(251,'2015-05-12 20:07:48','2015-05-12 20:07:48',NULL,'1','vijf',0),
	(252,'2015-05-18 13:38:14','2015-05-18 13:38:14',NULL,'1','Amsterdam',1),
	(253,'2015-05-18 13:38:14','2015-05-18 13:38:14',NULL,'1','Rotterdam',0),
	(254,'2015-05-18 13:38:14','2015-05-18 13:38:14',NULL,'1','Delft',0),
	(255,'2015-05-18 13:38:14','2015-05-18 13:38:14',NULL,'1','Den Haag',0),
	(256,'2015-05-18 13:38:14','2015-05-18 13:38:14',NULL,'2','Berlijn',1),
	(257,'2015-05-18 13:38:14','2015-05-18 13:38:14',NULL,'2','Warschau',0),
	(258,'2015-05-18 13:38:14','2015-05-18 13:38:14',NULL,'2','Praag',0),
	(259,'2015-05-19 14:54:59','2015-05-19 14:54:59',NULL,'1','gatentekst',1),
	(260,'2015-05-19 14:57:07','2015-05-19 14:57:07',NULL,'1','selectievraag',1),
	(261,'2015-05-19 14:57:07','2015-05-19 14:57:07',NULL,'1','tekenvraag',0),
	(262,'2015-05-23 19:37:59','2015-05-23 19:37:59',NULL,'1','testen',1),
	(263,'2015-05-25 20:45:00','2015-05-25 20:45:00',NULL,'1','activa',1),
	(264,'2015-05-25 20:45:00','2015-05-25 20:45:00',NULL,'1','passiva',0),
	(265,'2015-05-25 20:45:00','2015-05-25 20:45:00',NULL,'2','passiva',1),
	(266,'2015-05-25 20:45:00','2015-05-25 20:45:00',NULL,'2','activa',0),
	(267,'2015-05-25 20:45:00','2015-05-25 20:45:00',NULL,'3','Debet',1),
	(268,'2015-05-25 20:45:00','2015-05-25 20:45:00',NULL,'3','Krediet',0),
	(269,'2015-05-25 20:45:00','2015-05-25 20:45:00',NULL,'4','Rood',1),
	(270,'2015-05-25 20:45:00','2015-05-25 20:45:00',NULL,'4','Zwart',0),
	(271,'2015-05-25 20:45:00','2015-05-25 20:45:00',NULL,'5','ingaande',1),
	(272,'2015-05-25 20:45:00','2015-05-25 20:45:00',NULL,'5','uitgaande',0),
	(273,'2015-05-25 20:45:00','2015-05-25 20:45:00',NULL,'6','Krediet',1),
	(274,'2015-05-25 20:45:00','2015-05-25 20:45:00',NULL,'6','Debet',0),
	(275,'2015-05-25 20:45:00','2015-05-25 20:45:00',NULL,'7','Zwart',1),
	(276,'2015-05-25 20:45:01','2015-05-25 20:45:01',NULL,'7','Rood',0),
	(277,'2015-05-25 20:45:01','2015-05-25 20:45:01',NULL,'8','uitgaande',1),
	(278,'2015-05-25 20:45:01','2015-05-25 20:45:01',NULL,'8','ingaande',0),
	(279,'2015-05-25 20:45:01','2015-05-25 20:45:01',NULL,'1','activa',1),
	(280,'2015-05-25 20:45:01','2015-05-25 20:45:01',NULL,'1','passiva',0),
	(281,'2015-05-25 20:45:01','2015-05-25 20:45:01',NULL,'2','passiva',1),
	(282,'2015-05-25 20:45:01','2015-05-25 20:45:01',NULL,'2','activa',0),
	(283,'2015-05-25 20:45:01','2015-05-25 20:45:01',NULL,'3','Debet',1),
	(284,'2015-05-25 20:45:01','2015-05-25 20:45:01',NULL,'3','Krediet',0),
	(285,'2015-05-25 20:45:01','2015-05-25 20:45:01',NULL,'4','Rood',1),
	(286,'2015-05-25 20:45:01','2015-05-25 20:45:01',NULL,'4','Zwart',0),
	(287,'2015-05-25 20:45:01','2015-05-25 20:45:01',NULL,'5','ingaande',1),
	(288,'2015-05-25 20:45:01','2015-05-25 20:45:01',NULL,'5','uitgaande',0),
	(289,'2015-05-25 20:45:01','2015-05-25 20:45:01',NULL,'6','Krediet',1),
	(290,'2015-05-25 20:45:01','2015-05-25 20:45:01',NULL,'6','Debet',0),
	(291,'2015-05-25 20:45:01','2015-05-25 20:45:01',NULL,'7','Zwart',1),
	(292,'2015-05-25 20:45:01','2015-05-25 20:45:01',NULL,'7','Rood',0),
	(293,'2015-05-25 20:45:01','2015-05-25 20:45:01',NULL,'8','uitgaande',1),
	(294,'2015-05-25 20:45:01','2015-05-25 20:45:01',NULL,'8','ingaande',0),
	(295,'2015-05-25 20:55:46','2015-05-25 20:55:46',NULL,'1','gatentekst',1),
	(296,'2015-05-25 20:55:46','2015-05-25 20:55:46',NULL,'2','behoren',1),
	(297,'2015-06-01 20:51:33','2015-06-01 20:51:33',NULL,'1','heeft',1),
	(298,'2015-06-01 21:07:04','2015-06-01 21:07:04',NULL,'1','wel',1),
	(299,'2015-06-01 21:07:04','2015-06-01 21:07:04',NULL,'1','niet',0),
	(300,'2015-06-01 21:07:04','2015-06-01 21:07:04',NULL,'2','niet',1),
	(301,'2015-06-01 21:07:04','2015-06-01 21:07:04',NULL,'2','wel',0),
	(302,'2015-06-01 21:09:57','2015-06-01 21:09:57',NULL,'1','niet ',1),
	(303,'2015-06-01 21:09:57','2015-06-01 21:09:57',NULL,'1','wel',0),
	(304,'2015-06-03 15:20:18','2015-06-03 15:20:18',NULL,'1','Transport',1),
	(305,'2015-06-03 15:20:18','2015-06-03 15:20:18',NULL,'2','parlementaire',1),
	(306,'2015-06-03 15:20:18','2015-06-03 15:20:18',NULL,'3','laat',1),
	(307,'2015-06-03 15:20:18','2015-06-03 15:20:18',NULL,'4','spoor',1),
	(308,'2015-06-03 15:20:18','2015-06-03 15:20:18',NULL,'5','inspecteren',1),
	(309,'2015-06-03 15:28:31','2015-06-03 15:28:31',NULL,'1','undefined',1),
	(310,'2015-06-03 15:28:31','2015-06-03 15:28:31',NULL,'2','1,2',1),
	(311,'2015-06-03 15:28:31','2015-06-03 15:28:31',NULL,'3','null',1),
	(312,'2015-06-03 15:31:42','2015-06-03 15:34:17','2015-06-03 15:34:17','1','hhhh',1),
	(313,'2015-06-03 15:32:04','2015-06-03 15:32:04',NULL,'1','1',1),
	(314,'2015-06-03 15:32:05','2015-06-03 15:32:05',NULL,'1','2',0),
	(315,'2015-06-03 15:32:05','2015-06-03 15:32:05',NULL,'1','3',0),
	(316,'2015-06-03 15:32:05','2015-06-03 15:32:05',NULL,'1','4',0),
	(317,'2015-06-03 15:32:05','2015-06-03 15:32:05',NULL,'1','5',0),
	(318,'2015-06-03 15:32:05','2015-06-03 15:32:05',NULL,'1','6',0),
	(319,'2015-06-03 15:32:05','2015-06-03 15:32:05',NULL,'1','7',0),
	(320,'2015-06-03 15:32:05','2015-06-03 15:32:05',NULL,'1','8',0),
	(321,'2015-06-03 15:32:05','2015-06-03 15:32:05',NULL,'1','9',0),
	(322,'2015-06-03 15:32:05','2015-06-03 15:32:05',NULL,'1','10',0),
	(323,'2015-06-03 15:34:17','2015-06-03 15:46:07','2015-06-03 15:46:07','1','1',1),
	(324,'2015-06-03 15:34:17','2015-06-03 15:46:07','2015-06-03 15:46:07','1','2',0),
	(325,'2015-06-03 15:34:17','2015-06-03 15:46:07','2015-06-03 15:46:07','2','hhhh',1),
	(326,'2015-06-03 15:34:30','2015-06-03 15:34:30',NULL,'1','1',1),
	(327,'2015-06-03 15:34:30','2015-06-03 15:34:30',NULL,'1','2',0),
	(328,'2015-06-03 15:34:30','2015-06-03 15:34:30',NULL,'2','2',1),
	(329,'2015-06-03 15:34:31','2015-06-03 15:34:31',NULL,'2','3',0),
	(330,'2015-06-03 15:34:31','2015-06-03 15:34:31',NULL,'3','4',1),
	(331,'2015-06-03 15:34:31','2015-06-03 15:34:31',NULL,'3','5',0),
	(332,'2015-06-03 15:46:07','2015-06-03 15:52:04','2015-06-03 15:52:04','1','1',1),
	(333,'2015-06-03 15:46:07','2015-06-03 15:52:04','2015-06-03 15:52:04','1','2',0),
	(334,'2015-06-03 15:46:07','2015-06-03 15:52:04','2015-06-03 15:52:04','2','hhhh',1),
	(335,'2015-06-03 15:49:18','2015-06-03 15:49:18',NULL,'1','stenengooier',1),
	(336,'2015-06-03 15:49:18','2015-06-03 15:49:18',NULL,'1','marokkaan',0),
	(337,'2015-06-03 15:49:18','2015-06-03 15:49:18',NULL,'2','jongeren',1),
	(338,'2015-06-03 15:49:18','2015-06-03 15:49:18',NULL,'2','marokkanen',0),
	(339,'2015-06-03 15:49:18','2015-06-03 15:49:18',NULL,'3','harder',1),
	(340,'2015-06-03 15:49:18','2015-06-03 15:49:18',NULL,'3','zachter',0),
	(341,'2015-06-03 15:49:18','2015-06-03 15:49:18',NULL,'4','jongens',1),
	(342,'2015-06-03 15:49:18','2015-06-03 15:49:18',NULL,'4','marokkanen',0),
	(343,'2015-06-03 15:49:18','2015-06-03 15:49:18',NULL,'5','ingooiden',1),
	(344,'2015-06-03 15:49:18','2015-06-03 15:49:18',NULL,'5','zeemden',0),
	(345,'2015-06-03 15:49:18','2015-06-03 15:49:18',NULL,'6','niet',1),
	(346,'2015-06-03 15:49:18','2015-06-03 15:49:18',NULL,'6','best wel',0),
	(347,'2015-06-03 15:49:18','2015-06-03 15:49:18',NULL,'7','doelwit',1),
	(348,'2015-06-03 15:49:18','2015-06-03 15:49:18',NULL,'7','versiert',0),
	(349,'2015-06-03 15:49:18','2015-06-03 15:49:18',NULL,'8','vernielingen',1),
	(350,'2015-06-03 15:49:18','2015-06-03 15:49:18',NULL,'8','versieringen',0),
	(351,'2015-06-03 15:49:18','2015-06-03 15:49:18',NULL,'9','ingooien',1),
	(352,'2015-06-03 15:49:19','2015-06-03 15:49:19',NULL,'9','zemen',0),
	(353,'2015-06-03 15:52:05','2015-06-03 16:26:17','2015-06-03 16:26:17','1','1',1),
	(354,'2015-06-03 15:52:05','2015-06-03 16:26:17','2015-06-03 16:26:17','1','2',0),
	(355,'2015-06-03 15:52:05','2015-06-03 16:26:17','2015-06-03 16:26:17','2','hhhh',1),
	(356,'2015-06-03 16:06:13','2015-06-03 16:07:28','2015-06-03 16:07:28','1','1',1),
	(357,'2015-06-03 16:06:13','2015-06-03 16:07:28','2015-06-03 16:07:28','1','2',0),
	(358,'2015-06-03 16:06:14','2015-06-03 16:07:28','2015-06-03 16:07:28','1','3',0),
	(359,'2015-06-03 16:07:28','2015-06-03 16:07:28',NULL,'1','1',1),
	(360,'2015-06-03 16:07:28','2015-06-03 16:07:28',NULL,'1','2',0),
	(361,'2015-06-03 16:07:28','2015-06-03 16:07:28',NULL,'1','3',0),
	(362,'2015-06-03 16:07:28','2015-06-03 16:07:28',NULL,'2','34',1),
	(363,'2015-06-03 16:07:28','2015-06-03 16:07:28',NULL,'2','2',0),
	(364,'2015-06-03 16:07:28','2015-06-03 16:07:28',NULL,'2','3',0),
	(365,'2015-06-03 16:07:28','2015-06-03 16:07:28',NULL,'2','2',0),
	(366,'2015-06-03 16:07:28','2015-06-03 16:07:28',NULL,'2','34',0),
	(367,'2015-06-03 16:07:28','2015-06-03 16:07:28',NULL,'2','34',0),
	(368,'2015-06-03 16:07:28','2015-06-03 16:07:28',NULL,'2','46',0),
	(369,'2015-06-03 16:07:28','2015-06-03 16:07:28',NULL,'2','546',0),
	(370,'2015-06-03 16:07:28','2015-06-03 16:07:28',NULL,'2','345',0),
	(371,'2015-06-03 16:07:28','2015-06-03 16:07:28',NULL,'2','345',0),
	(372,'2015-06-03 16:26:17','2015-06-03 16:26:17',NULL,'1','test',1),
	(373,'2015-06-03 16:26:18','2015-06-03 16:26:18',NULL,'1','test1',0),
	(374,'2015-06-03 16:26:18','2015-06-03 16:26:18',NULL,'2','hhhh',1),
	(375,'2015-06-11 11:19:30','2015-06-11 11:19:30',NULL,'1','China',1),
	(376,'2015-06-11 11:19:30','2015-06-11 11:19:30',NULL,'2','2',1),
	(377,'2015-06-11 11:29:24','2015-06-11 11:29:52','2015-06-11 11:29:52','1','long',1),
	(378,'2015-06-11 11:29:24','2015-06-11 11:29:52','2015-06-11 11:29:52','1','short',0),
	(379,'2015-06-11 11:29:24','2015-06-11 11:29:52','2015-06-11 11:29:52','2','end',1),
	(380,'2015-06-11 11:29:24','2015-06-11 11:29:52','2015-06-11 11:29:52','2','beginning',0),
	(381,'2015-06-11 11:29:24','2015-06-11 11:29:52','2015-06-11 11:29:52','2','middle',0),
	(382,'2015-06-11 11:29:24','2015-06-11 11:29:52','2015-06-11 11:29:52','2','start',0),
	(383,'2015-06-11 11:29:52','2015-06-11 11:29:52',NULL,'1','long',1),
	(384,'2015-06-11 11:29:52','2015-06-11 11:29:52',NULL,'1','short',0),
	(385,'2015-06-11 11:29:52','2015-06-11 11:29:52',NULL,'2','end',1),
	(386,'2015-06-11 11:29:52','2015-06-11 11:29:52',NULL,'2','beginning',0),
	(387,'2015-06-11 11:29:52','2015-06-11 11:29:52',NULL,'2','middle',0),
	(388,'2015-06-11 11:29:52','2015-06-11 11:29:52',NULL,'2','start',0),
	(389,'2015-07-23 11:08:15','2015-07-23 11:19:52','2015-07-23 11:19:52','1','mug',1),
	(390,'2015-07-23 11:19:52','2015-07-23 11:21:39','2015-07-23 11:21:39','1','mug',1),
	(391,'2015-07-23 11:19:52','2015-07-23 11:21:39','2015-07-23 11:21:39','2','insect',1),
	(392,'2015-07-23 11:19:52','2015-07-23 11:21:39','2015-07-23 11:21:39','3','mug',1),
	(393,'2015-07-23 11:19:52','2015-07-23 11:21:39','2015-07-23 11:21:39','4','mug',1),
	(394,'2015-07-23 11:19:52','2015-07-23 11:21:39','2015-07-23 11:21:39','5','mug',1),
	(395,'2015-07-23 11:21:39','2015-07-23 11:21:39',NULL,'1','mug',1),
	(396,'2015-07-23 11:21:39','2015-07-23 11:21:39',NULL,'2','mug',1),
	(397,'2015-07-23 11:21:39','2015-07-23 11:21:39',NULL,'3','insect',1),
	(398,'2015-07-23 11:21:39','2015-07-23 11:21:39',NULL,'4','mug',1),
	(399,'2015-07-23 11:21:39','2015-07-23 11:21:39',NULL,'5','mug',1),
	(400,'2015-07-23 11:21:39','2015-07-23 11:21:39',NULL,'6','mug',1),
	(401,'2015-07-23 11:21:39','2015-07-23 11:21:39',NULL,'7','mug',1),
	(402,'2015-07-23 11:21:39','2015-07-23 11:21:39',NULL,'8','mug',1),
	(403,'2015-07-23 11:21:40','2015-07-23 11:21:40',NULL,'9','mug',1),
	(404,'2015-07-23 11:21:40','2015-07-23 11:21:40',NULL,'10','gezoem',1),
	(405,'2015-07-23 12:02:42','2015-07-23 12:02:42',NULL,'1','Nijmegen',1),
	(406,'2015-07-23 12:02:42','2015-07-23 12:02:42',NULL,'1','Gouda',0),
	(407,'2015-07-23 12:02:42','2015-07-23 12:02:42',NULL,'1','New York',0),
	(408,'2015-07-23 12:02:42','2015-07-23 12:02:42',NULL,'2','Wandelbond',1),
	(409,'2015-07-23 12:02:42','2015-07-23 12:02:42',NULL,'2','Fietsbond',0),
	(410,'2015-07-23 12:02:42','2015-07-23 12:02:42',NULL,'2','Harloopvereniging',0),
	(411,'2015-07-23 12:02:42','2015-07-23 12:02:42',NULL,'3','heuvelachtig',1),
	(412,'2015-07-23 12:02:42','2015-07-23 12:02:42',NULL,'3','bergactig',0),
	(413,'2015-07-23 12:02:42','2015-07-23 12:02:42',NULL,'3','vlak',0),
	(414,'2015-07-23 12:02:42','2015-07-23 12:02:42',NULL,'3','druk',0),
	(415,'2015-07-23 12:02:42','2015-07-23 12:02:42',NULL,'4','Waal',1),
	(416,'2015-07-23 12:02:42','2015-07-23 12:02:42',NULL,'4','Maas',0),
	(417,'2015-07-23 12:02:42','2015-07-23 12:02:42',NULL,'4','Rijn',0),
	(418,'2015-07-23 12:02:42','2015-07-23 12:02:42',NULL,'4','Schie',0),
	(419,'2015-07-23 14:43:23','2015-07-23 14:43:23',NULL,'1','Ja',1),
	(420,'2015-07-23 14:43:23','2015-07-23 14:43:23',NULL,'2','Piet',1),
	(421,'2015-07-23 14:53:52','2015-07-23 14:53:52',NULL,'1','Ja',1),
	(422,'2015-07-23 14:53:52','2015-07-23 14:53:52',NULL,'1','Nee',0),
	(423,'2015-07-23 14:53:52','2015-07-23 14:53:52',NULL,'1','Koe',0),
	(424,'2015-07-29 08:07:56','2015-07-29 08:07:56',NULL,'1','ede',1),
	(425,'2015-07-30 11:44:55','2015-07-30 11:44:55',NULL,'1','Consumentenbond',1),
	(426,'2015-07-30 11:44:55','2015-07-30 11:44:55',NULL,'2','waarde',1),
	(427,'2015-07-30 11:44:56','2015-07-30 11:44:56',NULL,'3','installatie',1),
	(428,'2015-07-30 11:44:56','2015-07-30 11:44:56',NULL,'4','10',1),
	(429,'2015-07-31 13:56:24','2015-07-31 13:56:24',NULL,'1','privejets',1),
	(430,'2015-07-31 13:56:24','2015-07-31 13:56:24',NULL,'2','app',1),
	(431,'2015-08-06 08:29:26','2015-08-06 08:29:26',NULL,'1','Piet',1),
	(432,'2015-08-06 08:39:04','2015-08-06 08:39:04',NULL,'1','Ja',1),
	(433,'2015-08-06 08:39:04','2015-08-06 08:39:04',NULL,'1','Nee',0),
	(434,'2015-08-06 08:39:04','2015-08-06 08:39:04',NULL,'1','Weet niet',0),
	(435,'2015-08-06 08:52:58','2015-08-06 08:52:58',NULL,'1','Ja',1),
	(436,'2015-08-06 10:17:20','2015-08-06 10:17:20',NULL,'1','wrewr',1),
	(437,'2015-08-06 10:26:12','2015-08-06 10:32:19','2015-08-06 10:32:19','1','sa',1),
	(438,'2015-08-06 10:26:12','2015-08-06 10:32:19','2015-08-06 10:32:19','1','sa',0),
	(439,'2015-08-06 10:32:19','2015-08-06 10:32:59','2015-08-06 10:32:59','1','sa',1),
	(440,'2015-08-06 10:32:19','2015-08-06 10:32:59','2015-08-06 10:32:59','1','sa',0),
	(441,'2015-08-06 10:32:59','2015-08-06 10:32:59',NULL,'1','sa',1),
	(442,'2015-08-06 10:32:59','2015-08-06 10:32:59',NULL,'1','sa',0),
	(443,'2015-08-06 14:11:15','2015-08-06 14:11:15',NULL,'1','hak',1),
	(444,'2015-08-17 12:22:07','2015-08-17 12:22:07',NULL,'1','willen',1),
	(445,'2015-08-17 12:22:07','2015-08-17 12:22:07',NULL,'2','online',1),
	(446,'2015-08-19 10:12:37','2015-08-19 10:12:37',NULL,'1','48',1),
	(447,'2015-08-19 10:12:37','2015-08-19 10:12:37',NULL,'2','een derde (31 procent)',1),
	(448,'2015-08-19 10:12:37','2015-08-19 10:12:37',NULL,'3','half miljard',1),
	(449,'2015-08-19 10:12:37','2015-08-19 10:12:37',NULL,'4','1,4 miljoen',1),
	(450,'2015-08-19 14:06:29','2015-08-19 14:06:29',NULL,'1','Turkse',1),
	(451,'2015-08-19 14:06:29','2015-08-19 14:06:29',NULL,'1','Nederlandse',0),
	(452,'2015-08-19 14:06:30','2015-08-19 14:06:30',NULL,'1','Syrische',0),
	(453,'2015-08-19 14:06:30','2015-08-19 14:06:30',NULL,'1','Amerikaanse',0),
	(454,'2015-08-19 14:06:30','2015-08-19 14:06:30',NULL,'2','Turkije',1),
	(455,'2015-08-19 14:06:30','2015-08-19 14:06:30',NULL,'2','Verenigde Staten',0),
	(456,'2015-08-19 14:06:30','2015-08-19 14:06:30',NULL,'2','Nederland',0),
	(457,'2015-08-19 14:06:30','2015-08-19 14:06:30',NULL,'2','Syrië',0),
	(458,'2015-08-19 14:06:30','2015-08-19 14:06:30',NULL,'3','Turkse',1),
	(459,'2015-08-19 14:06:30','2015-08-19 14:06:30',NULL,'3','Nederlandse',0),
	(460,'2015-08-19 14:06:30','2015-08-19 14:06:30',NULL,'3','Amerikaanse',0),
	(461,'2015-08-19 14:06:30','2015-08-19 14:06:30',NULL,'3','Syrische',0),
	(462,'2015-08-28 06:37:23','2015-08-28 06:37:23',NULL,'1','werken',1),
	(463,'2015-08-28 06:40:58','2015-08-28 06:40:58',NULL,'1','Gaten',1),
	(464,'2015-08-28 06:45:58','2015-08-28 06:45:58',NULL,'1','juiste',1),
	(465,'2015-08-28 06:45:58','2015-08-28 06:45:58',NULL,'1','foute',0),
	(466,'2015-08-28 06:45:58','2015-08-28 06:45:58',NULL,'1','verkeerde',0),
	(467,'2015-09-09 11:08:03','2015-09-09 11:08:03',NULL,'1','Probleem',1),
	(468,'2015-09-09 11:08:03','2015-09-09 11:08:03',NULL,'2','new line',1),
	(469,'2015-09-09 12:07:42','2015-09-09 12:07:42',NULL,'1','iPad',1),
	(470,'2015-09-09 12:07:42','2015-09-09 12:07:42',NULL,'1','Commodore 64',0),
	(471,'2015-09-09 12:07:42','2015-09-09 12:07:42',NULL,'1','Super Nintendo',0),
	(472,'2015-09-09 12:07:42','2015-09-09 12:07:42',NULL,'2','werkt',1),
	(473,'2015-09-09 12:07:42','2015-09-09 12:07:42',NULL,'2','fietst',0),
	(474,'2015-09-10 12:54:59','2015-09-10 12:54:59',NULL,'1','software',1),
	(475,'2015-09-10 12:54:59','2015-09-10 12:54:59',NULL,'2','browser',1),
	(476,'2015-09-10 12:54:59','2015-09-10 12:54:59',NULL,'3','tijdstempel',1),
	(477,'2015-09-10 14:13:31','2015-09-10 14:13:31',NULL,'1','start',1),
	(478,'2015-09-15 11:54:35','2015-09-15 11:54:35',NULL,'1','zwijgen',1),
	(479,'2015-09-15 11:54:35','2015-09-15 11:54:35',NULL,'2','zwijgende',1),
	(480,'2015-09-15 11:54:35','2015-09-15 11:54:35',NULL,'3','mishandeling',1),
	(481,'2015-09-15 11:54:35','2015-09-15 11:54:35',NULL,'4','ogen',1),
	(482,'2015-09-15 11:54:35','2015-09-15 11:54:35',NULL,'5','reden',1),
	(483,'2015-09-15 11:54:38','2015-09-15 11:54:38',NULL,'1','zwijgen',1),
	(484,'2015-09-15 11:54:38','2015-09-15 11:54:38',NULL,'2','zwijgende',1),
	(485,'2015-09-15 11:54:38','2015-09-15 11:54:38',NULL,'3','mishandeling',1),
	(486,'2015-09-15 11:54:38','2015-09-15 11:54:38',NULL,'4','ogen',1),
	(487,'2015-09-15 11:54:38','2015-09-15 11:54:38',NULL,'5','reden',1),
	(488,'2015-09-15 12:03:40','2015-09-15 12:03:40',NULL,'1','Palestijnse',1),
	(489,'2015-09-15 12:03:40','2015-09-15 12:03:40',NULL,'1','Jordaanse',0),
	(490,'2015-09-15 12:03:40','2015-09-15 12:03:40',NULL,'2','Israelische',1),
	(491,'2015-09-15 12:03:40','2015-09-15 12:03:40',NULL,'2','Turkse',0),
	(492,'2015-09-15 12:37:41','2015-09-15 12:37:41',NULL,'1','weinig',1),
	(493,'2015-09-15 12:37:41','2015-09-15 12:37:41',NULL,'1','veel',0),
	(494,'2015-09-15 12:37:41','2015-09-15 12:37:41',NULL,'2','Fransman',1),
	(495,'2015-09-15 12:37:41','2015-09-15 12:37:41',NULL,'2','Nederlander',0),
	(496,'2015-09-15 12:37:41','2015-09-15 12:37:41',NULL,'2','Duitser',0),
	(497,'2015-09-15 12:37:41','2015-09-15 12:37:41',NULL,'2','Brit',0),
	(498,'2015-09-15 12:37:41','2015-09-15 12:37:41',NULL,'3','mensen',1),
	(499,'2015-09-15 12:37:41','2015-09-15 12:37:41',NULL,'3','dieren',0),
	(500,'2015-09-15 14:51:52','2015-09-15 14:51:52',NULL,'1','test',1),
	(501,'2015-09-15 14:53:15','2015-09-15 14:53:50','2015-09-15 14:53:50','1','<p>klopt ',1),
	(502,'2015-09-15 14:53:15','2015-09-15 14:53:50','2015-09-15 14:53:50','1','klopt',0),
	(503,'2015-09-15 14:53:16','2015-09-15 14:53:16',NULL,'1','<p>klopt ',1),
	(504,'2015-09-15 14:53:16','2015-09-15 14:53:16',NULL,'1','klopt',0),
	(505,'2015-09-15 14:53:50','2015-09-15 14:53:50',NULL,'1','</p><p>klopt ',1),
	(506,'2015-09-15 14:53:50','2015-09-15 14:53:50',NULL,'1','test ',0),
	(507,'2015-09-15 14:53:50','2015-09-15 14:53:50',NULL,'1',' klopt',0),
	(508,'2015-09-17 14:09:35','2015-09-17 14:09:35',NULL,'1','Koolstofdioxide',1),
	(509,'2015-09-17 14:09:35','2015-09-17 14:09:35',NULL,'2','Zuurstof',1),
	(510,'2015-09-24 13:46:15','2015-09-24 13:46:15',NULL,'1','koningin',1),
	(511,'2015-09-24 13:46:15','2015-09-24 13:46:15',NULL,'2','koningin',1),
	(512,'2015-09-24 13:46:15','2015-09-24 13:46:15',NULL,'3','agenda',1),
	(513,'2015-09-30 14:36:37','2015-12-21 12:14:39','2015-12-21 12:14:39','1','JA',1),
	(514,'2015-09-30 14:36:37','2015-12-21 12:14:39','2015-12-21 12:14:39','1','NEE',0),
	(515,'2015-09-30 14:50:09','2015-12-21 12:15:01','2015-12-21 12:15:01','1','WEL',1),
	(516,'2015-09-30 14:50:09','2015-12-21 12:15:01','2015-12-21 12:15:01','1','GEEN',0),
	(517,'2015-09-30 14:50:09','2015-12-21 12:15:01','2015-12-21 12:15:01','2','WEL',1),
	(518,'2015-09-30 14:50:10','2015-12-21 12:15:01','2015-12-21 12:15:01','2','GEEN',0),
	(519,'2015-09-30 14:50:10','2015-12-21 12:15:01','2015-12-21 12:15:01','3','WEL',1),
	(520,'2015-09-30 14:50:10','2015-12-21 12:15:01','2015-12-21 12:15:01','3','GEEN',0),
	(521,'2015-09-30 14:50:10','2015-12-21 12:15:01','2015-12-21 12:15:01','4','WEL',1),
	(522,'2015-09-30 14:50:10','2015-12-21 12:15:01','2015-12-21 12:15:01','4','GEEN',0),
	(523,'2015-09-30 14:50:10','2015-12-21 12:15:01','2015-12-21 12:15:01','5','WEL',1),
	(524,'2015-09-30 14:50:10','2015-12-21 12:15:01','2015-12-21 12:15:01','5','GEEN',0),
	(525,'2015-09-30 15:16:15','2015-12-21 12:15:16','2015-12-21 12:15:16','1','een',1),
	(526,'2015-09-30 15:16:15','2015-12-21 12:15:16','2015-12-21 12:15:16','1','geen',0),
	(527,'2015-09-30 15:16:15','2015-12-21 12:15:16','2015-12-21 12:15:16','2','geen',1),
	(528,'2015-09-30 15:16:15','2015-12-21 12:15:16','2015-12-21 12:15:16','2','een',0),
	(529,'2015-09-30 15:16:15','2015-12-21 12:15:16','2015-12-21 12:15:16','3','geen',1),
	(530,'2015-09-30 15:16:15','2015-12-21 12:15:16','2015-12-21 12:15:16','3','een',0),
	(531,'2015-09-30 15:16:15','2015-12-21 12:15:16','2015-12-21 12:15:16','4','een',1),
	(532,'2015-09-30 15:16:15','2015-12-21 12:15:16','2015-12-21 12:15:16','4','geen',0),
	(533,'2015-09-30 15:16:15','2015-12-21 12:15:16','2015-12-21 12:15:16','5','geen',1),
	(534,'2015-09-30 15:16:15','2015-12-21 12:15:16','2015-12-21 12:15:16','5','een',0),
	(535,'2015-09-30 15:16:15','2015-12-21 12:15:16','2015-12-21 12:15:16','6','een',1),
	(536,'2015-09-30 15:16:16','2015-12-21 12:15:16','2015-12-21 12:15:16','6','geen',0),
	(537,'2015-09-30 15:16:16','2015-12-21 12:15:16','2015-12-21 12:15:16','7','een',1),
	(538,'2015-09-30 15:16:16','2015-12-21 12:15:16','2015-12-21 12:15:16','7','geen',0),
	(539,'2015-09-30 15:16:16','2015-12-21 12:15:16','2015-12-21 12:15:16','8','een',1),
	(540,'2015-09-30 15:16:16','2015-12-21 12:15:16','2015-12-21 12:15:16','8','geen',0),
	(541,'2015-09-30 15:51:14','2015-12-21 12:29:19','2015-12-21 12:29:19','1','NEE',1),
	(542,'2015-09-30 15:51:14','2015-12-21 12:29:19','2015-12-21 12:29:19','1','JA',0),
	(543,'2015-09-30 15:51:14','2015-12-21 12:29:19','2015-12-21 12:29:19','2','JA',1),
	(544,'2015-09-30 15:51:14','2015-12-21 12:29:19','2015-12-21 12:29:19','2','NEE',0),
	(545,'2015-09-30 16:32:21','2015-09-30 16:32:21',NULL,'1','probleemstelling',1),
	(546,'2015-09-30 16:32:21','2015-09-30 16:32:21',NULL,'1','onderzoeksvraag',0),
	(547,'2015-09-30 16:34:24','2015-12-21 12:32:04','2015-12-21 12:32:04','1','6',1),
	(548,'2015-09-30 16:34:24','2015-12-21 12:32:04','2015-12-21 12:32:04','1','1',0),
	(549,'2015-09-30 16:34:24','2015-12-21 12:32:04','2015-12-21 12:32:04','1','2',0),
	(550,'2015-09-30 16:34:24','2015-12-21 12:32:04','2015-12-21 12:32:04','1','3',0),
	(551,'2015-09-30 16:34:24','2015-12-21 12:32:04','2015-12-21 12:32:04','1','4',0),
	(552,'2015-09-30 16:34:24','2015-12-21 12:32:04','2015-12-21 12:32:04','1','5',0),
	(553,'2015-09-30 16:34:24','2015-12-21 12:32:04','2015-12-21 12:32:04','1','7',0),
	(554,'2015-09-30 16:34:24','2015-12-21 12:32:04','2015-12-21 12:32:04','1','8',0),
	(555,'2015-09-30 16:34:25','2015-12-21 12:32:04','2015-12-21 12:32:04','1','9',0),
	(556,'2015-09-30 16:34:25','2015-12-21 12:32:04','2015-12-21 12:32:04','1','10',0),
	(557,'2015-09-30 16:35:48','2015-12-21 12:32:18','2015-12-21 12:32:18','1','controlegroep',1),
	(558,'2015-09-30 16:35:48','2015-12-21 12:32:18','2015-12-21 12:32:18','1','proefgroep',0),
	(559,'2015-09-30 16:48:22','2015-12-21 12:15:30','2015-12-21 12:15:30','1','20',1),
	(560,'2015-09-30 16:48:22','2015-12-21 12:15:30','2015-12-21 12:15:30','1','40',0),
	(561,'2015-09-30 16:48:22','2015-12-21 12:15:30','2015-12-21 12:15:30','1','22',0),
	(562,'2015-09-30 16:48:22','2015-12-21 12:15:30','2015-12-21 12:15:30','1','44',0),
	(563,'2015-09-30 16:48:22','2015-12-21 12:15:30','2015-12-21 12:15:30','1','23',0),
	(564,'2015-09-30 16:48:22','2015-12-21 12:15:30','2015-12-21 12:15:30','1','46',0),
	(565,'2015-09-30 16:48:22','2015-12-21 12:15:30','2015-12-21 12:15:30','1','24',0),
	(566,'2015-09-30 16:48:22','2015-12-21 12:15:30','2015-12-21 12:15:30','1','48',0),
	(567,'2015-09-30 16:48:22','2015-12-21 12:15:30','2015-12-21 12:15:30','1','80',0),
	(568,'2015-09-30 16:48:22','2015-12-21 12:15:30','2015-12-21 12:15:30','1','10',0),
	(569,'2015-09-30 16:48:22','2015-12-21 12:15:30','2015-12-21 12:15:30','2','zijdeaapje',1),
	(570,'2015-09-30 16:48:22','2015-12-21 12:15:30','2015-12-21 12:15:30','2','varken',0),
	(571,'2015-09-30 16:48:22','2015-12-21 12:15:30','2015-12-21 12:15:30','2','konijn',0),
	(572,'2015-09-30 16:48:22','2015-12-21 12:15:30','2015-12-21 12:15:30','2','chimpansee',0),
	(573,'2015-10-01 14:55:37','2015-10-01 14:55:37',NULL,'1','kinderen',1),
	(574,'2015-10-01 14:55:37','2015-10-01 14:55:37',NULL,'1','volwassenen',0),
	(575,'2015-10-29 10:31:14','2015-10-29 10:31:14',NULL,'1','lerarenopleidingen',1),
	(576,'2015-10-29 10:31:14','2015-10-29 10:31:14',NULL,'2','lerarenopleidingen',1),
	(577,'2015-10-29 10:31:14','2015-10-29 10:31:14',NULL,'3','VVD',1),
	(578,'2015-10-29 10:31:14','2015-10-29 10:31:14',NULL,'4','VVD',1),
	(579,'2015-10-29 10:31:14','2015-10-29 10:31:14',NULL,'5','lerarenopleiding',1),
	(580,'2015-10-29 10:31:14','2015-10-29 10:31:14',NULL,'6','PvdA',1),
	(581,'2015-10-29 10:31:14','2015-10-29 10:31:14',NULL,'7','VVD',1),
	(582,'2015-10-29 10:31:14','2015-10-29 10:31:14',NULL,'8','PvdA',1),
	(583,'2015-11-16 11:41:42','2015-11-25 14:15:48','2015-11-25 14:15:48','1','JA',1),
	(584,'2015-11-16 11:41:42','2015-11-25 14:15:48','2015-11-25 14:15:48','1','NEE',0),
	(585,'2015-11-16 12:05:05','2015-11-16 12:09:36','2015-11-16 12:09:36','1','1',1),
	(586,'2015-11-16 12:05:05','2015-11-16 12:09:36','2015-11-16 12:09:36','2','2',1),
	(587,'2015-11-16 12:09:37','2015-11-16 12:09:37',NULL,'1','Wieren (algen)',1),
	(588,'2015-11-16 12:09:37','2015-11-16 12:09:37',NULL,'2','Naaktzadigen',1),
	(589,'2015-11-16 12:17:29','2015-11-16 12:17:29',NULL,'1','door longen',1),
	(590,'2015-11-16 12:17:29','2015-11-16 12:17:29',NULL,'2','door eieren met leerachtige schaal',1),
	(591,'2015-11-16 12:20:32','2015-11-16 12:20:32',NULL,'1','Haren',1),
	(592,'2015-11-16 12:20:32','2015-11-16 12:20:32',NULL,'2','Tepels OF uier OF zogende jongen',1),
	(593,'2015-11-16 15:53:52','2015-11-16 15:54:01','2015-11-16 15:54:01','1','Bij bedektzadigen: NEE - Bij naaktzadigen: JA',1),
	(594,'2015-11-16 15:53:52','2015-11-16 15:54:01','2015-11-16 15:54:01','1','Bij bedektzadigen: JA - Bij naaktzadigen: JA',0),
	(595,'2015-11-16 15:53:52','2015-11-16 15:54:01','2015-11-16 15:54:01','1','Bij bedektzadigen: JA - Bij naaktzadigen: NEE',0),
	(596,'2015-11-16 15:53:52','2015-11-16 15:54:01','2015-11-16 15:54:01','1','Bij bedektzadigen: NEE - Bij naaktzadigen: NEE',0),
	(597,'2015-11-16 15:54:01','2015-11-16 15:54:01',NULL,'1','Bij bedektzadigen: NEE - Bij naaktzadigen: JA',1),
	(598,'2015-11-16 15:54:01','2015-11-16 15:54:01',NULL,'1','Bij bedektzadigen: JA - Bij naaktzadigen: JA',0),
	(599,'2015-11-16 15:54:01','2015-11-16 15:54:01',NULL,'1','Bij bedektzadigen: JA - Bij naaktzadigen: NEE',0),
	(600,'2015-11-16 15:54:02','2015-11-16 15:54:02',NULL,'1','Bij bedektzadigen: NEE - Bij naaktzadigen: NEE',0),
	(601,'2015-11-16 15:56:42','2015-11-16 15:56:42',NULL,'1','Tot de zoogdieren',1),
	(602,'2015-11-16 15:56:42','2015-11-16 15:56:42',NULL,'1','Tot de amfibieën',0),
	(603,'2015-11-16 15:56:42','2015-11-16 15:56:42',NULL,'1','Tot de reptielen',0),
	(604,'2015-11-16 15:56:42','2015-11-16 15:56:42',NULL,'1','Tot de vissen',0),
	(605,'2015-11-16 15:59:15','2015-11-16 15:59:15',NULL,'1','Tot de duizendpootachtigen',1),
	(606,'2015-11-16 15:59:15','2015-11-16 15:59:15',NULL,'1','Tot de insecten',0),
	(607,'2015-11-16 15:59:15','2015-11-16 15:59:15',NULL,'1','Tot de kreeftachtigen',0),
	(608,'2015-11-16 15:59:15','2015-11-16 15:59:15',NULL,'1','Tot de spinachtigen',0),
	(609,'2015-11-16 16:04:35','2015-11-16 16:04:35',NULL,'1','Voortplanting is levendbarend en lichaamstemperatuur is contant',1),
	(610,'2015-11-16 16:04:35','2015-11-16 16:04:35',NULL,'1','Voortplanting is levendbarend en lichaamstemperatuur is niet constant',0),
	(611,'2015-11-16 16:04:35','2015-11-16 16:04:35',NULL,'1','Voortplanting is door eieren en lichaamstemperatuur is constant',0),
	(612,'2015-11-16 16:04:36','2015-11-16 16:04:36',NULL,'1','Voortplanting is door eieren en lichaamstemperatuur is niet constant',0),
	(613,'2015-11-16 16:28:10','2015-11-16 16:28:10',NULL,'1','Sponzen',1),
	(614,'2015-11-16 16:28:10','2015-11-16 16:28:10',NULL,'1','Eencelligen',0),
	(615,'2015-11-16 16:28:10','2015-11-16 16:28:10',NULL,'1','Holtedieren',0),
	(616,'2015-11-16 16:28:11','2015-11-16 16:28:11',NULL,'1','Wormen',0),
	(617,'2015-11-16 16:28:11','2015-11-16 16:28:11',NULL,'1','Weekdieren',0),
	(618,'2015-11-16 16:28:11','2015-11-16 16:28:11',NULL,'1','Geleedpotigen',0),
	(619,'2015-11-16 16:28:11','2015-11-16 16:28:11',NULL,'1','Stekelhuidigen',0),
	(620,'2015-11-16 16:28:11','2015-11-16 16:28:11',NULL,'1','Gewervelden',0),
	(621,'2015-11-16 16:28:11','2015-11-16 16:28:11',NULL,'2','Geleedpotigen',1),
	(622,'2015-11-16 16:28:11','2015-11-16 16:28:11',NULL,'2','Sponzen',0),
	(623,'2015-11-16 16:28:11','2015-11-16 16:28:11',NULL,'2','Holtedieren',0),
	(624,'2015-11-16 16:28:11','2015-11-16 16:28:11',NULL,'2','Wormen',0),
	(625,'2015-11-16 16:28:11','2015-11-16 16:28:11',NULL,'2','Weekdieren',0),
	(626,'2015-11-16 16:28:11','2015-11-16 16:28:11',NULL,'2','Eencelligen',0),
	(627,'2015-11-16 16:28:11','2015-11-16 16:28:11',NULL,'2','Stekelhuidigen',0),
	(628,'2015-11-16 16:28:11','2015-11-16 16:28:11',NULL,'2','Gewervelden',0),
	(629,'2015-11-16 16:28:11','2015-11-16 16:28:11',NULL,'3','Gewervelden',1),
	(630,'2015-11-16 16:28:11','2015-11-16 16:28:11',NULL,'3','Sponzen',0),
	(631,'2015-11-16 16:28:11','2015-11-16 16:28:11',NULL,'3','Holtedieren',0),
	(632,'2015-11-16 16:28:11','2015-11-16 16:28:11',NULL,'3','Wormen',0),
	(633,'2015-11-16 16:28:11','2015-11-16 16:28:11',NULL,'3','Weekdieren',0),
	(634,'2015-11-16 16:28:11','2015-11-16 16:28:11',NULL,'3','Geleedpotigen',0),
	(635,'2015-11-16 16:28:11','2015-11-16 16:28:11',NULL,'3','Stekelhuidigen',0),
	(636,'2015-11-16 16:28:11','2015-11-16 16:28:11',NULL,'3','Eencelligen',0),
	(637,'2015-11-16 16:28:12','2015-11-16 16:28:12',NULL,'4','Stekelhuidigen',1),
	(638,'2015-11-16 16:28:12','2015-11-16 16:28:12',NULL,'4','Sponzen',0),
	(639,'2015-11-16 16:28:12','2015-11-16 16:28:12',NULL,'4','Holtedieren',0),
	(640,'2015-11-16 16:28:12','2015-11-16 16:28:12',NULL,'4','Wormen',0),
	(641,'2015-11-16 16:28:12','2015-11-16 16:28:12',NULL,'4','Weekdieren',0),
	(642,'2015-11-16 16:28:12','2015-11-16 16:28:12',NULL,'4','Geleedpotigen',0),
	(643,'2015-11-16 16:28:12','2015-11-16 16:28:12',NULL,'4','Eencelligen',0),
	(644,'2015-11-16 16:28:12','2015-11-16 16:28:12',NULL,'4','Gewervelden',0),
	(645,'2015-11-16 16:28:12','2015-11-16 16:28:12',NULL,'5','Weekdieren',1),
	(646,'2015-11-16 16:28:12','2015-11-16 16:28:12',NULL,'5','Sponzen',0),
	(647,'2015-11-16 16:28:12','2015-11-16 16:28:12',NULL,'5','Holtedieren',0),
	(648,'2015-11-16 16:28:12','2015-11-16 16:28:12',NULL,'5','Wormen',0),
	(649,'2015-11-16 16:28:12','2015-11-16 16:28:12',NULL,'5','Eencelligen',0),
	(650,'2015-11-16 16:28:12','2015-11-16 16:28:12',NULL,'5','Geleedpotigen',0),
	(651,'2015-11-16 16:28:12','2015-11-16 16:28:12',NULL,'5','Stekelhuidigen',0),
	(652,'2015-11-16 16:28:12','2015-11-16 16:28:12',NULL,'5','Gewervelden',0),
	(653,'2015-11-16 16:28:12','2015-11-16 16:28:12',NULL,'6','Eencelligen',1),
	(654,'2015-11-16 16:28:12','2015-11-16 16:28:12',NULL,'6','Sponzen',0),
	(655,'2015-11-16 16:28:12','2015-11-16 16:28:12',NULL,'6','Holtedieren',0),
	(656,'2015-11-16 16:28:12','2015-11-16 16:28:12',NULL,'6','Wormen',0),
	(657,'2015-11-16 16:28:12','2015-11-16 16:28:12',NULL,'6','Weekdieren',0),
	(658,'2015-11-16 16:28:13','2015-11-16 16:28:13',NULL,'6','Geleedpotigen',0),
	(659,'2015-11-16 16:28:13','2015-11-16 16:28:13',NULL,'6','Stekelhuidigen',0),
	(660,'2015-11-16 16:28:13','2015-11-16 16:28:13',NULL,'6','Gewervelden',0),
	(661,'2015-11-16 16:28:13','2015-11-16 16:28:13',NULL,'7','Holtedieren',1),
	(662,'2015-11-16 16:28:13','2015-11-16 16:28:13',NULL,'7','Sponzen',0),
	(663,'2015-11-16 16:28:13','2015-11-16 16:28:13',NULL,'7','Eencelligen',0),
	(664,'2015-11-16 16:28:13','2015-11-16 16:28:13',NULL,'7','Wormen',0),
	(665,'2015-11-16 16:28:13','2015-11-16 16:28:13',NULL,'7','Weekdieren',0),
	(666,'2015-11-16 16:28:13','2015-11-16 16:28:13',NULL,'7','Geleedpotigen',0),
	(667,'2015-11-16 16:28:13','2015-11-16 16:28:13',NULL,'7','Stekelhuidigen',0),
	(668,'2015-11-16 16:28:13','2015-11-16 16:28:13',NULL,'7','Gewervelden',0),
	(669,'2015-11-17 18:12:07','2015-11-17 18:12:07',NULL,'1','studenten',1),
	(670,'2015-11-17 18:12:08','2015-11-17 18:12:08',NULL,'2','twee',1),
	(671,'2015-11-17 18:12:08','2015-11-17 18:12:08',NULL,'3','Eerste',1),
	(672,'2015-11-17 18:12:08','2015-11-17 18:12:08',NULL,'4','armere',1),
	(673,'2015-11-18 19:21:41','2015-11-18 19:23:10','2015-11-18 19:23:10','1','Tot vak 2',1),
	(674,'2015-11-18 19:21:41','2015-11-18 19:23:10','2015-11-18 19:23:10','1','Tot vak 1',0),
	(675,'2015-11-18 19:21:41','2015-11-18 19:23:10','2015-11-18 19:23:10','1','Tot vak 3',0),
	(676,'2015-11-18 19:21:41','2015-11-18 19:23:10','2015-11-18 19:23:10','1','Tot vak 4',0),
	(677,'2015-11-18 19:21:41','2015-11-18 19:23:11','2015-11-18 19:23:11','1','Tot vak 5',0),
	(678,'2015-11-18 19:21:41','2015-11-18 19:23:11','2015-11-18 19:23:11','2','Tot vak 3',1),
	(679,'2015-11-18 19:21:41','2015-11-18 19:23:11','2015-11-18 19:23:11','2','Tot vak 2',0),
	(680,'2015-11-18 19:21:41','2015-11-18 19:23:11','2015-11-18 19:23:11','2','Tot vak 1',0),
	(681,'2015-11-18 19:21:41','2015-11-18 19:23:11','2015-11-18 19:23:11','2','Tot vak 4',0),
	(682,'2015-11-18 19:21:41','2015-11-18 19:23:11','2015-11-18 19:23:11','2','Tot vak 5',0),
	(683,'2015-11-18 19:21:42','2015-11-18 19:23:11','2015-11-18 19:23:11','3','Tot vak 1',1),
	(684,'2015-11-18 19:21:42','2015-11-18 19:23:11','2015-11-18 19:23:11','3','Tot vak 2',0),
	(685,'2015-11-18 19:21:42','2015-11-18 19:23:11','2015-11-18 19:23:11','3','Tot vak 3',0),
	(686,'2015-11-18 19:21:42','2015-11-18 19:23:11','2015-11-18 19:23:11','3','Tot vak 4',0),
	(687,'2015-11-18 19:21:42','2015-11-18 19:23:11','2015-11-18 19:23:11','3','Tot vak 5',0),
	(688,'2015-11-18 19:23:11','2015-12-21 10:18:42','2015-12-21 10:18:42','1','Tot vak 2',1),
	(689,'2015-11-18 19:23:11','2015-12-21 10:18:42','2015-12-21 10:18:42','1','Tot vak 1',0),
	(690,'2015-11-18 19:23:11','2015-12-21 10:18:42','2015-12-21 10:18:42','1','Tot vak 3',0),
	(691,'2015-11-18 19:23:11','2015-12-21 10:18:42','2015-12-21 10:18:42','1','Tot vak 4',0),
	(692,'2015-11-18 19:23:11','2015-12-21 10:18:42','2015-12-21 10:18:42','1','Tot vak 5',0),
	(693,'2015-11-18 19:23:11','2015-12-21 10:18:42','2015-12-21 10:18:42','2','Tot vak 3',1),
	(694,'2015-11-18 19:23:11','2015-12-21 10:18:42','2015-12-21 10:18:42','2','Tot vak 2',0),
	(695,'2015-11-18 19:23:11','2015-12-21 10:18:42','2015-12-21 10:18:42','2','Tot vak 1',0),
	(696,'2015-11-18 19:23:11','2015-12-21 10:18:42','2015-12-21 10:18:42','2','Tot vak 4',0),
	(697,'2015-11-18 19:23:11','2015-12-21 10:18:42','2015-12-21 10:18:42','2','Tot vak 5',0),
	(698,'2015-11-18 19:23:11','2015-12-21 10:18:42','2015-12-21 10:18:42','3','Tot vak 1',1),
	(699,'2015-11-18 19:23:11','2015-12-21 10:18:42','2015-12-21 10:18:42','3','Tot vak 2',0),
	(700,'2015-11-18 19:23:11','2015-12-21 10:18:42','2015-12-21 10:18:42','3','Tot vak 3',0),
	(701,'2015-11-18 19:23:11','2015-12-21 10:18:42','2015-12-21 10:18:42','3','Tot vak 4',0),
	(702,'2015-11-18 19:23:11','2015-12-21 10:18:42','2015-12-21 10:18:42','3','Tot vak 5',0),
	(703,'2015-11-18 19:28:47','2015-11-18 19:28:47',NULL,'1','Met 1.',1),
	(704,'2015-11-18 19:28:47','2015-11-18 19:28:47',NULL,'1','Met 2.',0),
	(705,'2015-11-18 19:28:47','2015-11-18 19:28:47',NULL,'1','Met 3.',0),
	(706,'2015-11-18 19:28:47','2015-11-18 19:28:47',NULL,'1','Met 4.',0),
	(707,'2015-11-18 19:28:47','2015-11-18 19:28:47',NULL,'1','Met 5.',0),
	(708,'2015-11-18 19:28:48','2015-11-18 19:28:48',NULL,'2','Met 5.',1),
	(709,'2015-11-18 19:28:48','2015-11-18 19:28:48',NULL,'2','Met 2.',0),
	(710,'2015-11-18 19:28:48','2015-11-18 19:28:48',NULL,'2','Met 3.',0),
	(711,'2015-11-18 19:28:48','2015-11-18 19:28:48',NULL,'2','Met 4.',0),
	(712,'2015-11-18 19:28:48','2015-11-18 19:28:48',NULL,'2','Met 1.',0),
	(713,'2015-11-25 14:15:48','2015-11-25 14:15:48',NULL,'1','NEE',1),
	(714,'2015-11-25 14:15:48','2015-11-25 14:15:48',NULL,'1','JA',0),
	(715,'2015-12-09 11:22:42','2015-12-09 11:22:42',NULL,'1','klimaatbronnen',1),
	(716,'2015-12-09 11:22:42','2015-12-09 11:22:42',NULL,'1','klimaatfactoren',0),
	(717,'2015-12-14 10:47:29','2015-12-14 10:47:29',NULL,'1','Amsterdam',1),
	(718,'2015-12-14 10:47:29','2015-12-14 10:47:29',NULL,'2','VVD',1),
	(719,'2015-12-14 10:47:30','2015-12-14 10:47:30',NULL,'3','PvdA',1),
	(720,'2015-12-14 10:47:30','2015-12-14 10:47:30',NULL,'4','basisbeurs',1),
	(721,'2015-12-14 10:47:30','2015-12-14 10:47:30',NULL,'5','Amsterdam',1),
	(722,'2015-12-14 10:47:30','2015-12-14 10:47:30',NULL,'6','Amsterdam',1),
	(723,'2015-12-14 10:47:30','2015-12-14 10:47:30',NULL,'7','D66',1),
	(724,'2015-12-14 10:47:30','2015-12-14 10:47:30',NULL,'8','economische',1),
	(725,'2015-12-18 15:42:46','2015-12-18 15:42:46',NULL,'1','JUIST',1),
	(726,'2015-12-18 15:42:46','2015-12-18 15:42:46',NULL,'1','ONJUIST',0),
	(727,'2015-12-18 15:42:46','2015-12-18 15:42:46',NULL,'2','ONJUIST',1),
	(728,'2015-12-18 15:42:46','2015-12-18 15:42:46',NULL,'2','JUIST',0),
	(729,'2015-12-18 15:42:46','2015-12-18 15:42:46',NULL,'3','ONJUIST',1),
	(730,'2015-12-18 15:42:46','2015-12-18 15:42:46',NULL,'3','JUIST',0),
	(731,'2015-12-18 15:42:46','2015-12-18 15:42:46',NULL,'4','ONJUIST',1),
	(732,'2015-12-18 15:42:46','2015-12-18 15:42:46',NULL,'4','JUIST',0),
	(733,'2015-12-18 15:42:46','2015-12-18 15:42:46',NULL,'5','ONJUIST',1),
	(734,'2015-12-18 15:42:46','2015-12-18 15:42:46',NULL,'5','JUIST',0),
	(735,'2015-12-18 15:42:46','2015-12-18 15:42:46',NULL,'6','JUIST',1),
	(736,'2015-12-18 15:42:46','2015-12-18 15:42:46',NULL,'6','ONJUIST',0),
	(737,'2015-12-18 15:42:46','2015-12-18 15:42:46',NULL,'7','JUIST',1),
	(738,'2015-12-18 15:42:46','2015-12-18 15:42:46',NULL,'7','ONJUIST',0),
	(739,'2015-12-18 15:42:46','2015-12-18 15:42:46',NULL,'8','ONJUIST',1),
	(740,'2015-12-18 15:42:46','2015-12-18 15:42:46',NULL,'8','JUIST',0),
	(741,'2015-12-21 10:06:56','2015-12-21 10:06:56',NULL,'1','rode bloedcellen',1),
	(742,'2015-12-21 10:06:56','2015-12-21 10:06:56',NULL,'2','bloedplasma',1),
	(743,'2015-12-21 10:06:56','2015-12-21 10:06:56',NULL,'3','witte bloedcellen',1),
	(744,'2015-12-21 10:06:56','2015-12-21 10:06:56',NULL,'4','witte bloedcellen',1),
	(745,'2015-12-21 10:06:56','2015-12-21 10:06:56',NULL,'5','rode bloedcellen',1),
	(746,'2015-12-21 10:06:56','2015-12-21 10:06:56',NULL,'6','bloedplasma',1),
	(747,'2015-12-21 10:06:56','2015-12-21 10:06:56',NULL,'7','hemoglobine',1),
	(748,'2015-12-21 10:06:56','2015-12-21 10:06:56',NULL,'8','trombose',1),
	(749,'2015-12-21 10:06:56','2015-12-21 10:06:56',NULL,'9','bloedplaatjes',1),
	(750,'2015-12-21 10:11:17','2015-12-21 10:11:17',NULL,'1','bloedplasma',1),
	(751,'2015-12-21 10:11:18','2015-12-21 10:11:18',NULL,'2','een rode bloedcel',1),
	(752,'2015-12-21 10:18:42','2015-12-21 10:18:42',NULL,'1','Tot vak 2',1),
	(753,'2015-12-21 10:18:42','2015-12-21 10:18:42',NULL,'1','Tot vak 1',0),
	(754,'2015-12-21 10:18:42','2015-12-21 10:18:42',NULL,'1','Tot vak 3',0),
	(755,'2015-12-21 10:18:42','2015-12-21 10:18:42',NULL,'1','Tot vak 4',0),
	(756,'2015-12-21 10:18:43','2015-12-21 10:18:43',NULL,'1','Tot vak 5',0),
	(757,'2015-12-21 10:18:43','2015-12-21 10:18:43',NULL,'2','Tot vak 3',1),
	(758,'2015-12-21 10:18:43','2015-12-21 10:18:43',NULL,'2','Tot vak 2',0),
	(759,'2015-12-21 10:18:43','2015-12-21 10:18:43',NULL,'2','Tot vak 1',0),
	(760,'2015-12-21 10:18:43','2015-12-21 10:18:43',NULL,'2','Tot vak 4',0),
	(761,'2015-12-21 10:18:43','2015-12-21 10:18:43',NULL,'2','Tot vak 5',0),
	(762,'2015-12-21 10:18:43','2015-12-21 10:18:43',NULL,'3','Tot vak 1',1),
	(763,'2015-12-21 10:18:43','2015-12-21 10:18:43',NULL,'3','Tot vak 2',0),
	(764,'2015-12-21 10:18:43','2015-12-21 10:18:43',NULL,'3','Tot vak 3',0),
	(765,'2015-12-21 10:18:43','2015-12-21 10:18:43',NULL,'3','Tot vak 4',0),
	(766,'2015-12-21 10:18:43','2015-12-21 10:18:43',NULL,'3','Tot vak 5',0),
	(767,'2015-12-21 10:18:54','2015-12-21 10:18:54',NULL,'1','1',1),
	(768,'2015-12-21 10:21:14','2015-12-21 10:21:14',NULL,'1','bloedplasma',1),
	(769,'2015-12-21 10:21:14','2015-12-21 10:21:14',NULL,'2','een rode bloedcel',1),
	(770,'2015-12-21 10:31:43','2015-12-21 10:31:43',NULL,'1','kleine',1),
	(771,'2015-12-21 10:31:43','2015-12-21 10:31:43',NULL,'1','grote',0),
	(772,'2015-12-21 10:38:07','2015-12-21 10:38:07',NULL,'1','JUIST',1),
	(773,'2015-12-21 10:38:08','2015-12-21 10:38:08',NULL,'1','ONJUIST',0),
	(774,'2015-12-21 10:38:08','2015-12-21 10:38:08',NULL,'2','ONJUIST',1),
	(775,'2015-12-21 10:38:08','2015-12-21 10:38:08',NULL,'2','JUIST',0),
	(776,'2015-12-21 10:38:08','2015-12-21 10:38:08',NULL,'3','JUIST',1),
	(777,'2015-12-21 10:38:08','2015-12-21 10:38:08',NULL,'3','ONJUIST',0),
	(778,'2015-12-21 10:38:08','2015-12-21 10:38:08',NULL,'4','ONJUIST',1),
	(779,'2015-12-21 10:38:08','2015-12-21 10:38:08',NULL,'4','JUIST',0),
	(780,'2015-12-21 10:38:08','2015-12-21 10:38:08',NULL,'5','ONJUIST',1),
	(781,'2015-12-21 10:38:08','2015-12-21 10:38:08',NULL,'5','JUIST',0),
	(782,'2015-12-21 11:13:19','2015-12-21 11:14:41','2015-12-21 11:14:41','1','van het hart af',1),
	(783,'2015-12-21 11:13:19','2015-12-21 11:14:41','2015-12-21 11:14:41','1','naar het hart toe',0),
	(784,'2015-12-21 11:13:19','2015-12-21 11:14:41','2015-12-21 11:14:41','2','hoog',1),
	(785,'2015-12-21 11:13:19','2015-12-21 11:14:41','2015-12-21 11:14:41','2','laag',0),
	(786,'2015-12-21 11:13:19','2015-12-21 11:14:41','2015-12-21 11:14:41','3','dikker',1),
	(787,'2015-12-21 11:13:19','2015-12-21 11:14:41','2015-12-21 11:14:41','3','dunner',0),
	(788,'2015-12-21 11:13:19','2015-12-21 11:14:41','2015-12-21 11:14:41','4','elastisch',1),
	(789,'2015-12-21 11:13:19','2015-12-21 11:14:41','2015-12-21 11:14:41','4','minder elastischer',0),
	(790,'2015-12-21 11:13:19','2015-12-21 11:14:41','2015-12-21 11:14:41','5','diep',1),
	(791,'2015-12-21 11:13:20','2015-12-21 11:14:41','2015-12-21 11:14:41','5','aan de oppervlakte',0),
	(792,'2015-12-21 11:13:20','2015-12-21 11:14:41','2015-12-21 11:14:41','6','naar het hart toe',1),
	(793,'2015-12-21 11:13:20','2015-12-21 11:14:41','2015-12-21 11:14:41','6','van het hart af',0),
	(794,'2015-12-21 11:13:20','2015-12-21 11:14:41','2015-12-21 11:14:41','7','laag',1),
	(795,'2015-12-21 11:13:20','2015-12-21 11:14:41','2015-12-21 11:14:41','7','hoog',0),
	(796,'2015-12-21 11:13:20','2015-12-21 11:14:41','2015-12-21 11:14:41','8','dunner',1),
	(797,'2015-12-21 11:13:20','2015-12-21 11:14:41','2015-12-21 11:14:41','8','dikker',0),
	(798,'2015-12-21 11:13:20','2015-12-21 11:14:41','2015-12-21 11:14:41','9','minder elastisch',1),
	(799,'2015-12-21 11:13:20','2015-12-21 11:14:41','2015-12-21 11:14:41','9','elastisch',0),
	(800,'2015-12-21 11:13:20','2015-12-21 11:14:41','2015-12-21 11:14:41','10','aan de oppervlakte',1),
	(801,'2015-12-21 11:13:20','2015-12-21 11:14:41','2015-12-21 11:14:41','10','diep in het lichaam',0),
	(802,'2015-12-21 11:14:41','2015-12-21 11:14:41',NULL,'1','van het hart af',1),
	(803,'2015-12-21 11:14:41','2015-12-21 11:14:41',NULL,'1','naar het hart toe',0),
	(804,'2015-12-21 11:14:41','2015-12-21 11:14:41',NULL,'2','hoog',1),
	(805,'2015-12-21 11:14:41','2015-12-21 11:14:41',NULL,'2','laag',0),
	(806,'2015-12-21 11:14:41','2015-12-21 11:14:41',NULL,'3','dikker',1),
	(807,'2015-12-21 11:14:41','2015-12-21 11:14:41',NULL,'3','dunner',0),
	(808,'2015-12-21 11:14:41','2015-12-21 11:14:41',NULL,'4','elastisch',1),
	(809,'2015-12-21 11:14:41','2015-12-21 11:14:41',NULL,'4','minder elastischer',0),
	(810,'2015-12-21 11:14:41','2015-12-21 11:14:41',NULL,'5','diep',1),
	(811,'2015-12-21 11:14:41','2015-12-21 11:14:41',NULL,'5','aan de oppervlakte',0),
	(812,'2015-12-21 11:14:41','2015-12-21 11:14:41',NULL,'6','naar het hart toe',1),
	(813,'2015-12-21 11:14:41','2015-12-21 11:14:41',NULL,'6','van het hart af',0),
	(814,'2015-12-21 11:14:41','2015-12-21 11:14:41',NULL,'7','laag',1),
	(815,'2015-12-21 11:14:41','2015-12-21 11:14:41',NULL,'7','hoog',0),
	(816,'2015-12-21 11:14:41','2015-12-21 11:14:41',NULL,'8','dunner',1),
	(817,'2015-12-21 11:14:41','2015-12-21 11:14:41',NULL,'8','dikker',0),
	(818,'2015-12-21 11:14:41','2015-12-21 11:14:41',NULL,'9','minder elastisch',1),
	(819,'2015-12-21 11:14:41','2015-12-21 11:14:41',NULL,'9','elastisch',0),
	(820,'2015-12-21 11:14:42','2015-12-21 11:14:42',NULL,'10','aan de oppervlakte',1),
	(821,'2015-12-21 11:14:42','2015-12-21 11:14:42',NULL,'10','diep in het lichaam',0),
	(822,'2015-12-21 11:21:47','2015-12-21 11:21:47',NULL,'1','boezems',1),
	(823,'2015-12-21 11:21:47','2015-12-21 11:21:47',NULL,'2','boezems',1),
	(824,'2015-12-21 11:21:47','2015-12-21 11:21:47',NULL,'3','kamers',1),
	(825,'2015-12-21 11:21:47','2015-12-21 11:21:47',NULL,'4','open',1),
	(826,'2015-12-21 11:21:47','2015-12-21 11:21:47',NULL,'5','gesloten',1),
	(827,'2015-12-21 11:21:47','2015-12-21 11:21:47',NULL,'6','kamers',1),
	(828,'2015-12-21 11:21:47','2015-12-21 11:21:47',NULL,'7','dicht',1),
	(829,'2015-12-21 11:21:48','2015-12-21 11:21:48',NULL,'8','(bloed)druk',1),
	(830,'2015-12-21 11:21:48','2015-12-21 11:21:48',NULL,'9','open',1),
	(831,'2015-12-21 11:21:48','2015-12-21 11:21:48',NULL,'10','slagaders (aorta en longslagader)',1),
	(832,'2015-12-21 11:21:48','2015-12-21 11:21:48',NULL,'11','aders (onderste en bovenste holle aders en longaders)',1),
	(833,'2015-12-21 11:21:48','2015-12-21 11:21:48',NULL,'12','boezems',1),
	(834,'2015-12-21 11:21:48','2015-12-21 11:21:48',NULL,'13','kamers',1),
	(835,'2015-12-21 11:21:48','2015-12-21 11:21:48',NULL,'14','open',1),
	(836,'2015-12-21 11:21:48','2015-12-21 11:21:48',NULL,'15','dicht',1),
	(837,'2015-12-21 11:27:07','2015-12-21 11:27:13','2015-12-21 11:27:13','1','De grote',1),
	(838,'2015-12-21 11:27:07','2015-12-21 11:27:13','2015-12-21 11:27:13','1','De kleine',0),
	(839,'2015-12-21 11:27:13','2015-12-21 11:27:13',NULL,'1','De grote',1),
	(840,'2015-12-21 11:27:13','2015-12-21 11:27:13',NULL,'1','De kleine',0),
	(841,'2015-12-21 11:28:37','2015-12-21 11:28:37',NULL,'1','Zuurstofrijk bloed',1),
	(842,'2015-12-21 11:28:37','2015-12-21 11:28:37',NULL,'1','Zuurstofarm bloed',0),
	(843,'2015-12-21 11:30:48','2015-12-21 11:30:48',NULL,'1','bloedvat 3',1),
	(844,'2015-12-21 11:30:48','2015-12-21 11:30:48',NULL,'1','bloedvat 7',0),
	(845,'2015-12-21 11:31:47','2015-12-21 11:31:47',NULL,'1','Van het hart weg.',1),
	(846,'2015-12-21 11:31:47','2015-12-21 11:31:47',NULL,'1','Naar het hart toe.',0),
	(847,'2015-12-21 12:14:40','2015-12-21 12:14:40',NULL,'1','JA',1),
	(848,'2015-12-21 12:14:40','2015-12-21 12:14:40',NULL,'1','NEE',0),
	(849,'2015-12-21 12:15:01','2015-12-21 12:15:01',NULL,'1','WEL',1),
	(850,'2015-12-21 12:15:01','2015-12-21 12:15:01',NULL,'1','GEEN',0),
	(851,'2015-12-21 12:15:01','2015-12-21 12:15:01',NULL,'2','WEL',1),
	(852,'2015-12-21 12:15:01','2015-12-21 12:15:01',NULL,'2','GEEN',0),
	(853,'2015-12-21 12:15:01','2015-12-21 12:15:01',NULL,'3','WEL',1),
	(854,'2015-12-21 12:15:01','2015-12-21 12:15:01',NULL,'3','GEEN',0),
	(855,'2015-12-21 12:15:01','2015-12-21 12:15:01',NULL,'4','WEL',1),
	(856,'2015-12-21 12:15:01','2015-12-21 12:15:01',NULL,'4','GEEN',0),
	(857,'2015-12-21 12:15:01','2015-12-21 12:15:01',NULL,'5','WEL',1),
	(858,'2015-12-21 12:15:01','2015-12-21 12:15:01',NULL,'5','GEEN',0),
	(859,'2015-12-21 12:15:16','2015-12-21 12:15:16',NULL,'1','een',1),
	(860,'2015-12-21 12:15:16','2015-12-21 12:15:16',NULL,'1','geen',0),
	(861,'2015-12-21 12:15:16','2015-12-21 12:15:16',NULL,'2','geen',1),
	(862,'2015-12-21 12:15:16','2015-12-21 12:15:16',NULL,'2','een',0),
	(863,'2015-12-21 12:15:16','2015-12-21 12:15:16',NULL,'3','geen',1),
	(864,'2015-12-21 12:15:16','2015-12-21 12:15:16',NULL,'3','een',0),
	(865,'2015-12-21 12:15:16','2015-12-21 12:15:16',NULL,'4','een',1),
	(866,'2015-12-21 12:15:16','2015-12-21 12:15:16',NULL,'4','geen',0),
	(867,'2015-12-21 12:15:16','2015-12-21 12:15:16',NULL,'5','geen',1),
	(868,'2015-12-21 12:15:16','2015-12-21 12:15:16',NULL,'5','een',0),
	(869,'2015-12-21 12:15:16','2015-12-21 12:15:16',NULL,'6','een',1),
	(870,'2015-12-21 12:15:16','2015-12-21 12:15:16',NULL,'6','geen',0),
	(871,'2015-12-21 12:15:16','2015-12-21 12:15:16',NULL,'7','een',1),
	(872,'2015-12-21 12:15:16','2015-12-21 12:15:16',NULL,'7','geen',0),
	(873,'2015-12-21 12:15:16','2015-12-21 12:15:16',NULL,'8','een',1),
	(874,'2015-12-21 12:15:16','2015-12-21 12:15:16',NULL,'8','geen',0),
	(875,'2015-12-21 12:15:30','2015-12-21 12:15:30',NULL,'1','20',1),
	(876,'2015-12-21 12:15:30','2015-12-21 12:15:30',NULL,'1','40',0),
	(877,'2015-12-21 12:15:30','2015-12-21 12:15:30',NULL,'1','22',0),
	(878,'2015-12-21 12:15:30','2015-12-21 12:15:30',NULL,'1','44',0),
	(879,'2015-12-21 12:15:30','2015-12-21 12:15:30',NULL,'1','23',0),
	(880,'2015-12-21 12:15:30','2015-12-21 12:15:30',NULL,'1','46',0),
	(881,'2015-12-21 12:15:30','2015-12-21 12:15:30',NULL,'1','24',0),
	(882,'2015-12-21 12:15:30','2015-12-21 12:15:30',NULL,'1','48',0),
	(883,'2015-12-21 12:15:30','2015-12-21 12:15:30',NULL,'1','80',0),
	(884,'2015-12-21 12:15:30','2015-12-21 12:15:30',NULL,'1','10',0),
	(885,'2015-12-21 12:15:30','2015-12-21 12:15:30',NULL,'2','zijdeaapje',1),
	(886,'2015-12-21 12:15:30','2015-12-21 12:15:30',NULL,'2','varken',0),
	(887,'2015-12-21 12:15:30','2015-12-21 12:15:30',NULL,'2','konijn',0),
	(888,'2015-12-21 12:15:30','2015-12-21 12:15:30',NULL,'2','chimpansee',0),
	(889,'2015-12-21 12:29:19','2015-12-21 12:29:19',NULL,'1','NEE',1),
	(890,'2015-12-21 12:29:19','2015-12-21 12:29:19',NULL,'1','JA',0),
	(891,'2015-12-21 12:29:19','2015-12-21 12:29:19',NULL,'2','JA',1),
	(892,'2015-12-21 12:29:19','2015-12-21 12:29:19',NULL,'2','NEE',0),
	(893,'2015-12-21 12:32:04','2015-12-21 12:32:04',NULL,'1','6',1),
	(894,'2015-12-21 12:32:04','2015-12-21 12:32:04',NULL,'1','1',0),
	(895,'2015-12-21 12:32:04','2015-12-21 12:32:04',NULL,'1','2',0),
	(896,'2015-12-21 12:32:04','2015-12-21 12:32:04',NULL,'1','3',0),
	(897,'2015-12-21 12:32:04','2015-12-21 12:32:04',NULL,'1','4',0),
	(898,'2015-12-21 12:32:04','2015-12-21 12:32:04',NULL,'1','5',0),
	(899,'2015-12-21 12:32:04','2015-12-21 12:32:04',NULL,'1','7',0),
	(900,'2015-12-21 12:32:04','2015-12-21 12:32:04',NULL,'1','8',0),
	(901,'2015-12-21 12:32:04','2015-12-21 12:32:04',NULL,'1','9',0),
	(902,'2015-12-21 12:32:04','2015-12-21 12:32:04',NULL,'1','10',0),
	(903,'2015-12-21 12:32:18','2015-12-21 12:32:18',NULL,'1','controlegroep',1),
	(904,'2015-12-21 12:32:18','2015-12-21 12:32:18',NULL,'1','proefgroep',0),
	(905,'2016-01-20 13:40:14','2016-01-20 13:40:14',NULL,'1','hongersnood',1),
	(906,'2016-01-20 13:40:14','2016-01-20 13:40:14',NULL,'2','Rode Kruis',1),
	(907,'2016-01-20 13:40:14','2016-01-20 13:40:14',NULL,'3','de\r\nwinterkou',1),
	(908,'2016-01-20 13:40:14','2016-01-20 13:40:14',NULL,'4','voedseltekorten',1),
	(909,'2016-01-20 14:11:26','2016-01-20 14:11:26',NULL,'1','prostaatkanker',1),
	(910,'2016-01-20 14:11:26','2016-01-20 14:11:26',NULL,'1','Bassie te pakken',0),
	(911,'2016-01-20 14:11:26','2016-01-20 14:11:26',NULL,'1','Adriaan verkracht',0),
	(912,'2016-01-20 14:11:26','2016-01-20 14:11:26',NULL,'2','prostaatkanker',1),
	(913,'2016-01-20 14:11:26','2016-01-20 14:11:26',NULL,'2','Bassie te pakken',0),
	(914,'2016-01-20 14:11:26','2016-01-20 14:11:26',NULL,'2','Adriaan verkracht',0),
	(915,'2016-01-20 14:11:26','2016-01-20 14:11:26',NULL,'3','ziekte',1),
	(916,'2016-01-20 14:11:26','2016-01-20 14:11:26',NULL,'3','misdaad',0),
	(917,'2016-01-20 14:11:26','2016-01-20 14:11:26',NULL,'3','verkrachting',0),
	(918,'2016-01-20 14:11:26','2016-01-20 14:11:26',NULL,'4','prostaatkanker',1),
	(919,'2016-01-20 14:11:26','2016-01-20 14:11:26',NULL,'4','Bassie heeft opgegeten',0),
	(920,'2016-01-20 14:11:26','2016-01-20 14:11:26',NULL,'4','Adriaan heeft gepenetreert',0),
	(921,'2016-01-20 14:11:26','2016-01-20 14:11:26',NULL,'5','de botten',1),
	(922,'2016-01-20 14:11:26','2016-01-20 14:11:26',NULL,'5','B12',0),
	(923,'2016-01-20 14:11:26','2016-01-20 14:11:26',NULL,'5','Vlaardingen',0),
	(924,'2016-01-26 15:35:58','2016-01-26 15:35:58',NULL,'1','in de kleine bloedsomloop',1),
	(925,'2016-01-26 15:35:58','2016-01-26 15:35:58',NULL,'1','in de grote bloedsomloop',0),
	(926,'2016-01-26 15:38:34','2016-01-26 15:38:34',NULL,'1','halvemaanvormige kleppen',1),
	(927,'2016-01-26 15:38:34','2016-01-26 15:38:34',NULL,'2','haarvaten',1),
	(928,'2016-01-26 15:38:34','2016-01-26 15:38:34',NULL,'3','poortader',1),
	(929,'2016-01-26 15:41:55','2016-01-26 15:41:55',NULL,'1','urine',1),
	(930,'2016-01-26 15:46:57','2016-01-26 15:46:57',NULL,'1','nee',1),
	(931,'2016-01-26 15:46:57','2016-01-26 15:46:57',NULL,'1','ja',0),
	(932,'2016-01-26 15:56:01','2016-01-26 15:56:01',NULL,'1','nee',1),
	(933,'2016-01-26 15:56:01','2016-01-26 15:56:01',NULL,'1','ja',0),
	(934,'2016-01-26 15:56:01','2016-01-26 15:56:01',NULL,'2','ja',1),
	(935,'2016-01-26 15:56:01','2016-01-26 15:56:01',NULL,'2','nee',0),
	(936,'2016-01-26 16:01:53','2016-01-26 16:01:53',NULL,'1','7',1),
	(937,'2016-01-26 16:01:53','2016-01-26 16:01:53',NULL,'1','1',0),
	(938,'2016-01-26 16:01:53','2016-01-26 16:01:53',NULL,'1','2',0),
	(939,'2016-01-26 16:01:53','2016-01-26 16:01:53',NULL,'1','3',0),
	(940,'2016-01-26 16:01:53','2016-01-26 16:01:53',NULL,'1','4',0),
	(941,'2016-01-26 16:01:53','2016-01-26 16:01:53',NULL,'1','5',0),
	(942,'2016-01-26 16:01:53','2016-01-26 16:01:53',NULL,'1','6',0),
	(943,'2016-01-26 16:01:53','2016-01-26 16:01:53',NULL,'1','8',0),
	(944,'2016-01-26 16:01:53','2016-01-26 16:01:53',NULL,'1','9',0),
	(945,'2016-01-26 16:01:53','2016-01-26 16:01:53',NULL,'2','9',1),
	(946,'2016-01-26 16:01:53','2016-01-26 16:01:53',NULL,'2','8',0),
	(947,'2016-01-26 16:01:53','2016-01-26 16:01:53',NULL,'2','7',0),
	(948,'2016-01-26 16:01:53','2016-01-26 16:01:53',NULL,'2','6',0),
	(949,'2016-01-26 16:01:53','2016-01-26 16:01:53',NULL,'2','5',0),
	(950,'2016-01-26 16:01:53','2016-01-26 16:01:53',NULL,'2','4',0),
	(951,'2016-01-26 16:01:53','2016-01-26 16:01:53',NULL,'2','3',0),
	(952,'2016-01-26 16:01:53','2016-01-26 16:01:53',NULL,'2','2',0),
	(953,'2016-01-26 16:01:53','2016-01-26 16:01:53',NULL,'2','1',0),
	(954,'2016-01-26 16:01:53','2016-01-26 16:01:53',NULL,'3','weg',1),
	(955,'2016-01-26 16:01:53','2016-01-26 16:01:53',NULL,'3','toe',0),
	(956,'2016-01-26 16:01:53','2016-01-26 16:01:53',NULL,'4','4',1),
	(957,'2016-01-26 16:01:54','2016-01-26 16:01:54',NULL,'4','8',0),
	(958,'2016-01-26 16:06:41','2016-01-26 16:06:41',NULL,'1','kleine bloedsomloop',1),
	(959,'2016-01-26 16:06:41','2016-01-26 16:06:41',NULL,'1','grote bloedsomloop',0),
	(960,'2016-01-26 16:06:41','2016-01-26 16:06:41',NULL,'2','zuurstofarm bloed',1),
	(961,'2016-01-26 16:06:41','2016-01-26 16:06:41',NULL,'2','zuurstofrijk bloed',0),
	(962,'2016-01-26 16:06:41','2016-01-26 16:06:41',NULL,'3','4',1),
	(963,'2016-01-26 16:06:41','2016-01-26 16:06:41',NULL,'3','1',0),
	(964,'2016-01-26 16:06:41','2016-01-26 16:06:41',NULL,'3','2',0),
	(965,'2016-01-26 16:06:41','2016-01-26 16:06:41',NULL,'3','3',0),
	(966,'2016-01-26 16:06:41','2016-01-26 16:06:41',NULL,'3','5',0),
	(967,'2016-01-26 16:06:41','2016-01-26 16:06:41',NULL,'3','6',0),
	(968,'2016-01-26 16:06:41','2016-01-26 16:06:41',NULL,'3','7',0),
	(969,'2016-01-26 16:06:41','2016-01-26 16:06:41',NULL,'3','8',0),
	(970,'2016-01-26 16:06:41','2016-01-26 16:06:41',NULL,'3','9',0),
	(971,'2016-03-01 14:45:53','2016-03-01 14:46:00','2016-03-01 14:46:00','1','zonder hoorns',1),
	(972,'2016-03-01 14:45:53','2016-03-01 14:46:00','2016-03-01 14:46:00','1','met hoorns',0),
	(973,'2016-03-01 14:46:00','2016-03-01 14:46:00',NULL,'1','zonder hoorns',1),
	(974,'2016-03-01 14:46:00','2016-03-01 14:46:00',NULL,'1','met hoorns',0),
	(975,'2016-03-01 15:47:30','2016-03-01 15:47:30',NULL,'1','homozygoot',1),
	(976,'2016-03-01 15:47:30','2016-03-01 15:47:30',NULL,'1','heterozygoot',0),
	(977,'2016-03-01 18:20:50','2016-03-01 18:20:50',NULL,'1','is niet te zeggen',1),
	(978,'2016-03-01 18:20:50','2016-03-01 18:20:50',NULL,'1','linkshandig',0),
	(979,'2016-03-01 18:20:50','2016-03-01 18:20:50',NULL,'1','rechtshandig',0),
	(980,'2016-03-18 09:00:07','2016-03-18 09:00:07',NULL,'1','Hubble ruimtetelescoop',1),
	(981,'2016-03-18 09:00:07','2016-03-18 09:00:07',NULL,'1','James Webb ruimtetelescoop',0),
	(982,'2016-03-18 09:00:07','2016-03-18 09:00:07',NULL,'1','Bubble ruimtetelescoop',0),
	(983,'2016-03-18 09:00:07','2016-03-18 09:00:07',NULL,'1','Spinnen Web ruimtetelescoop',0),
	(984,'2016-03-18 09:00:07','2016-03-18 09:00:07',NULL,'2','zon',1),
	(985,'2016-03-18 09:00:07','2016-03-18 09:00:07',NULL,'2','aarde',0),
	(986,'2016-03-18 09:00:07','2016-03-18 09:00:07',NULL,'3','Goudvis',1),
	(987,'2016-03-18 09:00:07','2016-03-18 09:00:07',NULL,'3','Zilvervis',0),
	(988,'2016-03-18 09:00:07','2016-03-18 09:00:07',NULL,'4','Hubble',1),
	(989,'2016-03-18 09:00:07','2016-03-18 09:00:07',NULL,'4','Bubble',0),
	(990,'2016-03-18 09:00:07','2016-03-18 09:00:07',NULL,'4','Spinnen Web',0),
	(991,'2016-03-18 09:00:07','2016-03-18 09:00:07',NULL,'4','James Webb',0),
	(992,'2016-03-18 09:07:08','2016-03-18 09:07:08',NULL,'1','Porsche',1),
	(993,'2016-03-18 09:07:08','2016-03-18 09:07:08',NULL,'2','auto',1),
	(994,'2016-03-18 09:07:08','2016-03-18 09:07:08',NULL,'3','Porsche',1),
	(995,'2016-03-21 07:43:58','2016-03-21 07:43:58',NULL,'1','ontsluiting',1),
	(996,'2016-03-21 07:43:58','2016-03-21 07:43:58',NULL,'1','uitdrijving',0),
	(997,'2016-03-21 08:13:20','2016-03-21 08:13:20',NULL,'1','5',1),
	(998,'2016-03-21 08:13:20','2016-03-21 08:13:20',NULL,'1','1',0),
	(999,'2016-03-21 08:13:20','2016-03-21 08:13:20',NULL,'1','2',0),
	(1000,'2016-03-21 08:13:20','2016-03-21 08:13:20',NULL,'1','3',0),
	(1001,'2016-03-21 08:13:20','2016-03-21 08:13:20',NULL,'1','4',0),
	(1002,'2016-03-21 10:24:03','2016-03-21 10:24:03',NULL,'1','primair',1),
	(1003,'2016-03-21 10:24:03','2016-03-21 10:24:03',NULL,'1','secundair',0),
	(1004,'2016-03-21 10:24:03','2016-03-21 10:24:03',NULL,'2','secundair',1),
	(1005,'2016-03-21 10:24:03','2016-03-21 10:24:03',NULL,'2','primair',0),
	(1006,'2016-03-21 10:27:31','2016-03-21 10:27:31',NULL,'1','orgasme',1),
	(1007,'2016-03-21 10:27:31','2016-03-21 10:27:31',NULL,'1','masturbatie',0),
	(1008,'2016-03-21 10:27:31','2016-03-21 10:27:31',NULL,'2','eicellen',1),
	(1009,'2016-03-21 10:27:31','2016-03-21 10:27:31',NULL,'2','zaadcellen',0),
	(1010,'2016-03-21 10:27:31','2016-03-21 10:27:31',NULL,'3','van ongeveer 3 dagen vóór de ovulatie tot 1 dag na de ovulatie',1),
	(1011,'2016-03-21 10:27:31','2016-03-21 10:27:31',NULL,'3','van ongeveer 3 dagen vóór de menstruatie tot 1 dag na de menstruatie',0),
	(1012,'2016-03-21 10:32:04','2016-03-21 10:32:04',NULL,'1','in het baarmoederslijmvlies',1),
	(1013,'2016-03-21 10:32:04','2016-03-21 10:32:04',NULL,'1','in het slijmvlies van de vagina',0),
	(1014,'2016-03-21 10:32:04','2016-03-21 10:32:04',NULL,'2','van het bloed van het embryo naar het bloed van de moeder',1),
	(1015,'2016-03-21 10:32:04','2016-03-21 10:32:04',NULL,'2','van het bloed van de moeder naar het bloed van het embryo',0),
	(1016,'2016-03-21 10:41:21','2016-03-21 10:41:21',NULL,'1','niet',1),
	(1017,'2016-03-21 10:41:21','2016-03-21 10:41:21',NULL,'1','wel',0),
	(1018,'2016-03-21 10:41:21','2016-03-21 10:41:21',NULL,'2','groter',1),
	(1019,'2016-03-21 10:41:21','2016-03-21 10:41:21',NULL,'2','kleiner',0),
	(1020,'2016-03-24 08:46:09','2016-03-24 08:46:09',NULL,'1','Paleozoïcum',1),
	(1021,'2016-03-24 08:46:10','2016-03-24 08:46:10',NULL,'1','Mesozoïcum',0),
	(1022,'2016-03-24 08:46:10','2016-03-24 08:46:10',NULL,'1','Neozoïcum',0),
	(1023,'2016-03-24 09:03:35','2016-03-24 09:03:35',NULL,'1','4',1),
	(1024,'2016-03-24 09:03:35','2016-03-24 09:03:35',NULL,'1','1',0),
	(1025,'2016-03-24 09:03:35','2016-03-24 09:03:35',NULL,'1','2',0),
	(1026,'2016-03-24 09:03:35','2016-03-24 09:03:35',NULL,'1','3',0),
	(1027,'2016-03-24 09:03:35','2016-03-24 09:03:35',NULL,'1','5',0),
	(1028,'2016-03-24 09:03:35','2016-03-24 09:03:35',NULL,'1','6',0),
	(1029,'2016-03-24 09:03:35','2016-03-24 09:03:35',NULL,'1','7',0),
	(1030,'2016-03-24 09:03:35','2016-03-24 09:03:35',NULL,'1','8',0),
	(1031,'2016-03-24 09:06:31','2016-03-24 09:06:31',NULL,'1','4',1),
	(1032,'2016-03-24 09:06:31','2016-03-24 09:06:31',NULL,'1','1',0),
	(1033,'2016-03-24 09:06:31','2016-03-24 09:06:31',NULL,'1','2',0),
	(1034,'2016-03-24 09:06:32','2016-03-24 09:06:32',NULL,'1','3',0),
	(1035,'2016-03-24 09:06:32','2016-03-24 09:06:32',NULL,'1','5',0),
	(1036,'2016-03-24 09:06:32','2016-03-24 09:06:32',NULL,'1','8',0),
	(1037,'2016-03-24 09:07:50','2016-03-24 09:07:50',NULL,'1','1',1),
	(1038,'2016-03-24 09:07:50','2016-03-24 09:07:50',NULL,'1','3',0),
	(1039,'2016-03-24 09:07:50','2016-03-24 09:07:50',NULL,'1','4',0),
	(1040,'2016-03-24 09:07:50','2016-03-24 09:07:50',NULL,'1','5',0),
	(1041,'2016-03-24 09:07:50','2016-03-24 09:07:50',NULL,'1','6',0),
	(1042,'2016-03-24 09:07:50','2016-03-24 09:07:50',NULL,'1','7',0),
	(1043,'2016-03-24 09:07:50','2016-03-24 09:07:50',NULL,'1','8',0),
	(1044,'2016-03-24 09:07:50','2016-03-24 09:07:50',NULL,'1','42',0),
	(1045,'2016-03-24 09:08:38','2016-03-24 09:08:38',NULL,'1','3',1),
	(1046,'2016-03-24 09:08:38','2016-03-24 09:08:38',NULL,'1','7',0),
	(1047,'2016-03-24 09:14:55','2016-03-24 09:14:55',NULL,'1','ja',1),
	(1048,'2016-03-24 09:14:55','2016-03-24 09:14:55',NULL,'1','nee',0),
	(1049,'2016-03-24 09:14:55','2016-03-24 09:14:55',NULL,'2','ja',1),
	(1050,'2016-03-24 09:14:55','2016-03-24 09:14:55',NULL,'2','nee',0),
	(1051,'2016-03-24 09:20:17','2016-03-24 09:20:17',NULL,'1','Anja',1),
	(1052,'2016-03-24 09:20:17','2016-03-24 09:20:17',NULL,'1','Eric',0),
	(1053,'2016-03-24 09:20:17','2016-03-24 09:20:17',NULL,'1','Anja en Eric',0),
	(1054,'2016-03-24 09:20:17','2016-03-24 09:20:17',NULL,'2','Anja en Eric',1),
	(1055,'2016-03-24 09:20:17','2016-03-24 09:20:17',NULL,'2','Anja',0),
	(1056,'2016-03-24 09:20:17','2016-03-24 09:20:17',NULL,'2','Eric',0),
	(1057,'2016-03-25 10:52:18','2016-03-25 10:52:18',NULL,'1','erwy',1),
	(1058,'2016-03-25 10:52:50','2016-03-25 10:52:50',NULL,'1','tyedu',1),
	(1059,'2016-03-25 10:52:50','2016-03-25 10:52:50',NULL,'1','45',0),
	(1060,'2016-04-01 13:08:27','2016-04-01 13:09:46','2016-04-01 13:09:46','1','life',1),
	(1061,'2016-04-01 13:08:27','2016-04-01 13:09:46','2016-04-01 13:09:46','1','live',0),
	(1062,'2016-04-01 13:08:27','2016-04-01 13:09:46','2016-04-01 13:09:46','2','life',1),
	(1063,'2016-04-01 13:08:27','2016-04-01 13:09:46','2016-04-01 13:09:46','2','live',0),
	(1064,'2016-04-01 13:08:27','2016-04-01 13:09:46','2016-04-01 13:09:46','3','life',1),
	(1065,'2016-04-01 13:08:27','2016-04-01 13:09:46','2016-04-01 13:09:46','3','live',0),
	(1066,'2016-04-01 13:08:27','2016-04-01 13:09:46','2016-04-01 13:09:46','4','life',1),
	(1067,'2016-04-01 13:08:27','2016-04-01 13:09:46','2016-04-01 13:09:46','4','live',0),
	(1068,'2016-04-01 13:08:27','2016-04-01 13:09:46','2016-04-01 13:09:46','5','lifes',1),
	(1069,'2016-04-01 13:08:27','2016-04-01 13:09:46','2016-04-01 13:09:46','5','lives',0),
	(1070,'2016-04-01 13:09:46','2016-04-01 13:09:46',NULL,'1','life',1),
	(1071,'2016-04-01 13:09:46','2016-04-01 13:09:46',NULL,'1','live',0),
	(1072,'2016-04-01 13:09:46','2016-04-01 13:09:46',NULL,'2','life',1),
	(1073,'2016-04-01 13:09:46','2016-04-01 13:09:46',NULL,'2','live',0),
	(1074,'2016-04-01 13:09:47','2016-04-01 13:09:47',NULL,'3','life',1),
	(1075,'2016-04-01 13:09:47','2016-04-01 13:09:47',NULL,'3','live',0),
	(1076,'2016-04-01 13:09:47','2016-04-01 13:09:47',NULL,'4','live',1),
	(1077,'2016-04-01 13:09:47','2016-04-01 13:09:47',NULL,'4','life',0),
	(1078,'2016-04-01 13:09:47','2016-04-01 13:09:47',NULL,'5','lives',1),
	(1079,'2016-04-01 13:09:47','2016-04-01 13:09:47',NULL,'5','lifes',0),
	(1080,'2016-04-26 09:07:31','2016-04-26 09:07:31',NULL,'1','gatentekst',1),
	(1081,'2016-04-26 09:07:32','2016-04-26 09:07:32',NULL,'1','gatentekst',1),
	(1082,'2016-04-26 09:12:47','2016-04-26 09:12:47',NULL,'1','selectievraag',1),
	(1083,'2016-04-26 09:12:47','2016-04-26 09:12:47',NULL,'1','gatentekst',0),
	(1084,'2016-04-26 09:12:47','2016-04-26 09:12:47',NULL,'1','meerkeuze',0),
	(1085,'2016-05-18 21:27:46','2016-05-18 21:39:44','2016-05-18 21:39:44','1','JUIST',1),
	(1086,'2016-05-18 21:27:46','2016-05-18 21:39:44','2016-05-18 21:39:44','1','ONJUIST',0),
	(1087,'2016-05-18 21:27:46','2016-05-18 21:39:44','2016-05-18 21:39:44','2','ONJUIST',1),
	(1088,'2016-05-18 21:27:46','2016-05-18 21:39:44','2016-05-18 21:39:44','2','JUIST',0),
	(1089,'2016-05-18 21:27:46','2016-05-18 21:39:44','2016-05-18 21:39:44','3','JUIST',1),
	(1090,'2016-05-18 21:27:46','2016-05-18 21:39:44','2016-05-18 21:39:44','3','ONJUIST',0),
	(1091,'2016-05-18 21:27:46','2016-05-18 21:39:44','2016-05-18 21:39:44','4','JUIST',1),
	(1092,'2016-05-18 21:27:46','2016-05-18 21:39:44','2016-05-18 21:39:44','4','ONJUIST',0),
	(1093,'2016-05-18 21:27:46','2016-05-18 21:39:44','2016-05-18 21:39:44','5','ONJUIST',1),
	(1094,'2016-05-18 21:27:46','2016-05-18 21:39:44','2016-05-18 21:39:44','5','JUIST',0),
	(1095,'2016-05-18 21:30:00','2016-05-18 21:39:26','2016-05-18 21:39:26','1','JUIST',1),
	(1096,'2016-05-18 21:30:00','2016-05-18 21:39:26','2016-05-18 21:39:26','1','ONJUIST',0),
	(1097,'2016-05-18 21:30:00','2016-05-18 21:39:26','2016-05-18 21:39:26','2','ONJUIST',1),
	(1098,'2016-05-18 21:30:00','2016-05-18 21:39:26','2016-05-18 21:39:26','2','JUIST',0),
	(1099,'2016-05-18 21:30:00','2016-05-18 21:39:26','2016-05-18 21:39:26','3','JUIST',1),
	(1100,'2016-05-18 21:30:00','2016-05-18 21:39:26','2016-05-18 21:39:26','3','ONJUIST',0),
	(1101,'2016-05-18 21:30:00','2016-05-18 21:39:26','2016-05-18 21:39:26','4','JUIST',1),
	(1102,'2016-05-18 21:30:00','2016-05-18 21:39:26','2016-05-18 21:39:26','4','ONJUIST',0),
	(1103,'2016-05-18 21:30:00','2016-05-18 21:39:26','2016-05-18 21:39:26','5','ONJUIST',1),
	(1104,'2016-05-18 21:30:00','2016-05-18 21:39:26','2016-05-18 21:39:26','5','JUIST',0),
	(1105,'2016-05-18 21:32:05','2016-05-18 21:39:53','2016-05-18 21:39:53','1','ONJUIST',1),
	(1106,'2016-05-18 21:32:05','2016-05-18 21:39:53','2016-05-18 21:39:53','1','JUIST',0),
	(1107,'2016-05-18 21:32:05','2016-05-18 21:39:53','2016-05-18 21:39:53','2','ONJUIST',1),
	(1108,'2016-05-18 21:32:05','2016-05-18 21:39:53','2016-05-18 21:39:53','2','JUIST',0),
	(1109,'2016-05-18 21:34:47','2016-05-18 21:40:12','2016-05-18 21:40:12','1','JUIST',1),
	(1110,'2016-05-18 21:34:47','2016-05-18 21:40:12','2016-05-18 21:40:12','1','ONJUIST',0),
	(1111,'2016-05-18 21:34:47','2016-05-18 21:40:12','2016-05-18 21:40:12','2','ONJUIST',1),
	(1112,'2016-05-18 21:34:47','2016-05-18 21:40:12','2016-05-18 21:40:12','2','JUIST',0),
	(1113,'2016-05-18 21:34:47','2016-05-18 21:40:12','2016-05-18 21:40:12','3','ONJUIST',1),
	(1114,'2016-05-18 21:34:47','2016-05-18 21:40:12','2016-05-18 21:40:12','3','JUIST',0),
	(1115,'2016-05-18 21:34:47','2016-05-18 21:40:12','2016-05-18 21:40:12','4','JUIST',1),
	(1116,'2016-05-18 21:34:47','2016-05-18 21:40:12','2016-05-18 21:40:12','4','ONJUIST',0),
	(1117,'2016-05-18 21:39:26','2016-05-18 21:39:26',NULL,'1','JUIST',1),
	(1118,'2016-05-18 21:39:26','2016-05-18 21:39:26',NULL,'1','ONJUIST',0),
	(1119,'2016-05-18 21:39:26','2016-05-18 21:39:26',NULL,'2','ONJUIST',1),
	(1120,'2016-05-18 21:39:26','2016-05-18 21:39:26',NULL,'2','JUIST',0),
	(1121,'2016-05-18 21:39:26','2016-05-18 21:39:26',NULL,'3','JUIST',1),
	(1122,'2016-05-18 21:39:26','2016-05-18 21:39:26',NULL,'3','ONJUIST',0),
	(1123,'2016-05-18 21:39:26','2016-05-18 21:39:26',NULL,'4','JUIST',1),
	(1124,'2016-05-18 21:39:26','2016-05-18 21:39:26',NULL,'4','ONJUIST',0),
	(1125,'2016-05-18 21:39:27','2016-05-18 21:39:27',NULL,'5','ONJUIST',1),
	(1126,'2016-05-18 21:39:27','2016-05-18 21:39:27',NULL,'5','JUIST',0),
	(1127,'2016-05-18 21:39:44','2016-05-18 21:47:51','2016-05-18 21:47:51','1','JUIST',1),
	(1128,'2016-05-18 21:39:44','2016-05-18 21:47:51','2016-05-18 21:47:51','1','ONJUIST',0),
	(1129,'2016-05-18 21:39:44','2016-05-18 21:47:51','2016-05-18 21:47:51','2','ONJUIST',1),
	(1130,'2016-05-18 21:39:44','2016-05-18 21:47:51','2016-05-18 21:47:51','2','JUIST',0),
	(1131,'2016-05-18 21:39:44','2016-05-18 21:47:51','2016-05-18 21:47:51','3','JUIST',1),
	(1132,'2016-05-18 21:39:45','2016-05-18 21:47:51','2016-05-18 21:47:51','3','ONJUIST',0),
	(1133,'2016-05-18 21:39:45','2016-05-18 21:47:51','2016-05-18 21:47:51','4','JUIST',1),
	(1134,'2016-05-18 21:39:45','2016-05-18 21:47:51','2016-05-18 21:47:51','4','ONJUIST',0),
	(1135,'2016-05-18 21:39:45','2016-05-18 21:47:51','2016-05-18 21:47:51','5','ONJUIST',1),
	(1136,'2016-05-18 21:39:45','2016-05-18 21:47:51','2016-05-18 21:47:51','5','JUIST',0),
	(1137,'2016-05-18 21:39:53','2016-05-18 21:39:53',NULL,'1','ONJUIST',1),
	(1138,'2016-05-18 21:39:53','2016-05-18 21:39:53',NULL,'1','JUIST',0),
	(1139,'2016-05-18 21:39:53','2016-05-18 21:39:53',NULL,'2','ONJUIST',1),
	(1140,'2016-05-18 21:39:53','2016-05-18 21:39:53',NULL,'2','JUIST',0),
	(1141,'2016-05-18 21:40:12','2016-05-18 21:40:12',NULL,'1','JUIST',1),
	(1142,'2016-05-18 21:40:12','2016-05-18 21:40:12',NULL,'1','ONJUIST',0),
	(1143,'2016-05-18 21:40:12','2016-05-18 21:40:12',NULL,'2','ONJUIST',1),
	(1144,'2016-05-18 21:40:12','2016-05-18 21:40:12',NULL,'2','JUIST',0),
	(1145,'2016-05-18 21:40:12','2016-05-18 21:40:12',NULL,'3','ONJUIST',1),
	(1146,'2016-05-18 21:40:12','2016-05-18 21:40:12',NULL,'3','JUIST',0),
	(1147,'2016-05-18 21:40:12','2016-05-18 21:40:12',NULL,'4','JUIST',1),
	(1148,'2016-05-18 21:40:12','2016-05-18 21:40:12',NULL,'4','ONJUIST',0),
	(1149,'2016-05-18 21:43:11','2016-05-18 21:43:11',NULL,'1','JUIST',1),
	(1150,'2016-05-18 21:43:11','2016-05-18 21:43:11',NULL,'1','ONJUIST',0),
	(1151,'2016-05-18 21:43:11','2016-05-18 21:43:11',NULL,'2','JUIST',1),
	(1152,'2016-05-18 21:43:11','2016-05-18 21:43:11',NULL,'2','ONJUIST',0),
	(1153,'2016-05-18 21:43:11','2016-05-18 21:43:11',NULL,'3','JUIST',1),
	(1154,'2016-05-18 21:43:11','2016-05-18 21:43:11',NULL,'3','ONJUIST',0),
	(1155,'2016-05-18 21:43:11','2016-05-18 21:43:11',NULL,'4','JUIST',1),
	(1156,'2016-05-18 21:43:11','2016-05-18 21:43:11',NULL,'4','ONJUIST',0),
	(1157,'2016-05-18 21:43:11','2016-05-18 21:43:11',NULL,'5','ONJUIST',1),
	(1158,'2016-05-18 21:43:11','2016-05-18 21:43:11',NULL,'5','JUIST',0),
	(1159,'2016-05-18 21:44:55','2016-05-18 21:44:55',NULL,'1','ONJUIST',1),
	(1160,'2016-05-18 21:44:55','2016-05-18 21:44:55',NULL,'1','JUIST',0),
	(1161,'2016-05-18 21:44:55','2016-05-18 21:44:55',NULL,'2','ONJUIST',1),
	(1162,'2016-05-18 21:44:55','2016-05-18 21:44:55',NULL,'2','JUIST',0),
	(1163,'2016-05-18 21:47:19','2016-05-18 21:47:41','2016-05-18 21:47:41','1','JUIST',1),
	(1164,'2016-05-18 21:47:19','2016-05-18 21:47:41','2016-05-18 21:47:41','1','ONJUIST',0),
	(1165,'2016-05-18 21:47:20','2016-05-18 21:47:41','2016-05-18 21:47:41','2','JUIST',1),
	(1166,'2016-05-18 21:47:20','2016-05-18 21:47:41','2016-05-18 21:47:41','2','ONJUIST',0),
	(1167,'2016-05-18 21:47:20','2016-05-18 21:47:41','2016-05-18 21:47:41','3','JUIST',1),
	(1168,'2016-05-18 21:47:20','2016-05-18 21:47:41','2016-05-18 21:47:41','3','ONJUIST',0),
	(1169,'2016-05-18 21:47:41','2016-05-18 21:47:41',NULL,'1','JUIST',1),
	(1170,'2016-05-18 21:47:41','2016-05-18 21:47:41',NULL,'1','ONJUIST',0),
	(1171,'2016-05-18 21:47:41','2016-05-18 21:47:41',NULL,'2','JUIST',1),
	(1172,'2016-05-18 21:47:41','2016-05-18 21:47:41',NULL,'2','ONJUIST',0),
	(1173,'2016-05-18 21:47:41','2016-05-18 21:47:41',NULL,'3','JUIST',1),
	(1174,'2016-05-18 21:47:41','2016-05-18 21:47:41',NULL,'3','ONJUIST',0),
	(1175,'2016-05-18 21:47:51','2016-05-18 21:48:05','2016-05-18 21:48:05','1','JUIST',1),
	(1176,'2016-05-18 21:47:51','2016-05-18 21:48:05','2016-05-18 21:48:05','1','ONJUIST',0),
	(1177,'2016-05-18 21:47:51','2016-05-18 21:48:05','2016-05-18 21:48:05','2','ONJUIST',1),
	(1178,'2016-05-18 21:47:51','2016-05-18 21:48:05','2016-05-18 21:48:05','2','JUIST',0),
	(1179,'2016-05-18 21:47:51','2016-05-18 21:48:05','2016-05-18 21:48:05','3','JUIST',1),
	(1180,'2016-05-18 21:47:51','2016-05-18 21:48:05','2016-05-18 21:48:05','3','ONJUIST',0),
	(1181,'2016-05-18 21:47:51','2016-05-18 21:48:05','2016-05-18 21:48:05','4','JUIST',1),
	(1182,'2016-05-18 21:47:51','2016-05-18 21:48:05','2016-05-18 21:48:05','4','ONJUIST',0),
	(1183,'2016-05-18 21:47:51','2016-05-18 21:48:05','2016-05-18 21:48:05','5','ONJUIST',1),
	(1184,'2016-05-18 21:47:51','2016-05-18 21:48:05','2016-05-18 21:48:05','5','JUIST',0),
	(1185,'2016-05-18 21:48:05','2016-05-18 21:48:05',NULL,'1','JUIST',1),
	(1186,'2016-05-18 21:48:06','2016-05-18 21:48:06',NULL,'1','ONJUIST',0),
	(1187,'2016-05-18 21:48:06','2016-05-18 21:48:06',NULL,'2','ONJUIST',1),
	(1188,'2016-05-18 21:48:06','2016-05-18 21:48:06',NULL,'2','JUIST',0),
	(1189,'2016-05-18 21:48:06','2016-05-18 21:48:06',NULL,'3','JUIST',1),
	(1190,'2016-05-18 21:48:06','2016-05-18 21:48:06',NULL,'3','ONJUIST',0),
	(1191,'2016-05-18 21:48:06','2016-05-18 21:48:06',NULL,'4','JUIST',1),
	(1192,'2016-05-18 21:48:06','2016-05-18 21:48:06',NULL,'4','ONJUIST',0),
	(1193,'2016-05-18 21:48:06','2016-05-18 21:48:06',NULL,'5','ONJUIST',1),
	(1194,'2016-05-18 21:48:06','2016-05-18 21:48:06',NULL,'5','JUIST',0),
	(1195,'2016-05-18 21:51:27','2016-05-18 21:51:27',NULL,'1','ONJUIST',1),
	(1196,'2016-05-18 21:51:27','2016-05-18 21:51:27',NULL,'1','JUIST',0),
	(1197,'2016-05-18 21:51:27','2016-05-18 21:51:27',NULL,'2','ONJUIST',1),
	(1198,'2016-05-18 21:51:27','2016-05-18 21:51:27',NULL,'2','JUIST',0),
	(1199,'2016-05-18 21:51:27','2016-05-18 21:51:27',NULL,'3','ONJUIST',1),
	(1200,'2016-05-18 21:51:27','2016-05-18 21:51:27',NULL,'3','JUIST',0),
	(1201,'2016-05-18 21:51:27','2016-05-18 21:51:27',NULL,'4','JUIST',1),
	(1202,'2016-05-18 21:51:27','2016-05-18 21:51:27',NULL,'4','ONJUIST',0),
	(1203,'2016-05-18 21:51:27','2016-05-18 21:51:27',NULL,'5','JUIST',1),
	(1204,'2016-05-18 21:51:28','2016-05-18 21:51:28',NULL,'5','ONJUIST',0),
	(1205,'2016-05-18 21:59:18','2016-05-18 21:59:18',NULL,'1','ONJUIST',1),
	(1206,'2016-05-18 21:59:18','2016-05-18 21:59:18',NULL,'1','JUIST',0),
	(1207,'2016-05-18 21:59:18','2016-05-18 21:59:18',NULL,'2','JUIST',1),
	(1208,'2016-05-18 21:59:18','2016-05-18 21:59:18',NULL,'2','ONJUIST',0),
	(1209,'2016-05-18 21:59:18','2016-05-18 21:59:18',NULL,'3','JUIST',1),
	(1210,'2016-05-18 21:59:18','2016-05-18 21:59:18',NULL,'3','ONJUIST',0),
	(1211,'2016-05-18 21:59:18','2016-05-18 21:59:18',NULL,'4','JUIST',1),
	(1212,'2016-05-18 21:59:18','2016-05-18 21:59:18',NULL,'4','ONJUIST',0),
	(1213,'2016-05-18 22:01:24','2016-05-18 22:24:43','2016-05-18 22:24:43','1','JUIST',1),
	(1214,'2016-05-18 22:01:24','2016-05-18 22:24:43','2016-05-18 22:24:43','1','ONJUIST',0),
	(1215,'2016-05-18 22:01:24','2016-05-18 22:24:43','2016-05-18 22:24:43','2','ONJUIST',1),
	(1216,'2016-05-18 22:01:24','2016-05-18 22:24:43','2016-05-18 22:24:43','2','JUIST',0),
	(1217,'2016-05-18 22:24:43','2016-05-18 22:24:43',NULL,'1','JUIST',1),
	(1218,'2016-05-18 22:24:44','2016-05-18 22:24:44',NULL,'1','ONJUIST',0),
	(1219,'2016-05-18 22:24:44','2016-05-18 22:24:44',NULL,'2','ONJUIST',1),
	(1220,'2016-05-18 22:24:44','2016-05-18 22:24:44',NULL,'2','JUIST',0),
	(1221,'2016-05-22 19:54:43','2016-05-22 19:55:04','2016-05-22 19:55:04','1','JUIST',1),
	(1222,'2016-05-22 19:54:43','2016-05-22 19:55:04','2016-05-22 19:55:04','1','ONJUIST',0),
	(1223,'2016-05-22 19:54:43','2016-05-22 19:55:04','2016-05-22 19:55:04','2','JUIST',1),
	(1224,'2016-05-22 19:54:44','2016-05-22 19:55:04','2016-05-22 19:55:04','2','ONJUIST',0),
	(1225,'2016-05-22 19:54:44','2016-05-22 19:55:04','2016-05-22 19:55:04','3','ONJUIST',1),
	(1226,'2016-05-22 19:54:44','2016-05-22 19:55:04','2016-05-22 19:55:04','3','JUIST',0),
	(1227,'2016-05-22 19:54:44','2016-05-22 19:55:04','2016-05-22 19:55:04','4','ONJUIST',1),
	(1228,'2016-05-22 19:54:44','2016-05-22 19:55:04','2016-05-22 19:55:04','4','JUIST',0),
	(1229,'2016-05-22 19:54:44','2016-05-22 19:55:04','2016-05-22 19:55:04','5','ONJUIST',1),
	(1230,'2016-05-22 19:54:44','2016-05-22 19:55:04','2016-05-22 19:55:04','5','JUIST',0),
	(1231,'2016-05-22 19:55:04','2016-05-22 19:55:04',NULL,'1','JUIST',1),
	(1232,'2016-05-22 19:55:04','2016-05-22 19:55:04',NULL,'1','ONJUIST',0),
	(1233,'2016-05-22 19:55:04','2016-05-22 19:55:04',NULL,'2','JUIST',1),
	(1234,'2016-05-22 19:55:04','2016-05-22 19:55:04',NULL,'2','ONJUIST',0),
	(1235,'2016-05-22 19:55:04','2016-05-22 19:55:04',NULL,'3','ONJUIST',1),
	(1236,'2016-05-22 19:55:04','2016-05-22 19:55:04',NULL,'3','JUIST',0),
	(1237,'2016-05-22 19:55:04','2016-05-22 19:55:04',NULL,'4','ONJUIST',1),
	(1238,'2016-05-22 19:55:04','2016-05-22 19:55:04',NULL,'4','JUIST',0),
	(1239,'2016-05-22 19:55:04','2016-05-22 19:55:04',NULL,'5','ONJUIST',1),
	(1240,'2016-05-22 19:55:05','2016-05-22 19:55:05',NULL,'5','JUIST',0),
	(1241,'2016-05-22 21:33:08','2016-05-22 21:33:08',NULL,'1','Tij, Getijden, iets anders wat door docent is goedgekeurd',1),
	(1242,'2016-05-22 21:33:08','2016-05-22 21:33:08',NULL,'2','getij',1),
	(1243,'2016-05-22 21:33:08','2016-05-22 21:33:08',NULL,'3','zwaartekracht',1),
	(1244,'2016-05-22 21:33:08','2016-05-22 21:33:08',NULL,'4','Maan',1),
	(1245,'2016-05-22 21:33:08','2016-05-22 21:33:08',NULL,'5','Zon',1),
	(1246,'2016-05-22 22:30:13','2016-05-22 22:38:36','2016-05-22 22:38:36','1','&lt; 0,1 Mzon ',1),
	(1247,'2016-05-22 22:30:13','2016-05-22 22:38:36','2016-05-22 22:38:36','1',' &lt; 0,4 Mzon ',0),
	(1248,'2016-05-22 22:30:13','2016-05-22 22:38:36','2016-05-22 22:38:36','1',' &lt; 4 Mzon ',0),
	(1249,'2016-05-22 22:30:13','2016-05-22 22:38:36','2016-05-22 22:38:36','1',' &lt; 8 Mzon ',0),
	(1250,'2016-05-22 22:30:13','2016-05-22 22:38:36','2016-05-22 22:38:36','1',' &gt; 8 Mzon',0),
	(1251,'2016-05-22 22:38:36','2016-05-22 22:46:55','2016-05-22 22:46:55','1','minder dan 3000',1),
	(1252,'2016-05-22 22:38:36','2016-05-22 22:46:55','2016-05-22 22:46:55','1','plusminus 3500',0),
	(1253,'2016-05-22 22:38:36','2016-05-22 22:46:55','2016-05-22 22:46:55','1','plusminus 5500',0),
	(1254,'2016-05-22 22:38:36','2016-05-22 22:46:55','2016-05-22 22:46:55','1','plusminus 9000',0),
	(1255,'2016-05-22 22:38:36','2016-05-22 22:46:55','2016-05-22 22:46:55','1','plusminus 30.000',0),
	(1256,'2016-05-22 22:38:36','2016-05-22 22:46:55','2016-05-22 22:46:55','2','Bruin/Rood',1),
	(1257,'2016-05-22 22:38:36','2016-05-22 22:46:55','2016-05-22 22:46:55','2','Oranje/Rood',0),
	(1258,'2016-05-22 22:38:36','2016-05-22 22:46:55','2016-05-22 22:46:55','2','Geel',0),
	(1259,'2016-05-22 22:38:36','2016-05-22 22:46:55','2016-05-22 22:46:55','2','Wit',0),
	(1260,'2016-05-22 22:38:36','2016-05-22 22:46:55','2016-05-22 22:46:55','2','Blauw',0),
	(1261,'2016-05-22 22:38:36','2016-05-22 22:46:55','2016-05-22 22:46:55','3','plusminus 3500',1),
	(1262,'2016-05-22 22:38:36','2016-05-22 22:46:55','2016-05-22 22:46:55','3','plusminus 5500',0),
	(1263,'2016-05-22 22:38:36','2016-05-22 22:46:55','2016-05-22 22:46:55','3','plusminus 9000',0),
	(1264,'2016-05-22 22:38:36','2016-05-22 22:46:55','2016-05-22 22:46:55','3','plusminus 30.000',0),
	(1265,'2016-05-22 22:38:37','2016-05-22 22:46:55','2016-05-22 22:46:55','3','minder dan 3000',0),
	(1266,'2016-05-22 22:38:37','2016-05-22 22:46:55','2016-05-22 22:46:55','4','Oranje/Rood',1),
	(1267,'2016-05-22 22:38:37','2016-05-22 22:46:55','2016-05-22 22:46:55','4','Geel',0),
	(1268,'2016-05-22 22:38:37','2016-05-22 22:46:55','2016-05-22 22:46:55','4','Wit',0),
	(1269,'2016-05-22 22:38:37','2016-05-22 22:46:55','2016-05-22 22:46:55','4','Blauw',0),
	(1270,'2016-05-22 22:38:37','2016-05-22 22:46:55','2016-05-22 22:46:55','4','Bruin/Rood',0),
	(1271,'2016-05-22 22:38:37','2016-05-22 22:46:55','2016-05-22 22:46:55','5','plusminus 5500',1),
	(1272,'2016-05-22 22:38:37','2016-05-22 22:46:55','2016-05-22 22:46:55','5','plusminus 9000',0),
	(1273,'2016-05-22 22:38:37','2016-05-22 22:46:55','2016-05-22 22:46:55','5','plusminus 30.000',0),
	(1274,'2016-05-22 22:38:37','2016-05-22 22:46:55','2016-05-22 22:46:55','5','minder dan 3000',0),
	(1275,'2016-05-22 22:38:37','2016-05-22 22:46:55','2016-05-22 22:46:55','5','plusminus 3500',0),
	(1276,'2016-05-22 22:38:37','2016-05-22 22:46:55','2016-05-22 22:46:55','6','Geel',1),
	(1277,'2016-05-22 22:38:37','2016-05-22 22:46:55','2016-05-22 22:46:55','6','Wit',0),
	(1278,'2016-05-22 22:38:37','2016-05-22 22:46:55','2016-05-22 22:46:55','6','Blauw',0),
	(1279,'2016-05-22 22:38:37','2016-05-22 22:46:55','2016-05-22 22:46:55','6','Bruin/Rood',0),
	(1280,'2016-05-22 22:38:37','2016-05-22 22:46:55','2016-05-22 22:46:55','6','Oranje/Rood',0),
	(1281,'2016-05-22 22:38:37','2016-05-22 22:46:55','2016-05-22 22:46:55','7','plusminus 9000',1),
	(1282,'2016-05-22 22:38:37','2016-05-22 22:46:55','2016-05-22 22:46:55','7','plusminus 30.000',0),
	(1283,'2016-05-22 22:38:37','2016-05-22 22:46:55','2016-05-22 22:46:55','7','minder dan 3000',0),
	(1284,'2016-05-22 22:38:37','2016-05-22 22:46:55','2016-05-22 22:46:55','7','plusminus 3500',0),
	(1285,'2016-05-22 22:38:38','2016-05-22 22:46:55','2016-05-22 22:46:55','7','plusminus 5500',0),
	(1286,'2016-05-22 22:38:38','2016-05-22 22:46:55','2016-05-22 22:46:55','8','Wit',1),
	(1287,'2016-05-22 22:38:38','2016-05-22 22:46:55','2016-05-22 22:46:55','8','Blauw',0),
	(1288,'2016-05-22 22:38:38','2016-05-22 22:46:55','2016-05-22 22:46:55','8','Bruin/Rood',0),
	(1289,'2016-05-22 22:38:38','2016-05-22 22:46:55','2016-05-22 22:46:55','8','Oranje/Rood',0),
	(1290,'2016-05-22 22:38:38','2016-05-22 22:46:55','2016-05-22 22:46:55','8','Geel',0),
	(1291,'2016-05-22 22:38:38','2016-05-22 22:46:55','2016-05-22 22:46:55','9','plusminus 30.000',1),
	(1292,'2016-05-22 22:38:38','2016-05-22 22:46:55','2016-05-22 22:46:55','9','minder dan 3000',0),
	(1293,'2016-05-22 22:38:38','2016-05-22 22:46:55','2016-05-22 22:46:55','9','plusminus 3500',0),
	(1294,'2016-05-22 22:38:38','2016-05-22 22:46:55','2016-05-22 22:46:55','9','plusminus 5500',0),
	(1295,'2016-05-22 22:38:38','2016-05-22 22:46:55','2016-05-22 22:46:55','9','plusminus 9000',0),
	(1296,'2016-05-22 22:38:38','2016-05-22 22:46:55','2016-05-22 22:46:55','10','Blauw',1),
	(1297,'2016-05-22 22:38:38','2016-05-22 22:46:55','2016-05-22 22:46:55','10','Bruin/Rood',0),
	(1298,'2016-05-22 22:38:38','2016-05-22 22:46:55','2016-05-22 22:46:55','10','Oranje/Rood',0),
	(1299,'2016-05-22 22:38:38','2016-05-22 22:46:55','2016-05-22 22:46:55','10','Geel',0),
	(1300,'2016-05-22 22:38:38','2016-05-22 22:46:55','2016-05-22 22:46:55','10','Wit',0),
	(1301,'2016-05-22 22:46:55','2016-05-22 22:50:45','2016-05-22 22:50:45','1','Bruine dwerg',1),
	(1302,'2016-05-22 22:46:55','2016-05-22 22:50:45','2016-05-22 22:50:45','1','Witte dwerg',0),
	(1303,'2016-05-22 22:46:55','2016-05-22 22:50:45','2016-05-22 22:50:45','1','Neutronenster',0),
	(1304,'2016-05-22 22:46:55','2016-05-22 22:50:45','2016-05-22 22:50:45','1','Zwart gat',0),
	(1305,'2016-05-22 22:46:55','2016-05-22 22:50:45','2016-05-22 22:50:45','2','minder dan 3000',1),
	(1306,'2016-05-22 22:46:55','2016-05-22 22:50:45','2016-05-22 22:50:45','2','plusminus 3500',0),
	(1307,'2016-05-22 22:46:55','2016-05-22 22:50:45','2016-05-22 22:50:45','2','plusminus 5500',0),
	(1308,'2016-05-22 22:46:55','2016-05-22 22:50:45','2016-05-22 22:50:45','2','plusminus 9000',0),
	(1309,'2016-05-22 22:46:55','2016-05-22 22:50:45','2016-05-22 22:50:45','2','plusminus 30.000',0),
	(1310,'2016-05-22 22:46:55','2016-05-22 22:50:45','2016-05-22 22:50:45','3','Bruin/Rood<br>',1),
	(1311,'2016-05-22 22:46:55','2016-05-22 22:50:45','2016-05-22 22:50:45','3','Oranje/Rood',0),
	(1312,'2016-05-22 22:46:55','2016-05-22 22:50:45','2016-05-22 22:50:45','3','Geel',0),
	(1313,'2016-05-22 22:46:55','2016-05-22 22:50:45','2016-05-22 22:50:45','3','Wit',0),
	(1314,'2016-05-22 22:46:56','2016-05-22 22:50:45','2016-05-22 22:50:45','3','Blauw',0),
	(1315,'2016-05-22 22:46:56','2016-05-22 22:50:45','2016-05-22 22:50:45','4','nee',1),
	(1316,'2016-05-22 22:46:56','2016-05-22 22:50:45','2016-05-22 22:50:45','4','H --&gt; He',0),
	(1317,'2016-05-22 22:46:56','2016-05-22 22:50:45','2016-05-22 22:50:45','4','H --&gt; --&gt; C',0),
	(1318,'2016-05-22 22:46:56','2016-05-22 22:50:45','2016-05-22 22:50:45','4','H --&gt; --&gt; Fe',0),
	(1319,'2016-05-22 22:46:56','2016-05-22 22:50:45','2016-05-22 22:50:45','5','1 biljoen',1),
	(1320,'2016-05-22 22:46:56','2016-05-22 22:50:45','2016-05-22 22:50:45','5','100 miljard',0),
	(1321,'2016-05-22 22:46:56','2016-05-22 22:50:45','2016-05-22 22:50:45','5','10 miljard',0),
	(1322,'2016-05-22 22:46:56','2016-05-22 22:50:45','2016-05-22 22:50:45','5','100 miljoen',0),
	(1323,'2016-05-22 22:46:56','2016-05-22 22:50:45','2016-05-22 22:50:45','5','10 miljoen',0),
	(1324,'2016-05-22 22:46:56','2016-05-22 22:50:45','2016-05-22 22:50:45','6','geen',1),
	(1325,'2016-05-22 22:46:56','2016-05-22 22:50:45','2016-05-22 22:50:45','6','Rode Reus',0),
	(1326,'2016-05-22 22:46:56','2016-05-22 22:50:45','2016-05-22 22:50:45','6','Super Reus',0),
	(1327,'2016-05-22 22:46:56','2016-05-22 22:50:45','2016-05-22 22:50:45','7','plusminus 3500',1),
	(1328,'2016-05-22 22:46:56','2016-05-22 22:50:45','2016-05-22 22:50:45','7','plusminus 5500',0),
	(1329,'2016-05-22 22:46:56','2016-05-22 22:50:45','2016-05-22 22:50:45','7','plusminus 9000',0),
	(1330,'2016-05-22 22:46:56','2016-05-22 22:50:45','2016-05-22 22:50:45','7','plusminus 30.000',0),
	(1331,'2016-05-22 22:46:56','2016-05-22 22:50:45','2016-05-22 22:50:45','7','minder dan 3000',0),
	(1332,'2016-05-22 22:46:56','2016-05-22 22:50:45','2016-05-22 22:50:45','8','Oranje/Rood\r\n		</p>\r\n		<p>',1),
	(1333,'2016-05-22 22:46:56','2016-05-22 22:50:45','2016-05-22 22:50:45','8','Geel',0),
	(1334,'2016-05-22 22:46:56','2016-05-22 22:50:45','2016-05-22 22:50:45','8','Wit',0),
	(1335,'2016-05-22 22:46:56','2016-05-22 22:50:45','2016-05-22 22:50:45','8','Blauw',0),
	(1336,'2016-05-22 22:46:56','2016-05-22 22:50:45','2016-05-22 22:50:45','8','Bruin/Rood',0),
	(1337,'2016-05-22 22:46:57','2016-05-22 22:50:45','2016-05-22 22:50:45','9','H --&gt; He',1),
	(1338,'2016-05-22 22:46:57','2016-05-22 22:50:45','2016-05-22 22:50:45','9','H --&gt; --&gt; C',0),
	(1339,'2016-05-22 22:46:57','2016-05-22 22:50:45','2016-05-22 22:50:45','9','H --&gt; --&gt; Fe',0),
	(1340,'2016-05-22 22:46:57','2016-05-22 22:50:45','2016-05-22 22:50:45','9','nee',0),
	(1341,'2016-05-22 22:46:57','2016-05-22 22:50:45','2016-05-22 22:50:45','10','100 miljard',1),
	(1342,'2016-05-22 22:46:57','2016-05-22 22:50:45','2016-05-22 22:50:45','10','10 miljard',0),
	(1343,'2016-05-22 22:46:57','2016-05-22 22:50:45','2016-05-22 22:50:45','10','100 miljoen',0),
	(1344,'2016-05-22 22:46:57','2016-05-22 22:50:45','2016-05-22 22:50:45','10','10 miljoen',0),
	(1345,'2016-05-22 22:46:57','2016-05-22 22:50:45','2016-05-22 22:50:45','10','1 biljoen',0),
	(1346,'2016-05-22 22:46:57','2016-05-22 22:50:45','2016-05-22 22:50:45','11','geen',1),
	(1347,'2016-05-22 22:46:57','2016-05-22 22:50:45','2016-05-22 22:50:45','11','Rode Reus',0),
	(1348,'2016-05-22 22:46:57','2016-05-22 22:50:45','2016-05-22 22:50:45','11','Super Reus',0),
	(1349,'2016-05-22 22:46:57','2016-05-22 22:50:45','2016-05-22 22:50:45','12','plusminus 5500',1),
	(1350,'2016-05-22 22:46:57','2016-05-22 22:50:45','2016-05-22 22:50:45','12','plusminus 9000',0),
	(1351,'2016-05-22 22:46:57','2016-05-22 22:50:45','2016-05-22 22:50:45','12','plusminus 30.000',0),
	(1352,'2016-05-22 22:46:57','2016-05-22 22:50:45','2016-05-22 22:50:45','12','minder dan 3000',0),
	(1353,'2016-05-22 22:46:57','2016-05-22 22:50:45','2016-05-22 22:50:45','12','plusminus 3500',0),
	(1354,'2016-05-22 22:46:57','2016-05-22 22:50:45','2016-05-22 22:50:45','13','Geel',1),
	(1355,'2016-05-22 22:46:57','2016-05-22 22:50:45','2016-05-22 22:50:45','13','Wit',0),
	(1356,'2016-05-22 22:46:57','2016-05-22 22:50:45','2016-05-22 22:50:45','13','Blauw\r\n		</p>\r\n		<p>',0),
	(1357,'2016-05-22 22:46:57','2016-05-22 22:50:45','2016-05-22 22:50:45','13','Bruin/Rood',0),
	(1358,'2016-05-22 22:46:57','2016-05-22 22:50:45','2016-05-22 22:50:45','13','Oranje/Rood',0),
	(1359,'2016-05-22 22:46:57','2016-05-22 22:50:45','2016-05-22 22:50:45','14','H --&gt; --&gt; C',1),
	(1360,'2016-05-22 22:46:58','2016-05-22 22:50:45','2016-05-22 22:50:45','14','H --&gt; --&gt; Fe',0),
	(1361,'2016-05-22 22:46:58','2016-05-22 22:50:45','2016-05-22 22:50:45','14','nee',0),
	(1362,'2016-05-22 22:46:58','2016-05-22 22:50:45','2016-05-22 22:50:45','14','H --&gt; He',0),
	(1363,'2016-05-22 22:46:58','2016-05-22 22:50:45','2016-05-22 22:50:45','15','10 miljard',1),
	(1364,'2016-05-22 22:46:58','2016-05-22 22:50:45','2016-05-22 22:50:45','15','100 miljoen',0),
	(1365,'2016-05-22 22:46:58','2016-05-22 22:50:45','2016-05-22 22:50:45','15','10 miljoen',0),
	(1366,'2016-05-22 22:46:58','2016-05-22 22:50:45','2016-05-22 22:50:45','15','1 biljoen',0),
	(1367,'2016-05-22 22:46:58','2016-05-22 22:50:45','2016-05-22 22:50:45','15','100 miljard',0),
	(1368,'2016-05-22 22:46:58','2016-05-22 22:50:45','2016-05-22 22:50:45','16','Rode Reus',1),
	(1369,'2016-05-22 22:46:58','2016-05-22 22:50:45','2016-05-22 22:50:45','16','Super Reus',0),
	(1370,'2016-05-22 22:46:58','2016-05-22 22:50:45','2016-05-22 22:50:45','16','geen',0),
	(1371,'2016-05-22 22:46:58','2016-05-22 22:50:45','2016-05-22 22:50:45','17','plusminus 9000',1),
	(1372,'2016-05-22 22:46:58','2016-05-22 22:50:45','2016-05-22 22:50:45','17','plusminus 30.000',0),
	(1373,'2016-05-22 22:46:58','2016-05-22 22:50:45','2016-05-22 22:50:45','17','minder dan 3000',0),
	(1374,'2016-05-22 22:46:58','2016-05-22 22:50:45','2016-05-22 22:50:45','17','plusminus 3500',0),
	(1375,'2016-05-22 22:46:58','2016-05-22 22:50:45','2016-05-22 22:50:45','17','plusminus 5500',0),
	(1376,'2016-05-22 22:46:58','2016-05-22 22:50:45','2016-05-22 22:50:45','18','Wit',1),
	(1377,'2016-05-22 22:46:58','2016-05-22 22:50:45','2016-05-22 22:50:45','18','Blauw',0),
	(1378,'2016-05-22 22:46:59','2016-05-22 22:50:45','2016-05-22 22:50:45','18','Bruin/Rood\r\n		</p>\r\n		<p>',0),
	(1379,'2016-05-22 22:46:59','2016-05-22 22:50:45','2016-05-22 22:50:45','18','Oranje/Rood',0),
	(1380,'2016-05-22 22:46:59','2016-05-22 22:50:45','2016-05-22 22:50:45','18','Geel',0),
	(1381,'2016-05-22 22:46:59','2016-05-22 22:50:45','2016-05-22 22:50:45','19','H --&gt; --&gt; Fe',1),
	(1382,'2016-05-22 22:46:59','2016-05-22 22:50:45','2016-05-22 22:50:45','19','nee',0),
	(1383,'2016-05-22 22:46:59','2016-05-22 22:50:45','2016-05-22 22:50:45','19','H --&gt; He',0),
	(1384,'2016-05-22 22:46:59','2016-05-22 22:50:45','2016-05-22 22:50:45','19','H --&gt; --&gt; C',0),
	(1385,'2016-05-22 22:46:59','2016-05-22 22:50:45','2016-05-22 22:50:45','20','100 miljoen',1),
	(1386,'2016-05-22 22:46:59','2016-05-22 22:50:45','2016-05-22 22:50:45','20','10 miljoen',0),
	(1387,'2016-05-22 22:46:59','2016-05-22 22:50:45','2016-05-22 22:50:45','20','1 biljoen',0),
	(1388,'2016-05-22 22:46:59','2016-05-22 22:50:45','2016-05-22 22:50:45','20','100 miljard',0),
	(1389,'2016-05-22 22:46:59','2016-05-22 22:50:45','2016-05-22 22:50:45','20','10 miljard',0),
	(1390,'2016-05-22 22:46:59','2016-05-22 22:50:45','2016-05-22 22:50:45','21','Super Reus',1),
	(1391,'2016-05-22 22:46:59','2016-05-22 22:50:45','2016-05-22 22:50:45','21','geen',0),
	(1392,'2016-05-22 22:46:59','2016-05-22 22:50:45','2016-05-22 22:50:45','21','Rode Reus',0),
	(1393,'2016-05-22 22:46:59','2016-05-22 22:50:45','2016-05-22 22:50:45','22','plusminus 30.000',1),
	(1394,'2016-05-22 22:46:59','2016-05-22 22:50:45','2016-05-22 22:50:45','22','minder dan 3000',0),
	(1395,'2016-05-22 22:46:59','2016-05-22 22:50:45','2016-05-22 22:50:45','22','plusminus 3500',0),
	(1396,'2016-05-22 22:46:59','2016-05-22 22:50:45','2016-05-22 22:50:45','22','plusminus 5500',0),
	(1397,'2016-05-22 22:46:59','2016-05-22 22:50:45','2016-05-22 22:50:45','22','plusminus 9000',0),
	(1398,'2016-05-22 22:46:59','2016-05-22 22:50:45','2016-05-22 22:50:45','23','Blauw',1),
	(1399,'2016-05-22 22:46:59','2016-05-22 22:50:45','2016-05-22 22:50:45','23','Bruin/Rood\r\n		</p>\r\n		<p>',0),
	(1400,'2016-05-22 22:47:00','2016-05-22 22:50:45','2016-05-22 22:50:45','23','Oranje/Rood',0),
	(1401,'2016-05-22 22:47:00','2016-05-22 22:50:45','2016-05-22 22:50:45','23','Geel',0),
	(1402,'2016-05-22 22:47:00','2016-05-22 22:50:45','2016-05-22 22:50:45','23','Wit',0),
	(1403,'2016-05-22 22:47:00','2016-05-22 22:50:45','2016-05-22 22:50:45','24','H --&gt; --&gt; Fe',1),
	(1404,'2016-05-22 22:47:00','2016-05-22 22:50:45','2016-05-22 22:50:45','24','nee',0),
	(1405,'2016-05-22 22:47:00','2016-05-22 22:50:45','2016-05-22 22:50:45','24','H --&gt; He',0),
	(1406,'2016-05-22 22:47:00','2016-05-22 22:50:45','2016-05-22 22:50:45','24','H --&gt; --&gt; C',0),
	(1407,'2016-05-22 22:47:00','2016-05-22 22:50:45','2016-05-22 22:50:45','25','10 miljoen',1),
	(1408,'2016-05-22 22:47:00','2016-05-22 22:50:45','2016-05-22 22:50:45','25','1 biljoen',0),
	(1409,'2016-05-22 22:47:00','2016-05-22 22:50:45','2016-05-22 22:50:45','25','100 miljard',0),
	(1410,'2016-05-22 22:47:00','2016-05-22 22:50:45','2016-05-22 22:50:45','25','10 miljard',0),
	(1411,'2016-05-22 22:47:00','2016-05-22 22:50:45','2016-05-22 22:50:45','25','100 miljoen',0),
	(1412,'2016-05-22 22:47:00','2016-05-22 22:50:45','2016-05-22 22:50:45','26','Super Reus',1),
	(1413,'2016-05-22 22:47:00','2016-05-22 22:50:45','2016-05-22 22:50:45','26','geen',0),
	(1414,'2016-05-22 22:47:00','2016-05-22 22:50:45','2016-05-22 22:50:45','26','Rode Reus',0),
	(1415,'2016-05-22 22:50:45','2016-05-22 22:53:26','2016-05-22 22:53:26','1','Bruine dwerg',1),
	(1416,'2016-05-22 22:50:45','2016-05-22 22:53:26','2016-05-22 22:53:26','1','Witte dwerg',0),
	(1417,'2016-05-22 22:50:46','2016-05-22 22:53:26','2016-05-22 22:53:26','1','Neutronenster',0),
	(1418,'2016-05-22 22:50:46','2016-05-22 22:53:26','2016-05-22 22:53:26','1','Zwart gat',0),
	(1419,'2016-05-22 22:50:46','2016-05-22 22:53:26','2016-05-22 22:53:26','2','minder dan 3000',1),
	(1420,'2016-05-22 22:50:46','2016-05-22 22:53:26','2016-05-22 22:53:26','2','plusminus 3500',0),
	(1421,'2016-05-22 22:50:46','2016-05-22 22:53:26','2016-05-22 22:53:26','2','plusminus 5500',0),
	(1422,'2016-05-22 22:50:46','2016-05-22 22:53:26','2016-05-22 22:53:26','2','plusminus 9000',0),
	(1423,'2016-05-22 22:50:46','2016-05-22 22:53:26','2016-05-22 22:53:26','2','plusminus 30.000',0),
	(1424,'2016-05-22 22:50:46','2016-05-22 22:53:26','2016-05-22 22:53:26','3','Bruin/Rood<br>',1),
	(1425,'2016-05-22 22:50:46','2016-05-22 22:53:26','2016-05-22 22:53:26','3','Oranje/Rood',0),
	(1426,'2016-05-22 22:50:46','2016-05-22 22:53:26','2016-05-22 22:53:26','3','Geel',0),
	(1427,'2016-05-22 22:50:46','2016-05-22 22:53:26','2016-05-22 22:53:26','3','Wit',0),
	(1428,'2016-05-22 22:50:46','2016-05-22 22:53:26','2016-05-22 22:53:26','3','Blauw',0),
	(1429,'2016-05-22 22:50:46','2016-05-22 22:53:26','2016-05-22 22:53:26','4','nee',1),
	(1430,'2016-05-22 22:50:46','2016-05-22 22:53:26','2016-05-22 22:53:26','4','van H tot He',0),
	(1431,'2016-05-22 22:50:46','2016-05-22 22:53:26','2016-05-22 22:53:26','4','H tot C',0),
	(1432,'2016-05-22 22:50:46','2016-05-22 22:53:26','2016-05-22 22:53:26','4','H tot Fe',0),
	(1433,'2016-05-22 22:50:46','2016-05-22 22:53:26','2016-05-22 22:53:26','5','1 biljoen',1),
	(1434,'2016-05-22 22:50:46','2016-05-22 22:53:26','2016-05-22 22:53:26','5','100 miljard',0),
	(1435,'2016-05-22 22:50:46','2016-05-22 22:53:26','2016-05-22 22:53:26','5','10 miljard',0),
	(1436,'2016-05-22 22:50:46','2016-05-22 22:53:26','2016-05-22 22:53:26','5','100 miljoen',0),
	(1437,'2016-05-22 22:50:46','2016-05-22 22:53:26','2016-05-22 22:53:26','5','10 miljoen',0),
	(1438,'2016-05-22 22:50:46','2016-05-22 22:53:26','2016-05-22 22:53:26','6','geen',1),
	(1439,'2016-05-22 22:50:46','2016-05-22 22:53:26','2016-05-22 22:53:26','6','Rode Reus',0),
	(1440,'2016-05-22 22:50:46','2016-05-22 22:53:26','2016-05-22 22:53:26','6','Super Reus',0),
	(1441,'2016-05-22 22:50:47','2016-05-22 22:53:26','2016-05-22 22:53:26','7','plusminus 3500',1),
	(1442,'2016-05-22 22:50:47','2016-05-22 22:53:26','2016-05-22 22:53:26','7','plusminus 5500',0),
	(1443,'2016-05-22 22:50:47','2016-05-22 22:53:26','2016-05-22 22:53:26','7','plusminus 9000',0),
	(1444,'2016-05-22 22:50:47','2016-05-22 22:53:26','2016-05-22 22:53:26','7','plusminus 30.000',0),
	(1445,'2016-05-22 22:50:47','2016-05-22 22:53:26','2016-05-22 22:53:26','7','minder dan 3000',0),
	(1446,'2016-05-22 22:50:47','2016-05-22 22:53:26','2016-05-22 22:53:26','8','Oranje/Rood\r\n		</p>\r\n		<p>',1),
	(1447,'2016-05-22 22:50:47','2016-05-22 22:53:26','2016-05-22 22:53:26','8','Geel',0),
	(1448,'2016-05-22 22:50:47','2016-05-22 22:53:26','2016-05-22 22:53:26','8','Wit',0),
	(1449,'2016-05-22 22:50:47','2016-05-22 22:53:26','2016-05-22 22:53:26','8','Blauw',0),
	(1450,'2016-05-22 22:50:47','2016-05-22 22:53:26','2016-05-22 22:53:26','8','Bruin/Rood',0),
	(1451,'2016-05-22 22:50:47','2016-05-22 22:53:26','2016-05-22 22:53:26','9','H tot He',1),
	(1452,'2016-05-22 22:50:47','2016-05-22 22:53:26','2016-05-22 22:53:26','9','H tot C',0),
	(1453,'2016-05-22 22:50:47','2016-05-22 22:53:26','2016-05-22 22:53:26','9','H tot Fe',0),
	(1454,'2016-05-22 22:50:47','2016-05-22 22:53:26','2016-05-22 22:53:26','9','nee',0),
	(1455,'2016-05-22 22:50:47','2016-05-22 22:53:26','2016-05-22 22:53:26','10','100 miljard',1),
	(1456,'2016-05-22 22:50:47','2016-05-22 22:53:26','2016-05-22 22:53:26','10','10 miljard',0),
	(1457,'2016-05-22 22:50:47','2016-05-22 22:53:26','2016-05-22 22:53:26','10','100 miljoen',0),
	(1458,'2016-05-22 22:50:47','2016-05-22 22:53:26','2016-05-22 22:53:26','10','10 miljoen',0),
	(1459,'2016-05-22 22:50:47','2016-05-22 22:53:26','2016-05-22 22:53:26','10','1 biljoen',0),
	(1460,'2016-05-22 22:50:47','2016-05-22 22:53:26','2016-05-22 22:53:26','11','geen',1),
	(1461,'2016-05-22 22:50:47','2016-05-22 22:53:26','2016-05-22 22:53:26','11','Rode Reus',0),
	(1462,'2016-05-22 22:50:48','2016-05-22 22:53:26','2016-05-22 22:53:26','11','Super Reus',0),
	(1463,'2016-05-22 22:50:48','2016-05-22 22:53:26','2016-05-22 22:53:26','12','plusminus 5500',1),
	(1464,'2016-05-22 22:50:48','2016-05-22 22:53:26','2016-05-22 22:53:26','12','plusminus 9000',0),
	(1465,'2016-05-22 22:50:48','2016-05-22 22:53:26','2016-05-22 22:53:26','12','plusminus 30.000',0),
	(1466,'2016-05-22 22:50:48','2016-05-22 22:53:26','2016-05-22 22:53:26','12','minder dan 3000',0),
	(1467,'2016-05-22 22:50:48','2016-05-22 22:53:26','2016-05-22 22:53:26','12','plusminus 3500',0),
	(1468,'2016-05-22 22:50:48','2016-05-22 22:53:26','2016-05-22 22:53:26','13','Geel',1),
	(1469,'2016-05-22 22:50:48','2016-05-22 22:53:26','2016-05-22 22:53:26','13','Wit',0),
	(1470,'2016-05-22 22:50:48','2016-05-22 22:53:26','2016-05-22 22:53:26','13','Blauw\r\n		</p>\r\n		<p>',0),
	(1471,'2016-05-22 22:50:48','2016-05-22 22:53:26','2016-05-22 22:53:26','13','Bruin/Rood',0),
	(1472,'2016-05-22 22:50:48','2016-05-22 22:53:26','2016-05-22 22:53:26','13','Oranje/Rood',0),
	(1473,'2016-05-22 22:50:48','2016-05-22 22:53:26','2016-05-22 22:53:26','14','H tot C',1),
	(1474,'2016-05-22 22:50:48','2016-05-22 22:53:26','2016-05-22 22:53:26','14','H tot Fe',0),
	(1475,'2016-05-22 22:50:48','2016-05-22 22:53:26','2016-05-22 22:53:26','14','nee',0),
	(1476,'2016-05-22 22:50:48','2016-05-22 22:53:26','2016-05-22 22:53:26','14','H tot He',0),
	(1477,'2016-05-22 22:50:48','2016-05-22 22:53:26','2016-05-22 22:53:26','15','10 miljard',1),
	(1478,'2016-05-22 22:50:48','2016-05-22 22:53:26','2016-05-22 22:53:26','15','100 miljoen',0),
	(1479,'2016-05-22 22:50:48','2016-05-22 22:53:26','2016-05-22 22:53:26','15','10 miljoen',0),
	(1480,'2016-05-22 22:50:48','2016-05-22 22:53:26','2016-05-22 22:53:26','15','1 biljoen',0),
	(1481,'2016-05-22 22:50:48','2016-05-22 22:53:26','2016-05-22 22:53:26','15','100 miljard',0),
	(1482,'2016-05-22 22:50:48','2016-05-22 22:53:26','2016-05-22 22:53:26','16','Rode Reus',1),
	(1483,'2016-05-22 22:50:48','2016-05-22 22:53:26','2016-05-22 22:53:26','16','Super Reus',0),
	(1484,'2016-05-22 22:50:49','2016-05-22 22:53:26','2016-05-22 22:53:26','16','geen',0),
	(1485,'2016-05-22 22:50:49','2016-05-22 22:53:26','2016-05-22 22:53:26','17','plusminus 9000',1),
	(1486,'2016-05-22 22:50:49','2016-05-22 22:53:26','2016-05-22 22:53:26','17','plusminus 30.000',0),
	(1487,'2016-05-22 22:50:49','2016-05-22 22:53:26','2016-05-22 22:53:26','17','minder dan 3000',0),
	(1488,'2016-05-22 22:50:49','2016-05-22 22:53:26','2016-05-22 22:53:26','17','plusminus 3500',0),
	(1489,'2016-05-22 22:50:49','2016-05-22 22:53:26','2016-05-22 22:53:26','17','plusminus 5500',0),
	(1490,'2016-05-22 22:50:49','2016-05-22 22:53:26','2016-05-22 22:53:26','18','Wit',1),
	(1491,'2016-05-22 22:50:49','2016-05-22 22:53:26','2016-05-22 22:53:26','18','Blauw',0),
	(1492,'2016-05-22 22:50:49','2016-05-22 22:53:26','2016-05-22 22:53:26','18','Bruin/Rood\r\n		</p>\r\n		<p>',0),
	(1493,'2016-05-22 22:50:49','2016-05-22 22:53:26','2016-05-22 22:53:26','18','Oranje/Rood',0),
	(1494,'2016-05-22 22:50:49','2016-05-22 22:53:26','2016-05-22 22:53:26','18','Geel',0),
	(1495,'2016-05-22 22:50:49','2016-05-22 22:53:26','2016-05-22 22:53:26','19','H tot Fe',1),
	(1496,'2016-05-22 22:50:49','2016-05-22 22:53:26','2016-05-22 22:53:26','19','nee',0),
	(1497,'2016-05-22 22:50:49','2016-05-22 22:53:26','2016-05-22 22:53:26','19','H tot He',0),
	(1498,'2016-05-22 22:50:49','2016-05-22 22:53:26','2016-05-22 22:53:26','19','H tot C',0),
	(1499,'2016-05-22 22:50:49','2016-05-22 22:53:26','2016-05-22 22:53:26','20','100 miljoen',1),
	(1500,'2016-05-22 22:50:49','2016-05-22 22:53:26','2016-05-22 22:53:26','20','10 miljoen',0),
	(1501,'2016-05-22 22:50:49','2016-05-22 22:53:26','2016-05-22 22:53:26','20','1 biljoen',0),
	(1502,'2016-05-22 22:50:49','2016-05-22 22:53:26','2016-05-22 22:53:26','20','100 miljard',0),
	(1503,'2016-05-22 22:50:49','2016-05-22 22:53:26','2016-05-22 22:53:26','20','10 miljard',0),
	(1504,'2016-05-22 22:50:49','2016-05-22 22:53:26','2016-05-22 22:53:26','21','Super Reus',1),
	(1505,'2016-05-22 22:50:49','2016-05-22 22:53:26','2016-05-22 22:53:26','21','geen',0),
	(1506,'2016-05-22 22:50:50','2016-05-22 22:53:26','2016-05-22 22:53:26','21','Rode Reus',0),
	(1507,'2016-05-22 22:50:50','2016-05-22 22:53:26','2016-05-22 22:53:26','22','plusminus 30.000',1),
	(1508,'2016-05-22 22:50:50','2016-05-22 22:53:26','2016-05-22 22:53:26','22','minder dan 3000',0),
	(1509,'2016-05-22 22:50:50','2016-05-22 22:53:26','2016-05-22 22:53:26','22','plusminus 3500',0),
	(1510,'2016-05-22 22:50:50','2016-05-22 22:53:26','2016-05-22 22:53:26','22','plusminus 5500',0),
	(1511,'2016-05-22 22:50:50','2016-05-22 22:53:26','2016-05-22 22:53:26','22','plusminus 9000',0),
	(1512,'2016-05-22 22:50:50','2016-05-22 22:53:26','2016-05-22 22:53:26','23','Blauw',1),
	(1513,'2016-05-22 22:50:50','2016-05-22 22:53:26','2016-05-22 22:53:26','23','Bruin/Rood\r\n		</p>\r\n		<p>',0),
	(1514,'2016-05-22 22:50:50','2016-05-22 22:53:26','2016-05-22 22:53:26','23','Oranje/Rood',0),
	(1515,'2016-05-22 22:50:50','2016-05-22 22:53:26','2016-05-22 22:53:26','23','Geel',0),
	(1516,'2016-05-22 22:50:50','2016-05-22 22:53:26','2016-05-22 22:53:26','23','Wit',0),
	(1517,'2016-05-22 22:50:50','2016-05-22 22:53:26','2016-05-22 22:53:26','24','H tot Fe',1),
	(1518,'2016-05-22 22:50:50','2016-05-22 22:53:26','2016-05-22 22:53:26','24','nee',0),
	(1519,'2016-05-22 22:50:50','2016-05-22 22:53:26','2016-05-22 22:53:26','24','H tot He',0),
	(1520,'2016-05-22 22:50:50','2016-05-22 22:53:26','2016-05-22 22:53:26','24','H tot C',0),
	(1521,'2016-05-22 22:50:50','2016-05-22 22:53:26','2016-05-22 22:53:26','25','10 miljoen',1),
	(1522,'2016-05-22 22:50:50','2016-05-22 22:53:26','2016-05-22 22:53:26','25','1 biljoen',0),
	(1523,'2016-05-22 22:50:50','2016-05-22 22:53:26','2016-05-22 22:53:26','25','100 miljard',0),
	(1524,'2016-05-22 22:50:50','2016-05-22 22:53:26','2016-05-22 22:53:26','25','10 miljard',0),
	(1525,'2016-05-22 22:50:51','2016-05-22 22:53:26','2016-05-22 22:53:26','25','100 miljoen',0),
	(1526,'2016-05-22 22:50:51','2016-05-22 22:53:26','2016-05-22 22:53:26','26','Super Reus',1),
	(1527,'2016-05-22 22:50:51','2016-05-22 22:53:26','2016-05-22 22:53:26','26','geen',0),
	(1528,'2016-05-22 22:50:51','2016-05-22 22:53:26','2016-05-22 22:53:26','26','Rode Reus',0),
	(1529,'2016-05-22 22:53:26','2016-05-22 22:55:30','2016-05-22 22:55:30','1','Bruine dwerg',1),
	(1530,'2016-05-22 22:53:26','2016-05-22 22:55:30','2016-05-22 22:55:30','1','Witte dwerg',0),
	(1531,'2016-05-22 22:53:26','2016-05-22 22:55:30','2016-05-22 22:55:30','1','Neutronenster',0),
	(1532,'2016-05-22 22:53:26','2016-05-22 22:55:30','2016-05-22 22:55:30','1','Zwart gat',0),
	(1533,'2016-05-22 22:53:26','2016-05-22 22:55:30','2016-05-22 22:55:30','2','minder dan 3000',1),
	(1534,'2016-05-22 22:53:26','2016-05-22 22:55:30','2016-05-22 22:55:30','2','plusminus 3500',0),
	(1535,'2016-05-22 22:53:26','2016-05-22 22:55:30','2016-05-22 22:55:30','2','plusminus 5500',0),
	(1536,'2016-05-22 22:53:26','2016-05-22 22:55:30','2016-05-22 22:55:30','2','plusminus 9000',0),
	(1537,'2016-05-22 22:53:26','2016-05-22 22:55:30','2016-05-22 22:55:30','2','plusminus 30.000',0),
	(1538,'2016-05-22 22:53:26','2016-05-22 22:55:30','2016-05-22 22:55:30','3','Bruin/Rood<br>',1),
	(1539,'2016-05-22 22:53:26','2016-05-22 22:55:30','2016-05-22 22:55:30','3','Oranje/Rood',0),
	(1540,'2016-05-22 22:53:27','2016-05-22 22:55:30','2016-05-22 22:55:30','3','Geel',0),
	(1541,'2016-05-22 22:53:27','2016-05-22 22:55:30','2016-05-22 22:55:30','3','Wit',0),
	(1542,'2016-05-22 22:53:27','2016-05-22 22:55:30','2016-05-22 22:55:30','3','Blauw',0),
	(1543,'2016-05-22 22:53:27','2016-05-22 22:55:30','2016-05-22 22:55:30','4','nee',1),
	(1544,'2016-05-22 22:53:27','2016-05-22 22:55:30','2016-05-22 22:55:30','4','van H tot He',0),
	(1545,'2016-05-22 22:53:27','2016-05-22 22:55:30','2016-05-22 22:55:30','4','H tot C',0),
	(1546,'2016-05-22 22:53:27','2016-05-22 22:55:30','2016-05-22 22:55:30','4','H tot Fe',0),
	(1547,'2016-05-22 22:53:27','2016-05-22 22:55:30','2016-05-22 22:55:30','5','1 biljoen',1),
	(1548,'2016-05-22 22:53:27','2016-05-22 22:55:30','2016-05-22 22:55:30','5','100 miljard',0),
	(1549,'2016-05-22 22:53:27','2016-05-22 22:55:30','2016-05-22 22:55:30','5','10 miljard',0),
	(1550,'2016-05-22 22:53:27','2016-05-22 22:55:30','2016-05-22 22:55:30','5','100 miljoen',0),
	(1551,'2016-05-22 22:53:27','2016-05-22 22:55:30','2016-05-22 22:55:30','5','10 miljoen',0),
	(1552,'2016-05-22 22:53:27','2016-05-22 22:55:30','2016-05-22 22:55:30','6','geen',1),
	(1553,'2016-05-22 22:53:27','2016-05-22 22:55:30','2016-05-22 22:55:30','6','Rode Reus',0),
	(1554,'2016-05-22 22:53:27','2016-05-22 22:55:30','2016-05-22 22:55:30','6','Super Reus',0),
	(1555,'2016-05-22 22:53:27','2016-05-22 22:55:30','2016-05-22 22:55:30','7','Bruine dwerg',1),
	(1556,'2016-05-22 22:53:27','2016-05-22 22:55:30','2016-05-22 22:55:30','7','Witte dwerg',0),
	(1557,'2016-05-22 22:53:27','2016-05-22 22:55:30','2016-05-22 22:55:30','7','Neutronenster',0),
	(1558,'2016-05-22 22:53:27','2016-05-22 22:55:30','2016-05-22 22:55:30','7',' Zwart gat',0),
	(1559,'2016-05-22 22:53:27','2016-05-22 22:55:30','2016-05-22 22:55:30','8','plusminus 3500',1),
	(1560,'2016-05-22 22:53:27','2016-05-22 22:55:30','2016-05-22 22:55:30','8','plusminus 5500',0),
	(1561,'2016-05-22 22:53:27','2016-05-22 22:55:30','2016-05-22 22:55:30','8','plusminus 9000',0),
	(1562,'2016-05-22 22:53:27','2016-05-22 22:55:30','2016-05-22 22:55:30','8','plusminus 30.000',0),
	(1563,'2016-05-22 22:53:28','2016-05-22 22:55:30','2016-05-22 22:55:30','8','minder dan 3000',0),
	(1564,'2016-05-22 22:53:28','2016-05-22 22:55:30','2016-05-22 22:55:30','9','Oranje/Rood\r\n		</p>\r\n		<p>',1),
	(1565,'2016-05-22 22:53:28','2016-05-22 22:55:30','2016-05-22 22:55:30','9','Geel',0),
	(1566,'2016-05-22 22:53:28','2016-05-22 22:55:30','2016-05-22 22:55:30','9','Wit',0),
	(1567,'2016-05-22 22:53:28','2016-05-22 22:55:30','2016-05-22 22:55:30','9','Blauw',0),
	(1568,'2016-05-22 22:53:28','2016-05-22 22:55:30','2016-05-22 22:55:30','9','Bruin/Rood',0),
	(1569,'2016-05-22 22:53:28','2016-05-22 22:55:30','2016-05-22 22:55:30','10','H tot He',1),
	(1570,'2016-05-22 22:53:28','2016-05-22 22:55:30','2016-05-22 22:55:30','10','H tot C',0),
	(1571,'2016-05-22 22:53:28','2016-05-22 22:55:30','2016-05-22 22:55:30','10','H tot Fe',0),
	(1572,'2016-05-22 22:53:28','2016-05-22 22:55:30','2016-05-22 22:55:30','10','nee',0),
	(1573,'2016-05-22 22:53:28','2016-05-22 22:55:30','2016-05-22 22:55:30','11','100 miljard',1),
	(1574,'2016-05-22 22:53:28','2016-05-22 22:55:30','2016-05-22 22:55:30','11','10 miljard',0),
	(1575,'2016-05-22 22:53:28','2016-05-22 22:55:30','2016-05-22 22:55:30','11','100 miljoen',0),
	(1576,'2016-05-22 22:53:28','2016-05-22 22:55:30','2016-05-22 22:55:30','11','10 miljoen',0),
	(1577,'2016-05-22 22:53:28','2016-05-22 22:55:30','2016-05-22 22:55:30','11','1 biljoen',0),
	(1578,'2016-05-22 22:53:29','2016-05-22 22:55:30','2016-05-22 22:55:30','12','geen',1),
	(1579,'2016-05-22 22:53:29','2016-05-22 22:55:30','2016-05-22 22:55:30','12','Rode Reus',0),
	(1580,'2016-05-22 22:53:29','2016-05-22 22:55:30','2016-05-22 22:55:30','12','Super Reus',0),
	(1581,'2016-05-22 22:53:29','2016-05-22 22:55:30','2016-05-22 22:55:30','13','Witte dwerg',1),
	(1582,'2016-05-22 22:53:29','2016-05-22 22:55:30','2016-05-22 22:55:30','13','Neutronenster',0),
	(1583,'2016-05-22 22:53:29','2016-05-22 22:55:30','2016-05-22 22:55:30','13','Zwart gat',0),
	(1584,'2016-05-22 22:53:29','2016-05-22 22:55:30','2016-05-22 22:55:30','13','Bruine dwerg',0),
	(1585,'2016-05-22 22:53:29','2016-05-22 22:55:30','2016-05-22 22:55:30','14','plusminus 5500',1),
	(1586,'2016-05-22 22:53:29','2016-05-22 22:55:30','2016-05-22 22:55:30','14','plusminus 9000',0),
	(1587,'2016-05-22 22:53:29','2016-05-22 22:55:30','2016-05-22 22:55:30','14','plusminus 30.000',0),
	(1588,'2016-05-22 22:53:29','2016-05-22 22:55:30','2016-05-22 22:55:30','14','minder dan 3000',0),
	(1589,'2016-05-22 22:53:29','2016-05-22 22:55:30','2016-05-22 22:55:30','14','plusminus 3500',0),
	(1590,'2016-05-22 22:53:29','2016-05-22 22:55:30','2016-05-22 22:55:30','15','Geel',1),
	(1591,'2016-05-22 22:53:29','2016-05-22 22:55:30','2016-05-22 22:55:30','15','Wit',0),
	(1592,'2016-05-22 22:53:29','2016-05-22 22:55:30','2016-05-22 22:55:30','15','Blauw\r\n		</p>\r\n		<p>',0),
	(1593,'2016-05-22 22:53:29','2016-05-22 22:55:30','2016-05-22 22:55:30','15','Bruin/Rood',0),
	(1594,'2016-05-22 22:53:29','2016-05-22 22:55:30','2016-05-22 22:55:30','15','Oranje/Rood',0),
	(1595,'2016-05-22 22:53:29','2016-05-22 22:55:30','2016-05-22 22:55:30','16','H tot C',1),
	(1596,'2016-05-22 22:53:29','2016-05-22 22:55:30','2016-05-22 22:55:30','16','H tot Fe',0),
	(1597,'2016-05-22 22:53:29','2016-05-22 22:55:30','2016-05-22 22:55:30','16','nee',0),
	(1598,'2016-05-22 22:53:30','2016-05-22 22:55:30','2016-05-22 22:55:30','16','H tot He',0),
	(1599,'2016-05-22 22:53:30','2016-05-22 22:55:30','2016-05-22 22:55:30','17','10 miljard',1),
	(1600,'2016-05-22 22:53:30','2016-05-22 22:55:30','2016-05-22 22:55:30','17','100 miljoen',0),
	(1601,'2016-05-22 22:53:30','2016-05-22 22:55:30','2016-05-22 22:55:30','17','10 miljoen',0),
	(1602,'2016-05-22 22:53:30','2016-05-22 22:55:30','2016-05-22 22:55:30','17','1 biljoen',0),
	(1603,'2016-05-22 22:53:30','2016-05-22 22:55:30','2016-05-22 22:55:30','17','100 miljard',0),
	(1604,'2016-05-22 22:53:30','2016-05-22 22:55:30','2016-05-22 22:55:30','18','Rode Reus',1),
	(1605,'2016-05-22 22:53:30','2016-05-22 22:55:30','2016-05-22 22:55:30','18','Super Reus',0),
	(1606,'2016-05-22 22:53:30','2016-05-22 22:55:30','2016-05-22 22:55:30','18','geen',0),
	(1607,'2016-05-22 22:53:30','2016-05-22 22:55:30','2016-05-22 22:55:30','19','Witte dwerg',1),
	(1608,'2016-05-22 22:53:30','2016-05-22 22:55:30','2016-05-22 22:55:30','19','Neutronenster',0),
	(1609,'2016-05-22 22:53:30','2016-05-22 22:55:30','2016-05-22 22:55:30','19','Zwart gat',0),
	(1610,'2016-05-22 22:53:30','2016-05-22 22:55:30','2016-05-22 22:55:30','19','Bruine dwerg',0),
	(1611,'2016-05-22 22:53:30','2016-05-22 22:55:30','2016-05-22 22:55:30','20','plusminus 9000',1),
	(1612,'2016-05-22 22:53:30','2016-05-22 22:55:30','2016-05-22 22:55:30','20','plusminus 30.000',0),
	(1613,'2016-05-22 22:53:30','2016-05-22 22:55:30','2016-05-22 22:55:30','20','minder dan 3000',0),
	(1614,'2016-05-22 22:53:30','2016-05-22 22:55:30','2016-05-22 22:55:30','20','plusminus 3500',0),
	(1615,'2016-05-22 22:53:30','2016-05-22 22:55:30','2016-05-22 22:55:30','20','plusminus 5500',0),
	(1616,'2016-05-22 22:53:30','2016-05-22 22:55:30','2016-05-22 22:55:30','21','Wit',1),
	(1617,'2016-05-22 22:53:30','2016-05-22 22:55:30','2016-05-22 22:55:30','21','Blauw',0),
	(1618,'2016-05-22 22:53:30','2016-05-22 22:55:30','2016-05-22 22:55:30','21','Bruin/Rood\r\n		</p>\r\n		<p>',0),
	(1619,'2016-05-22 22:53:30','2016-05-22 22:55:30','2016-05-22 22:55:30','21','Oranje/Rood',0),
	(1620,'2016-05-22 22:53:31','2016-05-22 22:55:30','2016-05-22 22:55:30','21','Geel',0),
	(1621,'2016-05-22 22:53:31','2016-05-22 22:55:30','2016-05-22 22:55:30','22','H tot Fe',1),
	(1622,'2016-05-22 22:53:31','2016-05-22 22:55:30','2016-05-22 22:55:30','22','nee',0),
	(1623,'2016-05-22 22:53:31','2016-05-22 22:55:30','2016-05-22 22:55:30','22','H tot He',0),
	(1624,'2016-05-22 22:53:31','2016-05-22 22:55:30','2016-05-22 22:55:30','22','H tot C',0),
	(1625,'2016-05-22 22:53:31','2016-05-22 22:55:30','2016-05-22 22:55:30','23','100 miljoen',1),
	(1626,'2016-05-22 22:53:31','2016-05-22 22:55:30','2016-05-22 22:55:30','23','10 miljoen',0),
	(1627,'2016-05-22 22:53:31','2016-05-22 22:55:30','2016-05-22 22:55:30','23','1 biljoen',0),
	(1628,'2016-05-22 22:53:31','2016-05-22 22:55:30','2016-05-22 22:55:30','23','100 miljard',0),
	(1629,'2016-05-22 22:53:31','2016-05-22 22:55:30','2016-05-22 22:55:30','23','10 miljard',0),
	(1630,'2016-05-22 22:53:31','2016-05-22 22:55:30','2016-05-22 22:55:30','24','Super Reus',1),
	(1631,'2016-05-22 22:53:31','2016-05-22 22:55:30','2016-05-22 22:55:30','24','geen',0),
	(1632,'2016-05-22 22:53:31','2016-05-22 22:55:30','2016-05-22 22:55:30','24','Rode Reus',0),
	(1633,'2016-05-22 22:53:31','2016-05-22 22:55:30','2016-05-22 22:55:30','25','Neutronenster',1),
	(1634,'2016-05-22 22:53:31','2016-05-22 22:55:30','2016-05-22 22:55:30','25','Zwart gat',0),
	(1635,'2016-05-22 22:53:31','2016-05-22 22:55:30','2016-05-22 22:55:30','25','Bruine dwerg',0),
	(1636,'2016-05-22 22:53:31','2016-05-22 22:55:30','2016-05-22 22:55:30','25','Witte dwerg',0),
	(1637,'2016-05-22 22:53:31','2016-05-22 22:55:30','2016-05-22 22:55:30','26','plusminus 30.000',1),
	(1638,'2016-05-22 22:53:31','2016-05-22 22:55:30','2016-05-22 22:55:30','26','minder dan 3000',0),
	(1639,'2016-05-22 22:53:31','2016-05-22 22:55:30','2016-05-22 22:55:30','26','plusminus 3500',0),
	(1640,'2016-05-22 22:53:31','2016-05-22 22:55:30','2016-05-22 22:55:30','26','plusminus 5500',0),
	(1641,'2016-05-22 22:53:32','2016-05-22 22:55:30','2016-05-22 22:55:30','26','plusminus 9000',0),
	(1642,'2016-05-22 22:53:32','2016-05-22 22:55:30','2016-05-22 22:55:30','27','Blauw',1),
	(1643,'2016-05-22 22:53:32','2016-05-22 22:55:30','2016-05-22 22:55:30','27','Bruin/Rood\r\n		</p>\r\n		<p>',0),
	(1644,'2016-05-22 22:53:32','2016-05-22 22:55:30','2016-05-22 22:55:30','27','Oranje/Rood',0),
	(1645,'2016-05-22 22:53:32','2016-05-22 22:55:30','2016-05-22 22:55:30','27','Geel',0),
	(1646,'2016-05-22 22:53:32','2016-05-22 22:55:30','2016-05-22 22:55:30','27','Wit',0),
	(1647,'2016-05-22 22:53:32','2016-05-22 22:55:30','2016-05-22 22:55:30','28','H tot Fe',1),
	(1648,'2016-05-22 22:53:32','2016-05-22 22:55:30','2016-05-22 22:55:30','28','nee',0),
	(1649,'2016-05-22 22:53:32','2016-05-22 22:55:30','2016-05-22 22:55:30','28','H tot He',0),
	(1650,'2016-05-22 22:53:32','2016-05-22 22:55:30','2016-05-22 22:55:30','28','H tot C',0),
	(1651,'2016-05-22 22:53:32','2016-05-22 22:55:30','2016-05-22 22:55:30','29','10 miljoen',1),
	(1652,'2016-05-22 22:53:32','2016-05-22 22:55:30','2016-05-22 22:55:30','29','1 biljoen',0),
	(1653,'2016-05-22 22:53:32','2016-05-22 22:55:30','2016-05-22 22:55:30','29','100 miljard',0),
	(1654,'2016-05-22 22:53:32','2016-05-22 22:55:30','2016-05-22 22:55:30','29','10 miljard',0),
	(1655,'2016-05-22 22:53:32','2016-05-22 22:55:30','2016-05-22 22:55:30','29','100 miljoen',0),
	(1656,'2016-05-22 22:53:32','2016-05-22 22:55:30','2016-05-22 22:55:30','30','Super Reus',1),
	(1657,'2016-05-22 22:53:32','2016-05-22 22:55:30','2016-05-22 22:55:30','30','geen',0),
	(1658,'2016-05-22 22:53:32','2016-05-22 22:55:30','2016-05-22 22:55:30','30','Rode Reus',0),
	(1659,'2016-05-22 22:53:32','2016-05-22 22:55:30','2016-05-22 22:55:30','31','Zwart gat',1),
	(1660,'2016-05-22 22:53:33','2016-05-22 22:55:30','2016-05-22 22:55:30','31','Bruine dwerg',0),
	(1661,'2016-05-22 22:53:33','2016-05-22 22:55:30','2016-05-22 22:55:30','31','Witte dwerg',0),
	(1662,'2016-05-22 22:53:33','2016-05-22 22:55:30','2016-05-22 22:55:30','31','Neutronenster',0),
	(1663,'2016-05-22 22:55:30','2016-05-22 22:56:26','2016-05-22 22:56:26','1','Bruine dwerg',1),
	(1664,'2016-05-22 22:55:30','2016-05-22 22:56:26','2016-05-22 22:56:26','1','Witte dwerg',0),
	(1665,'2016-05-22 22:55:30','2016-05-22 22:56:26','2016-05-22 22:56:26','1','Neutronenster',0),
	(1666,'2016-05-22 22:55:30','2016-05-22 22:56:26','2016-05-22 22:56:26','1','Zwart gat',0),
	(1667,'2016-05-22 22:55:31','2016-05-22 22:56:26','2016-05-22 22:56:26','2','minder dan 3000',1),
	(1668,'2016-05-22 22:55:31','2016-05-22 22:56:26','2016-05-22 22:56:26','2','plusminus 3500',0),
	(1669,'2016-05-22 22:55:31','2016-05-22 22:56:26','2016-05-22 22:56:26','2','plusminus 5500',0),
	(1670,'2016-05-22 22:55:31','2016-05-22 22:56:26','2016-05-22 22:56:26','2','plusminus 9000',0),
	(1671,'2016-05-22 22:55:31','2016-05-22 22:56:26','2016-05-22 22:56:26','2','plusminus 30.000',0),
	(1672,'2016-05-22 22:55:31','2016-05-22 22:56:26','2016-05-22 22:56:26','3','Bruin/Rood',1),
	(1673,'2016-05-22 22:55:31','2016-05-22 22:56:26','2016-05-22 22:56:26','3','Oranje/Rood',0),
	(1674,'2016-05-22 22:55:31','2016-05-22 22:56:26','2016-05-22 22:56:26','3','Geel',0),
	(1675,'2016-05-22 22:55:31','2016-05-22 22:56:26','2016-05-22 22:56:26','3','Wit',0),
	(1676,'2016-05-22 22:55:31','2016-05-22 22:56:26','2016-05-22 22:56:26','3','Blauw',0),
	(1677,'2016-05-22 22:55:31','2016-05-22 22:56:26','2016-05-22 22:56:26','4','nee',1),
	(1678,'2016-05-22 22:55:31','2016-05-22 22:56:26','2016-05-22 22:56:26','4','van H tot He',0),
	(1679,'2016-05-22 22:55:31','2016-05-22 22:56:26','2016-05-22 22:56:26','4','H tot C',0),
	(1680,'2016-05-22 22:55:31','2016-05-22 22:56:26','2016-05-22 22:56:26','4','H tot Fe',0),
	(1681,'2016-05-22 22:55:31','2016-05-22 22:56:26','2016-05-22 22:56:26','5','1 biljoen',1),
	(1682,'2016-05-22 22:55:31','2016-05-22 22:56:26','2016-05-22 22:56:26','5','100 miljard',0),
	(1683,'2016-05-22 22:55:31','2016-05-22 22:56:26','2016-05-22 22:56:26','5','10 miljard',0),
	(1684,'2016-05-22 22:55:31','2016-05-22 22:56:26','2016-05-22 22:56:26','5','100 miljoen',0),
	(1685,'2016-05-22 22:55:31','2016-05-22 22:56:26','2016-05-22 22:56:26','5','10 miljoen',0),
	(1686,'2016-05-22 22:55:32','2016-05-22 22:56:26','2016-05-22 22:56:26','6','geen',1),
	(1687,'2016-05-22 22:55:32','2016-05-22 22:56:26','2016-05-22 22:56:26','6','Rode Reus',0),
	(1688,'2016-05-22 22:55:32','2016-05-22 22:56:26','2016-05-22 22:56:26','6','Super Reus',0),
	(1689,'2016-05-22 22:55:32','2016-05-22 22:56:26','2016-05-22 22:56:26','7','Bruine dwerg',1),
	(1690,'2016-05-22 22:55:32','2016-05-22 22:56:26','2016-05-22 22:56:26','7','Witte dwerg',0),
	(1691,'2016-05-22 22:55:32','2016-05-22 22:56:26','2016-05-22 22:56:26','7','Neutronenster',0),
	(1692,'2016-05-22 22:55:32','2016-05-22 22:56:26','2016-05-22 22:56:26','7',' Zwart gat',0),
	(1693,'2016-05-22 22:55:32','2016-05-22 22:56:26','2016-05-22 22:56:26','8','plusminus 3500',1),
	(1694,'2016-05-22 22:55:32','2016-05-22 22:56:26','2016-05-22 22:56:26','8','plusminus 5500',0),
	(1695,'2016-05-22 22:55:32','2016-05-22 22:56:26','2016-05-22 22:56:26','8','plusminus 9000',0),
	(1696,'2016-05-22 22:55:32','2016-05-22 22:56:26','2016-05-22 22:56:26','8','plusminus 30.000',0),
	(1697,'2016-05-22 22:55:32','2016-05-22 22:56:26','2016-05-22 22:56:26','8','minder dan 3000',0),
	(1698,'2016-05-22 22:55:32','2016-05-22 22:56:26','2016-05-22 22:56:26','9','Oranje/Rood',1),
	(1699,'2016-05-22 22:55:32','2016-05-22 22:56:26','2016-05-22 22:56:26','9','Geel',0),
	(1700,'2016-05-22 22:55:32','2016-05-22 22:56:26','2016-05-22 22:56:26','9','Wit',0),
	(1701,'2016-05-22 22:55:32','2016-05-22 22:56:26','2016-05-22 22:56:26','9','Blauw',0),
	(1702,'2016-05-22 22:55:32','2016-05-22 22:56:26','2016-05-22 22:56:26','9','Bruin/Rood',0),
	(1703,'2016-05-22 22:55:32','2016-05-22 22:56:26','2016-05-22 22:56:26','10','H tot He',1),
	(1704,'2016-05-22 22:55:32','2016-05-22 22:56:26','2016-05-22 22:56:26','10','H tot C',0),
	(1705,'2016-05-22 22:55:33','2016-05-22 22:56:26','2016-05-22 22:56:26','10','H tot Fe',0),
	(1706,'2016-05-22 22:55:33','2016-05-22 22:56:26','2016-05-22 22:56:26','10','nee',0),
	(1707,'2016-05-22 22:55:33','2016-05-22 22:56:26','2016-05-22 22:56:26','11','100 miljard',1),
	(1708,'2016-05-22 22:55:33','2016-05-22 22:56:26','2016-05-22 22:56:26','11','10 miljard',0),
	(1709,'2016-05-22 22:55:33','2016-05-22 22:56:26','2016-05-22 22:56:26','11','100 miljoen',0),
	(1710,'2016-05-22 22:55:33','2016-05-22 22:56:26','2016-05-22 22:56:26','11','10 miljoen',0),
	(1711,'2016-05-22 22:55:33','2016-05-22 22:56:26','2016-05-22 22:56:26','11','1 biljoen',0),
	(1712,'2016-05-22 22:55:33','2016-05-22 22:56:26','2016-05-22 22:56:26','12','geen',1),
	(1713,'2016-05-22 22:55:33','2016-05-22 22:56:26','2016-05-22 22:56:26','12','Rode Reus',0),
	(1714,'2016-05-22 22:55:33','2016-05-22 22:56:26','2016-05-22 22:56:26','12','Super Reus',0),
	(1715,'2016-05-22 22:55:33','2016-05-22 22:56:26','2016-05-22 22:56:26','13','Witte dwerg',1),
	(1716,'2016-05-22 22:55:33','2016-05-22 22:56:26','2016-05-22 22:56:26','13','Neutronenster',0),
	(1717,'2016-05-22 22:55:33','2016-05-22 22:56:26','2016-05-22 22:56:26','13','Zwart gat',0),
	(1718,'2016-05-22 22:55:33','2016-05-22 22:56:26','2016-05-22 22:56:26','13','Bruine dwerg',0),
	(1719,'2016-05-22 22:55:33','2016-05-22 22:56:26','2016-05-22 22:56:26','14','plusminus 5500',1),
	(1720,'2016-05-22 22:55:33','2016-05-22 22:56:26','2016-05-22 22:56:26','14','plusminus 9000',0),
	(1721,'2016-05-22 22:55:33','2016-05-22 22:56:26','2016-05-22 22:56:26','14','plusminus 30.000',0),
	(1722,'2016-05-22 22:55:33','2016-05-22 22:56:26','2016-05-22 22:56:26','14','minder dan 3000',0),
	(1723,'2016-05-22 22:55:34','2016-05-22 22:56:26','2016-05-22 22:56:26','14','plusminus 3500',0),
	(1724,'2016-05-22 22:55:34','2016-05-22 22:56:26','2016-05-22 22:56:26','15','Geel',1),
	(1725,'2016-05-22 22:55:34','2016-05-22 22:56:26','2016-05-22 22:56:26','15','Wit',0),
	(1726,'2016-05-22 22:55:34','2016-05-22 22:56:26','2016-05-22 22:56:26','15','Blauw',0),
	(1727,'2016-05-22 22:55:34','2016-05-22 22:56:26','2016-05-22 22:56:26','15','Bruin/Rood',0),
	(1728,'2016-05-22 22:55:34','2016-05-22 22:56:26','2016-05-22 22:56:26','15','Oranje/Rood',0),
	(1729,'2016-05-22 22:55:34','2016-05-22 22:56:26','2016-05-22 22:56:26','16','H tot C',1),
	(1730,'2016-05-22 22:55:34','2016-05-22 22:56:26','2016-05-22 22:56:26','16','H tot Fe',0),
	(1731,'2016-05-22 22:55:34','2016-05-22 22:56:26','2016-05-22 22:56:26','16','nee',0),
	(1732,'2016-05-22 22:55:34','2016-05-22 22:56:26','2016-05-22 22:56:26','16','H tot He',0),
	(1733,'2016-05-22 22:55:34','2016-05-22 22:56:26','2016-05-22 22:56:26','17','10 miljard',1),
	(1734,'2016-05-22 22:55:34','2016-05-22 22:56:26','2016-05-22 22:56:26','17','100 miljoen',0),
	(1735,'2016-05-22 22:55:34','2016-05-22 22:56:26','2016-05-22 22:56:26','17','10 miljoen',0),
	(1736,'2016-05-22 22:55:34','2016-05-22 22:56:26','2016-05-22 22:56:26','17','1 biljoen',0),
	(1737,'2016-05-22 22:55:34','2016-05-22 22:56:26','2016-05-22 22:56:26','17','100 miljard',0),
	(1738,'2016-05-22 22:55:34','2016-05-22 22:56:26','2016-05-22 22:56:26','18','Rode Reus',1),
	(1739,'2016-05-22 22:55:34','2016-05-22 22:56:26','2016-05-22 22:56:26','18','Super Reus',0),
	(1740,'2016-05-22 22:55:34','2016-05-22 22:56:26','2016-05-22 22:56:26','18','geen',0),
	(1741,'2016-05-22 22:55:34','2016-05-22 22:56:26','2016-05-22 22:56:26','19','Witte dwerg',1),
	(1742,'2016-05-22 22:55:34','2016-05-22 22:56:26','2016-05-22 22:56:26','19','Neutronenster',0),
	(1743,'2016-05-22 22:55:35','2016-05-22 22:56:26','2016-05-22 22:56:26','19','Zwart gat',0),
	(1744,'2016-05-22 22:55:35','2016-05-22 22:56:26','2016-05-22 22:56:26','19','Bruine dwerg',0),
	(1745,'2016-05-22 22:55:35','2016-05-22 22:56:26','2016-05-22 22:56:26','20','plusminus 9000',1),
	(1746,'2016-05-22 22:55:35','2016-05-22 22:56:26','2016-05-22 22:56:26','20','plusminus 30.000',0),
	(1747,'2016-05-22 22:55:35','2016-05-22 22:56:26','2016-05-22 22:56:26','20','minder dan 3000',0),
	(1748,'2016-05-22 22:55:35','2016-05-22 22:56:26','2016-05-22 22:56:26','20','plusminus 3500',0),
	(1749,'2016-05-22 22:55:35','2016-05-22 22:56:26','2016-05-22 22:56:26','20','plusminus 5500',0),
	(1750,'2016-05-22 22:55:35','2016-05-22 22:56:26','2016-05-22 22:56:26','21','Wit',1),
	(1751,'2016-05-22 22:55:35','2016-05-22 22:56:26','2016-05-22 22:56:26','21','Blauw',0),
	(1752,'2016-05-22 22:55:35','2016-05-22 22:56:26','2016-05-22 22:56:26','21','Bruin/Rood',0),
	(1753,'2016-05-22 22:55:35','2016-05-22 22:56:26','2016-05-22 22:56:26','21','Oranje/Rood',0),
	(1754,'2016-05-22 22:55:35','2016-05-22 22:56:26','2016-05-22 22:56:26','21','Geel',0),
	(1755,'2016-05-22 22:55:35','2016-05-22 22:56:26','2016-05-22 22:56:26','22','H tot Fe',1),
	(1756,'2016-05-22 22:55:35','2016-05-22 22:56:26','2016-05-22 22:56:26','22','nee',0),
	(1757,'2016-05-22 22:55:35','2016-05-22 22:56:26','2016-05-22 22:56:26','22','H tot He',0),
	(1758,'2016-05-22 22:55:36','2016-05-22 22:56:26','2016-05-22 22:56:26','22','H tot C',0),
	(1759,'2016-05-22 22:55:36','2016-05-22 22:56:26','2016-05-22 22:56:26','23','100 miljoen',1),
	(1760,'2016-05-22 22:55:36','2016-05-22 22:56:26','2016-05-22 22:56:26','23','10 miljoen',0),
	(1761,'2016-05-22 22:55:36','2016-05-22 22:56:26','2016-05-22 22:56:26','23','1 biljoen',0),
	(1762,'2016-05-22 22:55:36','2016-05-22 22:56:26','2016-05-22 22:56:26','23','100 miljard',0),
	(1763,'2016-05-22 22:55:36','2016-05-22 22:56:26','2016-05-22 22:56:26','23','10 miljard',0),
	(1764,'2016-05-22 22:55:36','2016-05-22 22:56:26','2016-05-22 22:56:26','24','Super Reus',1),
	(1765,'2016-05-22 22:55:36','2016-05-22 22:56:26','2016-05-22 22:56:26','24','geen',0),
	(1766,'2016-05-22 22:55:36','2016-05-22 22:56:26','2016-05-22 22:56:26','24','Rode Reus',0),
	(1767,'2016-05-22 22:55:36','2016-05-22 22:56:26','2016-05-22 22:56:26','25','Neutronenster',1),
	(1768,'2016-05-22 22:55:36','2016-05-22 22:56:26','2016-05-22 22:56:26','25','Zwart gat',0),
	(1769,'2016-05-22 22:55:36','2016-05-22 22:56:26','2016-05-22 22:56:26','25','Bruine dwerg',0),
	(1770,'2016-05-22 22:55:36','2016-05-22 22:56:26','2016-05-22 22:56:26','25','Witte dwerg',0),
	(1771,'2016-05-22 22:55:36','2016-05-22 22:56:26','2016-05-22 22:56:26','26','plusminus 30.000',1),
	(1772,'2016-05-22 22:55:36','2016-05-22 22:56:26','2016-05-22 22:56:26','26','minder dan 3000',0),
	(1773,'2016-05-22 22:55:36','2016-05-22 22:56:26','2016-05-22 22:56:26','26','plusminus 3500',0),
	(1774,'2016-05-22 22:55:37','2016-05-22 22:56:26','2016-05-22 22:56:26','26','plusminus 5500',0),
	(1775,'2016-05-22 22:55:37','2016-05-22 22:56:26','2016-05-22 22:56:26','26','plusminus 9000',0),
	(1776,'2016-05-22 22:55:37','2016-05-22 22:56:26','2016-05-22 22:56:26','27','Blauw',1),
	(1777,'2016-05-22 22:55:37','2016-05-22 22:56:26','2016-05-22 22:56:26','27','Bruin/Rood',0),
	(1778,'2016-05-22 22:55:37','2016-05-22 22:56:26','2016-05-22 22:56:26','27','Oranje/Rood',0),
	(1779,'2016-05-22 22:55:37','2016-05-22 22:56:26','2016-05-22 22:56:26','27','Geel',0),
	(1780,'2016-05-22 22:55:37','2016-05-22 22:56:26','2016-05-22 22:56:26','27','Wit',0),
	(1781,'2016-05-22 22:55:37','2016-05-22 22:56:26','2016-05-22 22:56:26','28','H tot Fe',1),
	(1782,'2016-05-22 22:55:37','2016-05-22 22:56:26','2016-05-22 22:56:26','28','nee',0),
	(1783,'2016-05-22 22:55:37','2016-05-22 22:56:26','2016-05-22 22:56:26','28','H tot He',0),
	(1784,'2016-05-22 22:55:37','2016-05-22 22:56:26','2016-05-22 22:56:26','28','H tot C',0),
	(1785,'2016-05-22 22:55:37','2016-05-22 22:56:26','2016-05-22 22:56:26','29','10 miljoen',1),
	(1786,'2016-05-22 22:55:37','2016-05-22 22:56:26','2016-05-22 22:56:26','29','1 biljoen',0),
	(1787,'2016-05-22 22:55:37','2016-05-22 22:56:26','2016-05-22 22:56:26','29','100 miljard',0),
	(1788,'2016-05-22 22:55:37','2016-05-22 22:56:26','2016-05-22 22:56:26','29','10 miljard',0),
	(1789,'2016-05-22 22:55:37','2016-05-22 22:56:26','2016-05-22 22:56:26','29','100 miljoen',0),
	(1790,'2016-05-22 22:55:37','2016-05-22 22:56:26','2016-05-22 22:56:26','30','Super Reus',1),
	(1791,'2016-05-22 22:55:38','2016-05-22 22:56:26','2016-05-22 22:56:26','30','geen',0),
	(1792,'2016-05-22 22:55:38','2016-05-22 22:56:26','2016-05-22 22:56:26','30','Rode Reus',0),
	(1793,'2016-05-22 22:55:38','2016-05-22 22:56:26','2016-05-22 22:56:26','31','Zwart gat',1),
	(1794,'2016-05-22 22:55:38','2016-05-22 22:56:26','2016-05-22 22:56:26','31','Bruine dwerg',0),
	(1795,'2016-05-22 22:55:38','2016-05-22 22:56:26','2016-05-22 22:56:26','31','Witte dwerg',0),
	(1796,'2016-05-22 22:55:38','2016-05-22 22:56:26','2016-05-22 22:56:26','31','Neutronenster',0),
	(1797,'2016-05-22 22:56:27','2016-05-22 22:56:27',NULL,'1','Bruine dwerg',1),
	(1798,'2016-05-22 22:56:27','2016-05-22 22:56:27',NULL,'1','Witte dwerg',0),
	(1799,'2016-05-22 22:56:27','2016-05-22 22:56:27',NULL,'1','Neutronenster',0),
	(1800,'2016-05-22 22:56:27','2016-05-22 22:56:27',NULL,'1','Zwart gat',0),
	(1801,'2016-05-22 22:56:27','2016-05-22 22:56:27',NULL,'2','minder dan 3000',1),
	(1802,'2016-05-22 22:56:27','2016-05-22 22:56:27',NULL,'2','plusminus 3500',0),
	(1803,'2016-05-22 22:56:27','2016-05-22 22:56:27',NULL,'2','plusminus 5500',0),
	(1804,'2016-05-22 22:56:27','2016-05-22 22:56:27',NULL,'2','plusminus 9000',0),
	(1805,'2016-05-22 22:56:27','2016-05-22 22:56:27',NULL,'2','plusminus 30.000',0),
	(1806,'2016-05-22 22:56:27','2016-05-22 22:56:27',NULL,'3','Bruin/Rood',1),
	(1807,'2016-05-22 22:56:27','2016-05-22 22:56:27',NULL,'3','Oranje/Rood',0),
	(1808,'2016-05-22 22:56:27','2016-05-22 22:56:27',NULL,'3','Geel',0),
	(1809,'2016-05-22 22:56:27','2016-05-22 22:56:27',NULL,'3','Wit',0),
	(1810,'2016-05-22 22:56:27','2016-05-22 22:56:27',NULL,'3','Blauw',0),
	(1811,'2016-05-22 22:56:27','2016-05-22 22:56:27',NULL,'4','nee',1),
	(1812,'2016-05-22 22:56:27','2016-05-22 22:56:27',NULL,'4','van H tot He',0),
	(1813,'2016-05-22 22:56:27','2016-05-22 22:56:27',NULL,'4','H tot C',0),
	(1814,'2016-05-22 22:56:27','2016-05-22 22:56:27',NULL,'4','H tot Fe',0),
	(1815,'2016-05-22 22:56:27','2016-05-22 22:56:27',NULL,'5','1 biljoen',1),
	(1816,'2016-05-22 22:56:27','2016-05-22 22:56:27',NULL,'5','100 miljard',0),
	(1817,'2016-05-22 22:56:27','2016-05-22 22:56:27',NULL,'5','10 miljard',0),
	(1818,'2016-05-22 22:56:27','2016-05-22 22:56:27',NULL,'5','100 miljoen',0),
	(1819,'2016-05-22 22:56:28','2016-05-22 22:56:28',NULL,'5','10 miljoen',0),
	(1820,'2016-05-22 22:56:28','2016-05-22 22:56:28',NULL,'6','geen',1),
	(1821,'2016-05-22 22:56:28','2016-05-22 22:56:28',NULL,'6','Rode Reus',0),
	(1822,'2016-05-22 22:56:28','2016-05-22 22:56:28',NULL,'6','Super Reus',0),
	(1823,'2016-05-22 22:56:28','2016-05-22 22:56:28',NULL,'7','Bruine dwerg',1),
	(1824,'2016-05-22 22:56:28','2016-05-22 22:56:28',NULL,'7','Witte dwerg',0),
	(1825,'2016-05-22 22:56:28','2016-05-22 22:56:28',NULL,'7','Neutronenster',0),
	(1826,'2016-05-22 22:56:28','2016-05-22 22:56:28',NULL,'7',' Zwart gat',0),
	(1827,'2016-05-22 22:56:28','2016-05-22 22:56:28',NULL,'8','plusminus 3500',1),
	(1828,'2016-05-22 22:56:28','2016-05-22 22:56:28',NULL,'8','plusminus 5500',0),
	(1829,'2016-05-22 22:56:28','2016-05-22 22:56:28',NULL,'8','plusminus 9000',0),
	(1830,'2016-05-22 22:56:28','2016-05-22 22:56:28',NULL,'8','plusminus 30.000',0),
	(1831,'2016-05-22 22:56:28','2016-05-22 22:56:28',NULL,'8','minder dan 3000',0),
	(1832,'2016-05-22 22:56:28','2016-05-22 22:56:28',NULL,'9','Oranje/Rood',1),
	(1833,'2016-05-22 22:56:28','2016-05-22 22:56:28',NULL,'9','Geel',0),
	(1834,'2016-05-22 22:56:28','2016-05-22 22:56:28',NULL,'9','Wit',0),
	(1835,'2016-05-22 22:56:28','2016-05-22 22:56:28',NULL,'9','Blauw',0),
	(1836,'2016-05-22 22:56:28','2016-05-22 22:56:28',NULL,'9','Bruin/Rood',0),
	(1837,'2016-05-22 22:56:28','2016-05-22 22:56:28',NULL,'10','H tot He',1),
	(1838,'2016-05-22 22:56:28','2016-05-22 22:56:28',NULL,'10','H tot C',0),
	(1839,'2016-05-22 22:56:28','2016-05-22 22:56:28',NULL,'10','H tot Fe',0),
	(1840,'2016-05-22 22:56:28','2016-05-22 22:56:28',NULL,'10','nee',0),
	(1841,'2016-05-22 22:56:28','2016-05-22 22:56:28',NULL,'11','100 miljard',1),
	(1842,'2016-05-22 22:56:29','2016-05-22 22:56:29',NULL,'11','10 miljard',0),
	(1843,'2016-05-22 22:56:29','2016-05-22 22:56:29',NULL,'11','100 miljoen',0),
	(1844,'2016-05-22 22:56:29','2016-05-22 22:56:29',NULL,'11','10 miljoen',0),
	(1845,'2016-05-22 22:56:29','2016-05-22 22:56:29',NULL,'11','1 biljoen',0),
	(1846,'2016-05-22 22:56:29','2016-05-22 22:56:29',NULL,'12','geen',1),
	(1847,'2016-05-22 22:56:29','2016-05-22 22:56:29',NULL,'12','Rode Reus',0),
	(1848,'2016-05-22 22:56:29','2016-05-22 22:56:29',NULL,'12','Super Reus',0),
	(1849,'2016-05-22 22:56:29','2016-05-22 22:56:29',NULL,'13','Witte dwerg',1),
	(1850,'2016-05-22 22:56:29','2016-05-22 22:56:29',NULL,'13','Neutronenster',0),
	(1851,'2016-05-22 22:56:29','2016-05-22 22:56:29',NULL,'13','Zwart gat',0),
	(1852,'2016-05-22 22:56:29','2016-05-22 22:56:29',NULL,'13','Bruine dwerg',0),
	(1853,'2016-05-22 22:56:29','2016-05-22 22:56:29',NULL,'14','plusminus 5500',1),
	(1854,'2016-05-22 22:56:29','2016-05-22 22:56:29',NULL,'14','plusminus 9000',0),
	(1855,'2016-05-22 22:56:29','2016-05-22 22:56:29',NULL,'14','plusminus 30.000',0),
	(1856,'2016-05-22 22:56:29','2016-05-22 22:56:29',NULL,'14','minder dan 3000',0),
	(1857,'2016-05-22 22:56:29','2016-05-22 22:56:29',NULL,'14','plusminus 3500',0),
	(1858,'2016-05-22 22:56:29','2016-05-22 22:56:29',NULL,'15','Geel',1),
	(1859,'2016-05-22 22:56:29','2016-05-22 22:56:29',NULL,'15','Wit',0),
	(1860,'2016-05-22 22:56:29','2016-05-22 22:56:29',NULL,'15','Blauw',0),
	(1861,'2016-05-22 22:56:29','2016-05-22 22:56:29',NULL,'15','Bruin/Rood',0),
	(1862,'2016-05-22 22:56:29','2016-05-22 22:56:29',NULL,'15','Oranje/Rood',0),
	(1863,'2016-05-22 22:56:30','2016-05-22 22:56:30',NULL,'16','H tot C',1),
	(1864,'2016-05-22 22:56:30','2016-05-22 22:56:30',NULL,'16','H tot Fe',0),
	(1865,'2016-05-22 22:56:30','2016-05-22 22:56:30',NULL,'16','nee',0),
	(1866,'2016-05-22 22:56:30','2016-05-22 22:56:30',NULL,'16','H tot He',0),
	(1867,'2016-05-22 22:56:30','2016-05-22 22:56:30',NULL,'17','10 miljard',1),
	(1868,'2016-05-22 22:56:30','2016-05-22 22:56:30',NULL,'17','100 miljoen',0),
	(1869,'2016-05-22 22:56:30','2016-05-22 22:56:30',NULL,'17','10 miljoen',0),
	(1870,'2016-05-22 22:56:30','2016-05-22 22:56:30',NULL,'17','1 biljoen',0),
	(1871,'2016-05-22 22:56:30','2016-05-22 22:56:30',NULL,'17','100 miljard',0),
	(1872,'2016-05-22 22:56:30','2016-05-22 22:56:30',NULL,'18','Rode Reus',1),
	(1873,'2016-05-22 22:56:30','2016-05-22 22:56:30',NULL,'18','Super Reus',0),
	(1874,'2016-05-22 22:56:30','2016-05-22 22:56:30',NULL,'18','geen',0),
	(1875,'2016-05-22 22:56:30','2016-05-22 22:56:30',NULL,'19','Witte dwerg',1),
	(1876,'2016-05-22 22:56:30','2016-05-22 22:56:30',NULL,'19','Neutronenster',0),
	(1877,'2016-05-22 22:56:30','2016-05-22 22:56:30',NULL,'19','Zwart gat',0),
	(1878,'2016-05-22 22:56:30','2016-05-22 22:56:30',NULL,'19','Bruine dwerg',0),
	(1879,'2016-05-22 22:56:30','2016-05-22 22:56:30',NULL,'20','plusminus 9000',1),
	(1880,'2016-05-22 22:56:30','2016-05-22 22:56:30',NULL,'20','plusminus 30.000',0),
	(1881,'2016-05-22 22:56:30','2016-05-22 22:56:30',NULL,'20','minder dan 3000',0),
	(1882,'2016-05-22 22:56:30','2016-05-22 22:56:30',NULL,'20','plusminus 3500',0),
	(1883,'2016-05-22 22:56:30','2016-05-22 22:56:30',NULL,'20','plusminus 5500',0),
	(1884,'2016-05-22 22:56:31','2016-05-22 22:56:31',NULL,'21','Wit',1),
	(1885,'2016-05-22 22:56:31','2016-05-22 22:56:31',NULL,'21','Blauw',0),
	(1886,'2016-05-22 22:56:31','2016-05-22 22:56:31',NULL,'21','Bruin/Rood',0),
	(1887,'2016-05-22 22:56:31','2016-05-22 22:56:31',NULL,'21','Oranje/Rood',0),
	(1888,'2016-05-22 22:56:31','2016-05-22 22:56:31',NULL,'21','Geel',0),
	(1889,'2016-05-22 22:56:31','2016-05-22 22:56:31',NULL,'22','H tot Fe',1),
	(1890,'2016-05-22 22:56:31','2016-05-22 22:56:31',NULL,'22','nee',0),
	(1891,'2016-05-22 22:56:31','2016-05-22 22:56:31',NULL,'22','H tot He',0),
	(1892,'2016-05-22 22:56:31','2016-05-22 22:56:31',NULL,'22','H tot C',0),
	(1893,'2016-05-22 22:56:31','2016-05-22 22:56:31',NULL,'23','100 miljoen',1),
	(1894,'2016-05-22 22:56:31','2016-05-22 22:56:31',NULL,'23','10 miljoen',0),
	(1895,'2016-05-22 22:56:31','2016-05-22 22:56:31',NULL,'23','1 biljoen',0),
	(1896,'2016-05-22 22:56:31','2016-05-22 22:56:31',NULL,'23','100 miljard',0),
	(1897,'2016-05-22 22:56:31','2016-05-22 22:56:31',NULL,'23','10 miljard',0),
	(1898,'2016-05-22 22:56:31','2016-05-22 22:56:31',NULL,'24','Super Reus',1),
	(1899,'2016-05-22 22:56:31','2016-05-22 22:56:31',NULL,'24','geen',0),
	(1900,'2016-05-22 22:56:31','2016-05-22 22:56:31',NULL,'24','Rode Reus',0),
	(1901,'2016-05-22 22:56:31','2016-05-22 22:56:31',NULL,'25','Neutronenster',1),
	(1902,'2016-05-22 22:56:31','2016-05-22 22:56:31',NULL,'25','Zwart gat',0),
	(1903,'2016-05-22 22:56:31','2016-05-22 22:56:31',NULL,'25','Bruine dwerg',0),
	(1904,'2016-05-22 22:56:31','2016-05-22 22:56:31',NULL,'25','Witte dwerg',0),
	(1905,'2016-05-22 22:56:31','2016-05-22 22:56:31',NULL,'26','plusminus 30.000',1),
	(1906,'2016-05-22 22:56:32','2016-05-22 22:56:32',NULL,'26','minder dan 3000',0),
	(1907,'2016-05-22 22:56:32','2016-05-22 22:56:32',NULL,'26','plusminus 3500',0),
	(1908,'2016-05-22 22:56:32','2016-05-22 22:56:32',NULL,'26','plusminus 5500',0),
	(1909,'2016-05-22 22:56:32','2016-05-22 22:56:32',NULL,'26','plusminus 9000',0),
	(1910,'2016-05-22 22:56:32','2016-05-22 22:56:32',NULL,'27','Blauw',1),
	(1911,'2016-05-22 22:56:32','2016-05-22 22:56:32',NULL,'27','Bruin/Rood',0),
	(1912,'2016-05-22 22:56:32','2016-05-22 22:56:32',NULL,'27','Oranje/Rood',0),
	(1913,'2016-05-22 22:56:32','2016-05-22 22:56:32',NULL,'27','Geel',0),
	(1914,'2016-05-22 22:56:32','2016-05-22 22:56:32',NULL,'27','Wit',0),
	(1915,'2016-05-22 22:56:32','2016-05-22 22:56:32',NULL,'28','H tot Fe',1),
	(1916,'2016-05-22 22:56:32','2016-05-22 22:56:32',NULL,'28','nee',0),
	(1917,'2016-05-22 22:56:32','2016-05-22 22:56:32',NULL,'28','H tot He',0),
	(1918,'2016-05-22 22:56:32','2016-05-22 22:56:32',NULL,'28','H tot C',0),
	(1919,'2016-05-22 22:56:32','2016-05-22 22:56:32',NULL,'29','10 miljoen',1),
	(1920,'2016-05-22 22:56:32','2016-05-22 22:56:32',NULL,'29','1 biljoen',0),
	(1921,'2016-05-22 22:56:32','2016-05-22 22:56:32',NULL,'29','100 miljard',0),
	(1922,'2016-05-22 22:56:32','2016-05-22 22:56:32',NULL,'29','10 miljard',0),
	(1923,'2016-05-22 22:56:32','2016-05-22 22:56:32',NULL,'29','100 miljoen',0),
	(1924,'2016-05-22 22:56:32','2016-05-22 22:56:32',NULL,'30','Super Reus',1),
	(1925,'2016-05-22 22:56:33','2016-05-22 22:56:33',NULL,'30','geen',0),
	(1926,'2016-05-22 22:56:33','2016-05-22 22:56:33',NULL,'30','Rode Reus',0),
	(1927,'2016-05-22 22:56:33','2016-05-22 22:56:33',NULL,'31','Zwart gat',1),
	(1928,'2016-05-22 22:56:33','2016-05-22 22:56:33',NULL,'31','Bruine dwerg',0),
	(1929,'2016-05-22 22:56:33','2016-05-22 22:56:33',NULL,'31','Witte dwerg',0),
	(1930,'2016-05-22 22:56:33','2016-05-22 22:56:33',NULL,'31','Neutronenster',0),
	(1931,'2016-05-23 07:03:02','2016-05-23 07:03:02',NULL,'1','JUIST',1),
	(1932,'2016-05-23 07:03:02','2016-05-23 07:03:02',NULL,'1','ONJUIST',0),
	(1933,'2016-05-23 07:03:03','2016-05-23 07:03:03',NULL,'2','ONJUIST',1),
	(1934,'2016-05-23 07:03:03','2016-05-23 07:03:03',NULL,'2','JUIST',0),
	(1935,'2016-05-23 07:03:03','2016-05-23 07:03:03',NULL,'3','JUIST',1),
	(1936,'2016-05-23 07:03:03','2016-05-23 07:03:03',NULL,'3','ONJUIST',0),
	(1937,'2016-05-23 07:03:03','2016-05-23 07:03:03',NULL,'4','ONJUIST',1),
	(1938,'2016-05-23 07:03:03','2016-05-23 07:03:03',NULL,'4','JUIST',0),
	(1939,'2016-05-23 07:03:03','2016-05-23 07:03:03',NULL,'5','JUIST',1),
	(1940,'2016-05-23 07:03:03','2016-05-23 07:03:03',NULL,'5','ONJUIST',0),
	(1941,'2016-05-23 07:03:03','2016-05-23 07:03:03',NULL,'6','ONJUIST',1),
	(1942,'2016-05-23 07:03:03','2016-05-23 07:03:03',NULL,'6','JUIST',0),
	(1943,'2016-05-23 07:03:03','2016-05-23 07:03:03',NULL,'7','JUIST',1),
	(1944,'2016-05-23 07:03:03','2016-05-23 07:03:03',NULL,'7','ONJUIST',0),
	(1945,'2016-05-23 07:03:03','2016-05-23 07:03:03',NULL,'8','ONJUIST',1),
	(1946,'2016-05-23 07:03:03','2016-05-23 07:03:03',NULL,'8','JUIST',0),
	(1947,'2016-05-23 07:03:03','2016-05-23 07:03:03',NULL,'9','ONJUIST',1),
	(1948,'2016-05-23 07:03:03','2016-05-23 07:03:03',NULL,'9','JUIST',0),
	(1949,'2016-05-23 07:03:03','2016-05-23 07:03:03',NULL,'10','JUIST',1),
	(1950,'2016-05-23 07:03:03','2016-05-23 07:03:03',NULL,'10','ONJUIST',0),
	(1951,'2016-05-23 08:42:33','2016-05-23 08:42:33',NULL,'1','bewegingszenuwcel',1),
	(1952,'2016-05-23 08:42:33','2016-05-23 08:42:33',NULL,'1','gevoelszenuwcel',0),
	(1953,'2016-05-23 08:42:33','2016-05-23 08:42:33',NULL,'1','schakelcel',0),
	(1954,'2016-05-23 08:56:50','2016-05-23 08:58:33','2016-05-23 08:58:33','1','ONJUIST',1),
	(1955,'2016-05-23 08:56:50','2016-05-23 08:58:33','2016-05-23 08:58:33','1','JUIST',0),
	(1956,'2016-05-23 08:56:50','2016-05-23 08:58:33','2016-05-23 08:58:33','2','JUIST',1),
	(1957,'2016-05-23 08:56:50','2016-05-23 08:58:33','2016-05-23 08:58:33','2','ONJUIST',0),
	(1958,'2016-05-23 08:56:50','2016-05-23 08:58:33','2016-05-23 08:58:33','3','JUIST',1),
	(1959,'2016-05-23 08:56:51','2016-05-23 08:58:33','2016-05-23 08:58:33','3','ONJUIST',0),
	(1960,'2016-05-23 08:56:51','2016-05-23 08:58:33','2016-05-23 08:58:33','4','JUIST',1),
	(1961,'2016-05-23 08:56:51','2016-05-23 08:58:33','2016-05-23 08:58:33','4','ONJUIST',0),
	(1962,'2016-05-23 08:56:51','2016-05-23 08:58:33','2016-05-23 08:58:33','5','ONJUIST',1),
	(1963,'2016-05-23 08:56:51','2016-05-23 08:58:33','2016-05-23 08:58:33','5','JUIST',0),
	(1964,'2016-05-23 08:58:33','2016-05-23 08:58:33',NULL,'1','ONJUIST',1),
	(1965,'2016-05-23 08:58:33','2016-05-23 08:58:33',NULL,'1','JUIST',0),
	(1966,'2016-05-23 08:58:33','2016-05-23 08:58:33',NULL,'2','JUIST',1),
	(1967,'2016-05-23 08:58:33','2016-05-23 08:58:33',NULL,'2','ONJUIST',0),
	(1968,'2016-05-23 08:58:33','2016-05-23 08:58:33',NULL,'3','JUIST',1),
	(1969,'2016-05-23 08:58:33','2016-05-23 08:58:33',NULL,'3','ONJUIST',0),
	(1970,'2016-05-23 08:58:33','2016-05-23 08:58:33',NULL,'4','JUIST',1),
	(1971,'2016-05-23 08:58:34','2016-05-23 08:58:34',NULL,'4','ONJUIST',0),
	(1972,'2016-05-23 08:58:34','2016-05-23 08:58:34',NULL,'5','ONJUIST',1),
	(1973,'2016-05-23 08:58:34','2016-05-23 08:58:34',NULL,'5','JUIST',0),
	(1974,'2016-05-23 09:00:35','2016-05-23 09:09:13','2016-05-23 09:09:13','1','ONJUIST',1),
	(1975,'2016-05-23 09:00:35','2016-05-23 09:09:13','2016-05-23 09:09:13','1','JUIST',0),
	(1976,'2016-05-23 09:09:13','2016-05-23 09:14:28','2016-05-23 09:14:28','1','ONJUIST',1),
	(1977,'2016-05-23 09:09:13','2016-05-23 09:14:28','2016-05-23 09:14:28','1','JUIST',0),
	(1978,'2016-05-23 09:09:13','2016-05-23 09:14:28','2016-05-23 09:14:28','2','JUIST',1),
	(1979,'2016-05-23 09:09:13','2016-05-23 09:14:28','2016-05-23 09:14:28','2','ONJUIST',0),
	(1980,'2016-05-23 09:09:13','2016-05-23 09:14:28','2016-05-23 09:14:28','3','JUIST',1),
	(1981,'2016-05-23 09:09:13','2016-05-23 09:14:28','2016-05-23 09:14:28','3','ONJUIST',0),
	(1982,'2016-05-23 09:09:13','2016-05-23 09:14:28','2016-05-23 09:14:28','4','ONJUIST',1),
	(1983,'2016-05-23 09:09:13','2016-05-23 09:14:28','2016-05-23 09:14:28','4','JUIST',0),
	(1984,'2016-05-23 09:14:28','2016-05-23 09:14:28',NULL,'1','ONJUIST',1),
	(1985,'2016-05-23 09:14:28','2016-05-23 09:14:28',NULL,'1','JUIST',0),
	(1986,'2016-05-23 09:14:28','2016-05-23 09:14:28',NULL,'2','JUIST',1),
	(1987,'2016-05-23 09:14:28','2016-05-23 09:14:28',NULL,'2','ONJUIST',0),
	(1988,'2016-05-23 09:14:28','2016-05-23 09:14:28',NULL,'3','JUIST',1),
	(1989,'2016-05-23 09:14:28','2016-05-23 09:14:28',NULL,'3','ONJUIST',0),
	(1990,'2016-05-23 09:14:28','2016-05-23 09:14:28',NULL,'4','ONJUIST',1),
	(1991,'2016-05-23 09:14:28','2016-05-23 09:14:28',NULL,'4','JUIST',0),
	(1992,'2016-05-23 09:54:00','2016-05-23 09:54:00',NULL,'1','stijgt',1),
	(1993,'2016-05-23 09:54:00','2016-05-23 09:54:00',NULL,'1','daalt',0),
	(1994,'2016-05-23 09:54:00','2016-05-23 09:54:00',NULL,'2','glycogeen',1),
	(1995,'2016-05-23 09:54:00','2016-05-23 09:54:00',NULL,'2','glucose',0),
	(1996,'2016-05-23 09:54:00','2016-05-23 09:54:00',NULL,'3','glucose',1),
	(1997,'2016-05-23 09:54:00','2016-05-23 09:54:00',NULL,'3','glycogeen',0),
	(1998,'2016-06-24 14:09:10','2016-06-27 21:24:54','2016-06-27 21:24:54','1','hoogpercentielstrategie',1),
	(1999,'2016-06-24 14:09:11','2016-06-27 21:24:54','2016-06-27 21:24:54','1','laagpercentielstrategie',0),
	(2000,'2016-06-24 14:09:11','2016-06-27 21:24:54','2016-06-27 21:24:54','1','gemiddelde strategie',0),
	(2001,'2016-06-24 14:09:11','2016-06-27 21:24:54','2016-06-27 21:24:54','1','verstelbaarheidsstrategie',0),
	(2002,'2016-06-24 14:09:11','2016-06-27 21:24:54','2016-06-27 21:24:54','1','variantenstrategie',0),
	(2003,'2016-06-24 14:09:11','2016-06-27 21:24:54','2016-06-27 21:24:54','2','laagpercentielstrategie',1),
	(2004,'2016-06-24 14:09:11','2016-06-27 21:24:54','2016-06-27 21:24:54','2','hoogpercentielstrategie',0),
	(2005,'2016-06-24 14:09:11','2016-06-27 21:24:54','2016-06-27 21:24:54','2','gemiddelde strategie',0),
	(2006,'2016-06-24 14:09:11','2016-06-27 21:24:54','2016-06-27 21:24:54','2','verstelbaarheidsstrategie',0),
	(2007,'2016-06-24 14:09:11','2016-06-27 21:24:54','2016-06-27 21:24:54','2','variantenstrategie',0),
	(2008,'2016-06-24 14:09:11','2016-06-27 21:24:54','2016-06-27 21:24:54','3','gemiddelde strategie',1),
	(2009,'2016-06-24 14:09:11','2016-06-27 21:24:54','2016-06-27 21:24:54','3','hoogpercentielstrategie',0),
	(2010,'2016-06-24 14:09:11','2016-06-27 21:24:54','2016-06-27 21:24:54','3','laagpercentielstrategie',0),
	(2011,'2016-06-24 14:09:11','2016-06-27 21:24:54','2016-06-27 21:24:54','3','verstelbaarheidsstrategie',0),
	(2012,'2016-06-24 14:09:11','2016-06-27 21:24:54','2016-06-27 21:24:54','3','variantenstrategie',0),
	(2013,'2016-06-24 14:09:11','2016-06-27 21:24:54','2016-06-27 21:24:54','4','laagpercentielstrategie',1),
	(2014,'2016-06-24 14:09:11','2016-06-27 21:24:54','2016-06-27 21:24:54','4','hoogpercentielstrategie',0),
	(2015,'2016-06-24 14:09:11','2016-06-27 21:24:54','2016-06-27 21:24:54','4','gemiddelde strategie',0),
	(2016,'2016-06-24 14:09:11','2016-06-27 21:24:54','2016-06-27 21:24:54','4','verstelbaarheidsstrategie',0),
	(2017,'2016-06-24 14:09:11','2016-06-27 21:24:54','2016-06-27 21:24:54','4','variantenstrategie',0),
	(2018,'2016-06-24 14:09:11','2016-06-27 21:24:54','2016-06-27 21:24:54','5','laagpercentielstrategie',1),
	(2019,'2016-06-24 14:09:11','2016-06-27 21:24:54','2016-06-27 21:24:54','5','hoogpercentielstrategie',0),
	(2020,'2016-06-24 14:09:12','2016-06-27 21:24:54','2016-06-27 21:24:54','5','gemiddelde strategie',0),
	(2021,'2016-06-24 14:09:12','2016-06-27 21:24:54','2016-06-27 21:24:54','5','verstelbaarheidsstrategie',0),
	(2022,'2016-06-24 14:09:12','2016-06-27 21:24:54','2016-06-27 21:24:54','5','variantenstrategie',0),
	(2023,'2016-06-24 14:47:51','2016-06-24 14:47:51',NULL,'1','stoommachine',1),
	(2024,'2016-06-24 14:47:51','2016-06-24 14:47:51',NULL,'2','vuur',1),
	(2025,'2016-06-24 14:47:51','2016-06-24 14:47:51',NULL,'3','brandstof',1),
	(2026,'2016-06-24 14:49:36','2016-06-24 14:49:36',NULL,'1','kolen',1),
	(2027,'2016-06-24 14:49:36','2016-06-24 14:49:36',NULL,'2','olie of gas',1),
	(2028,'2016-06-24 14:49:36','2016-06-24 14:49:36',NULL,'3','gas of olie',1),
	(2029,'2016-06-24 14:56:36','2016-06-24 14:56:36',NULL,'1','4,19',1),
	(2030,'2016-06-27 21:24:54','2016-06-27 21:24:54',NULL,'1','hoogpercentielstrategie',1),
	(2031,'2016-06-27 21:24:54','2016-06-27 21:24:54',NULL,'1','laagpercentielstrategie',0),
	(2032,'2016-06-27 21:24:54','2016-06-27 21:24:54',NULL,'1','gemiddelde strategie',0),
	(2033,'2016-06-27 21:24:54','2016-06-27 21:24:54',NULL,'1','verstelbaarheidsstrategie',0),
	(2034,'2016-06-27 21:24:54','2016-06-27 21:24:54',NULL,'1','variantenstrategie',0),
	(2035,'2016-06-27 21:24:54','2016-06-27 21:24:54',NULL,'2','laagpercentielstrategie',1),
	(2036,'2016-06-27 21:24:54','2016-06-27 21:24:54',NULL,'2','hoogpercentielstrategie',0),
	(2037,'2016-06-27 21:24:54','2016-06-27 21:24:54',NULL,'2','gemiddelde strategie',0),
	(2038,'2016-06-27 21:24:54','2016-06-27 21:24:54',NULL,'2','verstelbaarheidsstrategie',0),
	(2039,'2016-06-27 21:24:54','2016-06-27 21:24:54',NULL,'2','variantenstrategie',0),
	(2040,'2016-06-27 21:24:54','2016-06-27 21:24:54',NULL,'3','gemiddelde strategie',1),
	(2041,'2016-06-27 21:24:54','2016-06-27 21:24:54',NULL,'3','hoogpercentielstrategie',0),
	(2042,'2016-06-27 21:24:54','2016-06-27 21:24:54',NULL,'3','laagpercentielstrategie',0),
	(2043,'2016-06-27 21:24:55','2016-06-27 21:24:55',NULL,'3','verstelbaarheidsstrategie',0),
	(2044,'2016-06-27 21:24:55','2016-06-27 21:24:55',NULL,'3','variantenstrategie',0),
	(2045,'2016-06-27 21:24:55','2016-06-27 21:24:55',NULL,'4','laagpercentielstrategie',1),
	(2046,'2016-06-27 21:24:55','2016-06-27 21:24:55',NULL,'4','hoogpercentielstrategie',0),
	(2047,'2016-06-27 21:24:55','2016-06-27 21:24:55',NULL,'4','gemiddelde strategie',0),
	(2048,'2016-06-27 21:24:55','2016-06-27 21:24:55',NULL,'4','verstelbaarheidsstrategie',0),
	(2049,'2016-06-27 21:24:55','2016-06-27 21:24:55',NULL,'4','variantenstrategie',0),
	(2050,'2016-06-27 21:24:55','2016-06-27 21:24:55',NULL,'5','laagpercentielstrategie',1),
	(2051,'2016-06-27 21:24:55','2016-06-27 21:24:55',NULL,'5','hoogpercentielstrategie',0),
	(2052,'2016-06-27 21:24:55','2016-06-27 21:24:55',NULL,'5','gemiddelde strategie',0),
	(2053,'2016-06-27 21:24:55','2016-06-27 21:24:55',NULL,'5','verstelbaarheidsstrategie',0),
	(2054,'2016-06-27 21:24:55','2016-06-27 21:24:55',NULL,'5','variantenstrategie',0),
	(2055,'2016-06-29 09:51:11','2016-06-29 09:51:11',NULL,'1','simpel',1),
	(2056,'2016-06-29 09:51:12','2016-06-29 09:51:12',NULL,'1','gh',0),
	(2057,'2016-06-29 09:51:12','2016-06-29 09:51:12',NULL,'2','statistieken',1),
	(2058,'2016-06-29 09:51:12','2016-06-29 09:51:12',NULL,'2','hh',0),
	(2059,'2016-06-29 09:52:11','2016-06-29 09:52:11',NULL,'1','maak',1),
	(2060,'2016-07-14 11:30:48','2016-07-14 11:30:48',NULL,'1','test',1),
	(2061,'2016-07-14 11:30:48','2016-07-14 11:30:48',NULL,'1','a',0),
	(2062,'2016-07-14 11:30:48','2016-07-14 11:30:48',NULL,'1','b',0),
	(2063,'2016-07-14 11:30:48','2016-07-14 11:30:48',NULL,'1','c',0),
	(2064,'2016-07-14 11:30:48','2016-07-14 11:30:48',NULL,'1','d',0),
	(2065,'2016-07-14 11:30:48','2016-07-14 11:30:48',NULL,'1','e',0),
	(2066,'2016-07-14 11:30:48','2016-07-14 11:30:48',NULL,'1','f',0),
	(2067,'2016-07-14 11:30:48','2016-07-14 11:30:48',NULL,'1','g',0),
	(2068,'2016-07-14 11:30:48','2016-07-14 11:30:48',NULL,'1','h',0),
	(2069,'2016-07-14 11:30:48','2016-07-14 11:30:48',NULL,'1','i',0),
	(2070,'2016-08-18 15:05:47','2016-08-18 15:05:47',NULL,'1','test',1),
	(2071,'2016-09-29 14:32:42','2016-09-29 14:32:42',NULL,'1','persoonsvorm',1),
	(2072,'2016-09-29 14:32:42','2016-09-29 14:32:42',NULL,'1','infinitief',0),
	(2073,'2016-09-29 14:32:42','2016-09-29 14:32:42',NULL,'1','voltooid deelwoord',0),
	(2074,'2017-09-29 12:56:11','2017-09-29 12:56:11',NULL,'1','weer',1),
	(2075,'2017-09-29 12:56:11','2017-09-29 12:56:11',NULL,'2','bos',1),
	(2076,'2017-09-29 13:07:29','2017-09-29 13:07:29',NULL,'1','trap',1),
	(2077,'2017-09-29 13:07:29','2017-09-29 13:07:29',NULL,'1','dakpan',0),
	(2078,'2017-09-29 13:07:29','2017-09-29 13:07:29',NULL,'1','computer',0),
	(2079,'2017-09-29 13:07:29','2017-09-29 13:07:29',NULL,'2','baard',1),
	(2080,'2017-09-29 13:07:30','2017-09-29 13:07:30',NULL,'2','hoofddeksel',0),
	(2081,'2017-09-29 13:07:30','2017-09-29 13:07:30',NULL,'2','arm',0),
	(2082,'2017-11-01 08:40:34','2017-11-01 08:40:34',NULL,'1','Rotterdam',1),
	(2083,'2017-11-01 08:40:34','2017-11-01 08:40:34',NULL,'2','tram',1),
	(2084,'2017-11-01 08:40:34','2017-11-01 08:40:34',NULL,'3','kg',1),
	(2085,'2017-11-01 08:45:24','2017-11-01 08:45:24',NULL,'1','hard',1),
	(2086,'2017-11-01 08:45:24','2017-11-01 08:45:24',NULL,'2','zacht',1),
	(2087,'2017-11-01 08:45:25','2017-11-01 08:45:25',NULL,'3',' roet',1),
	(2088,'2017-11-01 08:45:25','2017-11-01 08:45:25',NULL,'4','goed',1),
	(2089,'2017-11-01 08:50:14','2017-11-01 08:50:14',NULL,'1','car',1),
	(2090,'2017-11-01 08:50:14','2017-11-01 08:50:14',NULL,'2','car',1),
	(2091,'2017-11-01 08:50:39','2017-11-01 08:50:39',NULL,'1','kip',1),
	(2092,'2017-11-01 08:50:39','2017-11-01 08:50:39',NULL,'1','boomstam',0),
	(2093,'2017-11-01 08:50:39','2017-11-01 08:50:39',NULL,'1','vos',0),
	(2094,'2017-11-01 08:50:39','2017-11-01 08:50:39',NULL,'1','taart',0),
	(2095,'2017-11-01 09:11:32','2017-11-23 09:46:37','2017-11-23 09:46:37','1','Lewis Hamilton',1),
	(2096,'2017-11-01 09:11:32','2017-11-23 09:46:37','2017-11-23 09:46:37','1','Max Verstappen',0),
	(2097,'2017-11-01 09:11:32','2017-11-23 09:46:37','2017-11-23 09:46:37','1','Jarno Trulli',0),
	(2098,'2017-11-01 09:11:32','2017-11-23 09:46:37','2017-11-23 09:46:37','2','Lewis Hamilton',1),
	(2099,'2017-11-01 09:11:32','2017-11-23 09:46:37','2017-11-23 09:46:37','2','Max Verstappen',0),
	(2100,'2017-11-01 09:11:32','2017-11-23 09:46:37','2017-11-23 09:46:37','2','Jarno Trulli',0),
	(2101,'2017-11-01 09:11:32','2017-11-23 09:46:37','2017-11-23 09:46:37','3','Ayrton Senna',1),
	(2102,'2017-11-01 09:11:32','2017-11-23 09:46:37','2017-11-23 09:46:37','3','Arnold Schwarzenegger',0),
	(2103,'2017-11-01 09:11:33','2017-11-23 09:46:37','2017-11-23 09:46:37','3','Genghis Khan',0),
	(2104,'2017-11-01 09:11:33','2017-11-23 09:46:37','2017-11-23 09:46:37','3','Adolf Hitler',0),
	(2105,'2017-11-01 09:11:33','2017-11-23 09:46:37','2017-11-23 09:46:37','4','four',1),
	(2106,'2017-11-01 09:11:33','2017-11-23 09:46:37','2017-11-23 09:46:37','4','three',0),
	(2107,'2017-11-01 09:11:33','2017-11-23 09:46:37','2017-11-23 09:46:37','4','five',0),
	(2108,'2017-11-01 09:11:33','2017-11-23 09:46:37','2017-11-23 09:46:37','4','eight',0),
	(2109,'2017-11-17 15:05:07','2017-11-17 15:05:07',NULL,'1','vorm',1),
	(2110,'2017-11-17 15:05:07','2017-11-17 15:05:07',NULL,'2','geel',1),
	(2111,'2017-11-17 15:05:07','2017-11-17 15:05:07',NULL,'3','bruin',1),
	(2112,'2017-11-17 15:14:18','2017-11-17 15:14:18',NULL,'1','BMW',1),
	(2113,'2017-11-17 15:14:18','2017-11-17 15:14:18',NULL,'1','Fiat',0),
	(2114,'2017-11-17 15:14:19','2017-11-17 15:14:19',NULL,'1','Mercedes',0),
	(2115,'2017-11-17 15:14:19','2017-11-17 15:14:19',NULL,'1','Jaguar',0),
	(2116,'2017-11-17 15:14:19','2017-11-17 15:14:19',NULL,'1','Chevrolet Matiz',0),
	(2117,'2017-11-19 20:53:14','2017-11-19 20:53:14',NULL,'1','JUIST',1),
	(2118,'2017-11-19 20:53:15','2017-11-19 20:53:15',NULL,'1','ONJUIST',0),
	(2119,'2017-11-19 20:53:15','2017-11-19 20:53:15',NULL,'2','JUIST',1),
	(2120,'2017-11-19 20:53:15','2017-11-19 20:53:15',NULL,'2','ONJUIST',0),
	(2121,'2017-11-19 20:53:15','2017-11-19 20:53:15',NULL,'3','ONJUIST',1),
	(2122,'2017-11-19 20:53:15','2017-11-19 20:53:15',NULL,'3','JUIST',0),
	(2123,'2017-11-22 13:09:14','2017-11-22 13:09:14',NULL,'1','moi',1),
	(2124,'2017-11-22 13:09:14','2017-11-22 13:09:14',NULL,'2','présenter',1),
	(2125,'2017-11-22 13:11:56','2017-11-22 13:11:56',NULL,'1','parler',1),
	(2126,'2017-11-22 13:11:56','2017-11-22 13:11:56',NULL,'1','voire',0),
	(2127,'2017-11-22 13:11:56','2017-11-22 13:11:56',NULL,'1','aller',0),
	(2128,'2017-11-22 13:11:56','2017-11-22 13:11:56',NULL,'1','boire',0),
	(2129,'2017-11-22 13:11:56','2017-11-22 13:11:56',NULL,'2','Monsieur',1),
	(2130,'2017-11-22 13:11:56','2017-11-22 13:11:56',NULL,'2','Sir',0),
	(2131,'2017-11-22 13:11:56','2017-11-22 13:11:56',NULL,'2','Mister',0),
	(2132,'2017-11-23 09:46:37','2017-11-23 09:50:31','2017-11-23 09:50:31','1','Lewis Hamilton',1),
	(2133,'2017-11-23 09:46:38','2017-11-23 09:50:31','2017-11-23 09:50:31','1','Max Verstappen',0),
	(2134,'2017-11-23 09:46:38','2017-11-23 09:50:31','2017-11-23 09:50:31','1','Jarno Trulli',0),
	(2135,'2017-11-23 09:46:38','2017-11-23 09:50:31','2017-11-23 09:50:31','2','Lewis Hamilton',1),
	(2136,'2017-11-23 09:46:38','2017-11-23 09:50:31','2017-11-23 09:50:31','2','Max Verstappen',0),
	(2137,'2017-11-23 09:46:38','2017-11-23 09:50:31','2017-11-23 09:50:31','2','Jarno Trulli',0),
	(2138,'2017-11-23 09:46:38','2017-11-23 09:50:31','2017-11-23 09:50:31','3','Ayrton Senna',1),
	(2139,'2017-11-23 09:46:39','2017-11-23 09:50:31','2017-11-23 09:50:31','3','Arnold Schwarzenegger',0),
	(2140,'2017-11-23 09:46:39','2017-11-23 09:50:31','2017-11-23 09:50:31','3','Genghis Khan',0),
	(2141,'2017-11-23 09:46:39','2017-11-23 09:50:31','2017-11-23 09:50:31','3','Adolf Hitler',0),
	(2142,'2017-11-23 09:46:39','2017-11-23 09:50:31','2017-11-23 09:50:31','4','four',1),
	(2143,'2017-11-23 09:46:39','2017-11-23 09:50:31','2017-11-23 09:50:31','4','three',0),
	(2144,'2017-11-23 09:46:40','2017-11-23 09:50:31','2017-11-23 09:50:31','4','five',0),
	(2145,'2017-11-23 09:46:40','2017-11-23 09:50:31','2017-11-23 09:50:31','4','eight',0),
	(2146,'2017-11-23 09:50:31','2017-11-23 09:50:31',NULL,'1','Lewis Hamilton',1),
	(2147,'2017-11-23 09:50:31','2017-11-23 09:50:31',NULL,'1','Max Verstappen',0),
	(2148,'2017-11-23 09:50:32','2017-11-23 09:50:32',NULL,'1','Jarno Trulli',0),
	(2149,'2017-11-23 09:50:32','2017-11-23 09:50:32',NULL,'2','Lewis Hamilton',1),
	(2150,'2017-11-23 09:50:32','2017-11-23 09:50:32',NULL,'2','Max Verstappen',0),
	(2151,'2017-11-23 09:50:32','2017-11-23 09:50:32',NULL,'2','Jarno Trulli',0),
	(2152,'2017-11-23 09:50:32','2017-11-23 09:50:32',NULL,'3','Ayrton Senna',1),
	(2153,'2017-11-23 09:50:32','2017-11-23 09:50:32',NULL,'3','Arnold Schwarzenegger',0),
	(2154,'2017-11-23 09:50:32','2017-11-23 09:50:32',NULL,'3','Genghis Khan',0),
	(2155,'2017-11-23 09:50:32','2017-11-23 09:50:32',NULL,'3','Adolf Hitler',0),
	(2156,'2017-11-23 09:50:32','2017-11-23 09:50:32',NULL,'4','four',1),
	(2157,'2017-11-23 09:50:32','2017-11-23 09:50:32',NULL,'4','three',0),
	(2158,'2017-11-23 09:50:32','2017-11-23 09:50:32',NULL,'4','five',0),
	(2159,'2017-11-23 09:50:32','2017-11-23 09:50:32',NULL,'4','eight',0),
	(2160,'2017-11-30 16:51:32','2017-11-30 16:53:00','2017-11-30 16:53:00','1','tomaat',1),
	(2161,'2017-11-30 16:51:33','2017-11-30 16:53:00','2017-11-30 16:53:00','2','geel',1),
	(2162,'2017-11-30 16:53:00','2017-11-30 16:53:00',NULL,'1','tomaatje',1),
	(2163,'2017-11-30 16:53:00','2017-11-30 16:53:00',NULL,'2','gelig',1),
	(2164,'2017-11-30 17:50:22','2017-11-30 17:50:22',NULL,'1','groen',1),
	(2165,'2017-11-30 17:50:22','2017-11-30 17:50:22',NULL,'1','rood',0),
	(2166,'2017-11-30 17:50:22','2017-11-30 17:50:22',NULL,'1','paars',0),
	(2167,'2017-11-30 17:50:22','2017-11-30 17:50:22',NULL,'2','roze',1),
	(2168,'2017-11-30 17:50:22','2017-11-30 17:50:22',NULL,'2','paars',0),
	(2169,'2017-11-30 17:50:22','2017-11-30 17:50:22',NULL,'2','goud',0),
	(2170,'2017-11-30 17:50:22','2017-11-30 17:50:22',NULL,'3','grijs',1),
	(2171,'2017-11-30 17:50:22','2017-11-30 17:50:22',NULL,'3','wit',0),
	(2172,'2017-11-30 17:54:01','2017-11-30 17:54:17','2017-11-30 17:54:17','1','mooi',1),
	(2173,'2017-11-30 17:54:02','2017-11-30 17:54:17','2017-11-30 17:54:17','1','lelijk',0),
	(2174,'2017-11-30 17:54:02','2017-11-30 17:54:17','2017-11-30 17:54:17','1','luid',0),
	(2175,'2017-11-30 17:54:17','2017-11-30 17:54:17',NULL,'1','mooi',1),
	(2176,'2017-11-30 17:54:17','2017-11-30 17:54:17',NULL,'1','lelijk',0),
	(2177,'2017-11-30 17:54:17','2017-11-30 17:54:17',NULL,'1','luidddd',0),
	(2178,'2017-11-30 18:43:24','2017-11-30 18:43:24',NULL,'1','geel',1),
	(2179,'2017-11-30 18:43:25','2017-11-30 18:43:25',NULL,'2','groen',1),
	(2180,'2017-12-19 12:20:52','2017-12-19 12:20:52',NULL,'1','-2',1),
	(2181,'2017-12-19 12:20:52','2017-12-19 12:20:52',NULL,'2','-3',1),
	(2182,'2017-12-19 12:20:52','2017-12-19 12:20:52',NULL,'3','0',1),
	(2183,'2017-12-19 12:20:52','2017-12-19 12:20:52',NULL,'4','1',1),
	(2184,'2017-12-19 12:33:41','2017-12-19 12:33:41',NULL,'1','1',1),
	(2185,'2017-12-19 12:37:53','2017-12-19 12:37:53',NULL,'1','-2',1),
	(2186,'2017-12-19 12:37:53','2017-12-19 12:37:53',NULL,'2','-3',1),
	(2187,'2017-12-19 12:37:53','2017-12-19 12:37:53',NULL,'3','0',1),
	(2188,'2017-12-19 12:37:53','2017-12-19 12:37:53',NULL,'4','1',1),
	(2189,'2017-12-19 12:42:12','2017-12-21 07:26:04','2017-12-21 07:26:04','1','5',1),
	(2190,'2017-12-19 12:42:12','2017-12-21 07:26:04','2017-12-21 07:26:04','2','2',1),
	(2191,'2017-12-19 12:42:12','2017-12-21 07:26:04','2017-12-21 07:26:04','3','2.5',1),
	(2192,'2017-12-19 12:44:27','2017-12-21 07:26:18','2017-12-21 07:26:18','1','1',1),
	(2193,'2017-12-19 12:44:27','2017-12-21 07:26:18','2017-12-21 07:26:18','2','2.5',1),
	(2194,'2017-12-19 12:56:31','2017-12-19 12:56:31',NULL,'1','3000',1),
	(2195,'2017-12-19 13:00:42','2017-12-19 13:00:42',NULL,'1','0',1),
	(2196,'2017-12-19 13:00:42','2017-12-19 13:00:42',NULL,'2','3000',1),
	(2197,'2017-12-19 13:00:42','2017-12-19 13:00:42',NULL,'3','5',1),
	(2198,'2017-12-19 13:00:42','2017-12-19 13:00:42',NULL,'4','2000',1),
	(2199,'2017-12-19 13:03:18','2017-12-19 13:03:18',NULL,'1','-1000',1),
	(2200,'2017-12-19 13:03:18','2017-12-19 13:03:18',NULL,'2','5',1),
	(2201,'2017-12-19 13:03:18','2017-12-19 13:03:18',NULL,'3','-200',1),
	(2202,'2017-12-19 13:05:50','2017-12-19 13:05:50',NULL,'1','3000',1),
	(2203,'2017-12-19 13:07:11','2017-12-19 13:07:11',NULL,'1','0',1),
	(2204,'2017-12-19 13:07:11','2017-12-19 13:07:11',NULL,'2','3000',1),
	(2205,'2017-12-19 13:07:11','2017-12-19 13:07:11',NULL,'3','5',1),
	(2206,'2017-12-19 13:07:11','2017-12-19 13:07:11',NULL,'4','2000',1),
	(2207,'2017-12-19 13:08:41','2017-12-19 13:08:41',NULL,'1','-1000',1),
	(2208,'2017-12-19 13:08:41','2017-12-19 13:08:41',NULL,'2','5',1),
	(2209,'2017-12-19 13:08:41','2017-12-19 13:08:41',NULL,'3','-2000',1),
	(2210,'2017-12-19 13:11:12','2017-12-19 13:11:12',NULL,'1','3000',1),
	(2211,'2017-12-19 13:11:12','2017-12-19 13:11:12',NULL,'2','200',1),
	(2212,'2017-12-19 13:28:50','2017-12-19 13:53:56','2017-12-19 13:53:56','1','4',1),
	(2213,'2017-12-19 13:28:50','2017-12-19 13:53:56','2017-12-19 13:53:56','2','2',1),
	(2214,'2017-12-19 13:46:48','2017-12-19 13:46:48',NULL,'1','-4',1),
	(2215,'2017-12-19 13:46:48','2017-12-19 13:46:48',NULL,'2','3',1),
	(2216,'2017-12-19 13:47:18','2017-12-19 13:47:18',NULL,'1','-4',1),
	(2217,'2017-12-19 13:47:18','2017-12-19 13:47:18',NULL,'2','3',1),
	(2218,'2017-12-19 13:51:31','2017-12-21 07:25:32','2017-12-21 07:25:32','1','4',1),
	(2219,'2017-12-19 13:51:31','2017-12-21 07:25:32','2017-12-21 07:25:32','2','2.5',1),
	(2220,'2017-12-19 13:53:56','2017-12-19 13:53:56',NULL,'1','0',1),
	(2221,'2017-12-19 13:53:56','2017-12-19 13:53:56',NULL,'2','2',1),
	(2222,'2017-12-21 07:25:32','2017-12-21 07:25:32',NULL,'1','4',1),
	(2223,'2017-12-21 07:25:32','2017-12-21 07:25:32',NULL,'2','-2,5',1),
	(2224,'2017-12-21 07:26:04','2017-12-21 07:26:04',NULL,'1','5',1),
	(2225,'2017-12-21 07:26:04','2017-12-21 07:26:04',NULL,'2','2',1),
	(2226,'2017-12-21 07:26:04','2017-12-21 07:26:04',NULL,'3','2,5',1),
	(2227,'2017-12-21 07:26:18','2017-12-21 07:26:18',NULL,'1','1',1),
	(2228,'2017-12-21 07:26:18','2017-12-21 07:26:18',NULL,'2','2,5',1),
	(2229,'2018-01-02 14:08:13','2018-01-02 14:08:13',NULL,'1','a',1),
	(2230,'2018-01-02 14:08:13','2018-01-02 14:08:13',NULL,'2','b',1),
	(2231,'2018-01-02 14:14:37','2018-01-02 14:14:37',NULL,'1','goed',1),
	(2232,'2018-01-02 14:14:37','2018-01-02 14:14:37',NULL,'1','fout',0),
	(2233,'2018-01-02 14:15:19','2018-01-02 14:15:19',NULL,'1','a',1),
	(2234,'2018-01-02 14:15:19','2018-01-02 14:15:19',NULL,'2','b',1),
	(2235,'2018-01-02 14:15:19','2018-01-02 14:15:19',NULL,'3','c',1),
	(2236,'2018-01-02 14:16:15','2018-01-02 14:16:15',NULL,'1','goed',1),
	(2237,'2018-01-02 14:16:15','2018-01-02 14:16:15',NULL,'1','fout',0),
	(2238,'2018-01-02 14:16:15','2018-01-02 14:16:15',NULL,'1','wat',0),
	(2239,'2018-01-02 16:35:23','2018-01-02 16:35:23',NULL,'1','gatentekst',1),
	(2240,'2018-01-02 16:35:23','2018-01-02 16:35:23',NULL,'2','gaten',1),
	(2241,'2018-01-02 16:35:23','2018-01-02 16:35:23',NULL,'3','getest',1),
	(2242,'2018-01-02 16:39:18','2018-01-02 16:39:18',NULL,'1','selectievraag',1),
	(2243,'2018-01-02 16:39:18','2018-01-02 16:39:18',NULL,'1','open vraag',0),
	(2244,'2018-01-02 16:39:18','2018-01-02 16:39:18',NULL,'1','multiple choice',0),
	(2245,'2018-01-02 16:39:18','2018-01-02 16:39:18',NULL,'2','testen',1),
	(2246,'2018-01-02 16:39:18','2018-01-02 16:39:18',NULL,'2','eten',0),
	(2247,'2018-01-02 16:39:18','2018-01-02 16:39:18',NULL,'2','drinken',0),
	(2248,'2018-01-02 16:44:06','2018-01-02 16:44:06',NULL,'1','gatentekst',1),
	(2249,'2018-01-02 16:44:06','2018-01-02 16:44:06',NULL,'2','gaten',1),
	(2250,'2018-01-02 16:44:06','2018-01-02 16:44:06',NULL,'3','getest',1),
	(2251,'2018-01-02 16:44:06','2018-01-02 16:44:06',NULL,'4','toegevoegd',1),
	(2252,'2018-01-02 16:54:12','2018-01-02 16:54:12',NULL,'1','selectievraag',1),
	(2253,'2018-01-02 16:54:13','2018-01-02 16:54:13',NULL,'1','open vraag',0),
	(2254,'2018-01-02 16:54:13','2018-01-02 16:54:13',NULL,'1','multiple choice',0),
	(2255,'2018-01-02 16:54:13','2018-01-02 16:54:13',NULL,'2','testen',1),
	(2256,'2018-01-02 16:54:13','2018-01-02 16:54:13',NULL,'2','eten',0),
	(2257,'2018-01-02 16:54:13','2018-01-02 16:54:13',NULL,'2','drinken',0),
	(2258,'2018-01-02 16:54:13','2018-01-02 16:54:13',NULL,'3','hout',1),
	(2259,'2018-01-02 16:54:13','2018-01-02 16:54:13',NULL,'3','staal',0),
	(2260,'2018-01-02 16:54:13','2018-01-02 16:54:13',NULL,'3','banaan',0),
	(2261,'2018-01-03 14:01:24','2018-01-03 14:01:24',NULL,'1','gedaagd',1),
	(2262,'2018-01-03 14:01:24','2018-01-03 14:01:24',NULL,'2','weinig',1),
	(2263,'2018-01-03 14:01:24','2018-01-03 14:01:24',NULL,'3','liedje',1),
	(2264,'2018-01-03 14:15:59','2018-01-03 14:15:59',NULL,'1','Spotify',1),
	(2265,'2018-01-03 14:15:59','2018-01-03 14:15:59',NULL,'1','Apple',0),
	(2266,'2018-01-03 14:15:59','2018-01-03 14:15:59',NULL,'1','EU',0),
	(2267,'2018-01-03 14:15:59','2018-01-03 14:15:59',NULL,'2','uitgever',1),
	(2268,'2018-01-03 14:15:59','2018-01-03 14:15:59',NULL,'2','maffiabaas',0),
	(2269,'2018-01-03 14:15:59','2018-01-03 14:15:59',NULL,'2','uitbuiter',0),
	(2270,'2018-01-03 14:15:59','2018-01-03 14:15:59',NULL,'3','betaald',1),
	(2271,'2018-01-03 14:15:59','2018-01-03 14:15:59',NULL,'3','afgedragen',0),
	(2272,'2018-01-03 14:15:59','2018-01-03 14:15:59',NULL,'3','beschermgeld',0),
	(2273,'2018-01-03 14:15:59','2018-01-03 14:15:59',NULL,'4','uitgever',1),
	(2274,'2018-01-03 14:15:59','2018-01-03 14:15:59',NULL,'4','hypocriete teringlijers',0),
	(2275,'2018-01-03 14:15:59','2018-01-03 14:15:59',NULL,'4','fossiele bedrijven die hun bestaansrecht enkel te danken hebben aan het gelobby bij overheden om iedere vooruitgang tegen te gaan om hun cashcow te beschermen',0),
	(2276,'2018-01-03 16:56:20','2018-01-03 16:56:20',NULL,'1','Spotify',1),
	(2277,'2018-01-03 16:56:20','2018-01-03 16:56:20',NULL,'1','Apple',0),
	(2278,'2018-01-03 16:56:20','2018-01-03 16:56:20',NULL,'1','EU',0),
	(2279,'2018-01-03 16:56:20','2018-01-03 16:56:20',NULL,'2','uitgever',1),
	(2280,'2018-01-03 16:56:20','2018-01-03 16:56:20',NULL,'2','maffiabaas',0),
	(2281,'2018-01-03 16:56:20','2018-01-03 16:56:20',NULL,'2','uitbuiter',0),
	(2282,'2018-01-03 16:56:20','2018-01-03 16:56:20',NULL,'3','betaald',1),
	(2283,'2018-01-03 16:56:20','2018-01-03 16:56:20',NULL,'3','afgedragen',0),
	(2284,'2018-01-03 16:56:20','2018-01-03 16:56:20',NULL,'3','beschermgeld',0),
	(2285,'2018-01-03 16:56:20','2018-01-03 16:56:20',NULL,'4','uitgever',1),
	(2286,'2018-01-03 16:56:20','2018-01-03 16:56:20',NULL,'4','hypocriete teringlijers',0),
	(2287,'2018-01-03 16:56:20','2018-01-03 16:56:20',NULL,'4','fossiele bedrijven die hun bestaansrecht enkel te danken hebben aan het gelobby bij overheden om iedere vooruitgang tegen te gaan om hun cashcow te beschermen',0),
	(2288,'2018-01-03 17:11:13','2018-01-03 17:11:13',NULL,'1','Spotify',1),
	(2289,'2018-01-03 17:11:13','2018-01-03 17:11:13',NULL,'1','Apple',0),
	(2290,'2018-01-03 17:11:13','2018-01-03 17:11:13',NULL,'1','EU',0),
	(2291,'2018-01-03 17:11:13','2018-01-03 17:11:13',NULL,'2','uitgever',1),
	(2292,'2018-01-03 17:11:13','2018-01-03 17:11:13',NULL,'2','maffiabaas',0),
	(2293,'2018-01-03 17:11:13','2018-01-03 17:11:13',NULL,'2','uitbuiter',0),
	(2294,'2018-01-03 17:11:13','2018-01-03 17:11:13',NULL,'3','betaald',1),
	(2295,'2018-01-03 17:11:13','2018-01-03 17:11:13',NULL,'3','afgedragen',0),
	(2296,'2018-01-03 17:11:14','2018-01-03 17:11:14',NULL,'3','beschermgeld',0),
	(2297,'2018-01-03 17:11:14','2018-01-03 17:11:14',NULL,'4','ontvangen',1),
	(2298,'2018-01-03 17:11:14','2018-01-03 17:11:14',NULL,'4','weggeven',0),
	(2299,'2018-01-03 17:11:14','2018-01-03 17:11:14',NULL,'5','uitgever',1),
	(2300,'2018-01-03 17:11:14','2018-01-03 17:11:14',NULL,'5','hypocriete teringlijers',0),
	(2301,'2018-01-03 17:11:14','2018-01-03 17:11:14',NULL,'5','fossiele bedrijven die hun bestaansrecht enkel te danken hebben aan het gelobby bij overheden om iedere vooruitgang tegen te gaan om hun cashcow te beschermen',0);

/*!40000 ALTER TABLE `completion_question_answers_5_1_2018` ENABLE KEYS */;
UNLOCK TABLES;


# Dump of table completion_questions
# ------------------------------------------------------------

DROP TABLE IF EXISTS `completion_questions`;

CREATE TABLE `completion_questions` (
  `id` int(10) unsigned NOT NULL,
  `created_at` timestamp NOT NULL DEFAULT '0000-00-00 00:00:00',
  `updated_at` timestamp NOT NULL DEFAULT '0000-00-00 00:00:00',
  `deleted_at` timestamp NULL DEFAULT NULL,
  `subtype` varchar(45) COLLATE utf8_unicode_ci NOT NULL,
  `rating_method` varchar(45) COLLATE utf8_unicode_ci DEFAULT NULL,
  PRIMARY KEY (`id`),
  KEY `fk_completion_questions_questions1_idx` (`id`),
  CONSTRAINT `fk_completion_questions_questions1` FOREIGN KEY (`id`) REFERENCES `questions` (`id`) ON DELETE CASCADE ON UPDATE CASCADE
) ENGINE=InnoDB DEFAULT CHARSET=utf8 COLLATE=utf8_unicode_ci;

TRUNCATE TABLE `answers`;

LOCK TABLES `completion_questions` WRITE;
/*!40000 ALTER TABLE `completion_questions` DISABLE KEYS */;

INSERT INTO `completion_questions` (`id`, `created_at`, `updated_at`, `deleted_at`, `subtype`, `rating_method`)
VALUES
	(13,'2019-01-04 11:40:09','2019-01-04 11:40:09',NULL,'completion',NULL),
	(15,'2019-01-21 07:57:43','2019-01-21 07:57:43',NULL,'completion',NULL);

/*!40000 ALTER TABLE `completion_questions` ENABLE KEYS */;
UNLOCK TABLES;


# Dump of table contacts
# ------------------------------------------------------------

DROP TABLE IF EXISTS `contacts`;

CREATE TABLE `contacts` (
  `id` int(10) unsigned NOT NULL AUTO_INCREMENT,
  `created_at` timestamp NOT NULL DEFAULT '0000-00-00 00:00:00',
  `updated_at` timestamp NOT NULL DEFAULT '0000-00-00 00:00:00',
  `deleted_at` timestamp NULL DEFAULT NULL,
  `name` varchar(45) COLLATE utf8_unicode_ci NOT NULL,
  `address` varchar(60) COLLATE utf8_unicode_ci NOT NULL,
  `postal` varchar(7) COLLATE utf8_unicode_ci NOT NULL,
  `city` varchar(60) COLLATE utf8_unicode_ci NOT NULL,
  `country` varchar(60) COLLATE utf8_unicode_ci NOT NULL,
  `phone` varchar(15) COLLATE utf8_unicode_ci NOT NULL,
  `mobile` varchar(15) COLLATE utf8_unicode_ci NOT NULL,
  `email` varchar(150) COLLATE utf8_unicode_ci NOT NULL,
  `note` text COLLATE utf8_unicode_ci,
  PRIMARY KEY (`id`)
) ENGINE=InnoDB DEFAULT CHARSET=utf8 COLLATE=utf8_unicode_ci;

TRUNCATE TABLE `answers`;

# Dump of table database_questions
# ------------------------------------------------------------

DROP TABLE IF EXISTS `database_questions`;

CREATE TABLE `database_questions` (
  `id` int(10) unsigned NOT NULL AUTO_INCREMENT,
  `created_at` timestamp NULL DEFAULT NULL,
  `updated_at` timestamp NULL DEFAULT NULL,
  `deleted_at` timestamp NULL DEFAULT NULL,
  PRIMARY KEY (`id`)
) ENGINE=InnoDB DEFAULT CHARSET=utf8 COLLATE=utf8_unicode_ci;



# Dump of table discussing_parent_questions
# ------------------------------------------------------------

DROP TABLE IF EXISTS `discussing_parent_questions`;

CREATE TABLE `discussing_parent_questions` (
  `id` int(10) unsigned NOT NULL AUTO_INCREMENT,
  `created_at` timestamp NOT NULL DEFAULT '0000-00-00 00:00:00',
  `updated_at` timestamp NOT NULL DEFAULT '0000-00-00 00:00:00',
  `deleted_at` timestamp NULL DEFAULT NULL,
  `test_take_id` int(10) unsigned NOT NULL,
  `group_question_id` int(10) unsigned NOT NULL,
  `level` int(10) unsigned NOT NULL,
  PRIMARY KEY (`id`),
  KEY `fk_discussing_parent_questions_test_takes1_idx` (`test_take_id`),
  KEY `fk_discussing_parent_questions_group_questions1_idx` (`group_question_id`),
  CONSTRAINT `fk_discussing_parent_questions_group_questions1` FOREIGN KEY (`group_question_id`) REFERENCES `group_questions` (`id`) ON DELETE CASCADE ON UPDATE CASCADE,
  CONSTRAINT `fk_discussing_parent_questions_test_takes1` FOREIGN KEY (`test_take_id`) REFERENCES `test_takes` (`id`) ON DELETE CASCADE ON UPDATE CASCADE
) ENGINE=InnoDB DEFAULT CHARSET=utf8 COLLATE=utf8_unicode_ci;

TRUNCATE TABLE `answers`;

# Dump of table drawing_questions
# ------------------------------------------------------------

DROP TABLE IF EXISTS `drawing_questions`;

CREATE TABLE `drawing_questions` (
  `id` int(10) unsigned NOT NULL,
  `created_at` timestamp NOT NULL DEFAULT '0000-00-00 00:00:00',
  `updated_at` timestamp NOT NULL DEFAULT '0000-00-00 00:00:00',
  `deleted_at` timestamp NULL DEFAULT NULL,
  `answer` longblob,
  `grid` int(10) unsigned DEFAULT NULL,
  `bg_name` varchar(255) DEFAULT NULL,
  `bg_size` int(10) unsigned DEFAULT NULL,
  `bg_mime_type` varchar(255) DEFAULT NULL,
  `bg_extension` varchar(10) DEFAULT NULL,
  PRIMARY KEY (`id`),
  KEY `fk_drawing_questions_questions1_idx` (`id`),
  CONSTRAINT `fk_drawing_questions_questions1` FOREIGN KEY (`id`) REFERENCES `questions` (`id`) ON DELETE CASCADE ON UPDATE CASCADE
) ENGINE=InnoDB DEFAULT CHARSET=utf8;

TRUNCATE TABLE `answers`;

# Dump of table education_levels
# ------------------------------------------------------------

DROP TABLE IF EXISTS `education_levels`;

CREATE TABLE `education_levels` (
  `id` int(10) unsigned NOT NULL AUTO_INCREMENT,
  `created_at` timestamp NOT NULL DEFAULT '0000-00-00 00:00:00',
  `updated_at` timestamp NOT NULL DEFAULT '0000-00-00 00:00:00',
  `deleted_at` timestamp NULL DEFAULT NULL,
  `name` varchar(45) COLLATE utf8_unicode_ci DEFAULT NULL,
  `max_years` int(10) unsigned NOT NULL,
  PRIMARY KEY (`id`)
) ENGINE=InnoDB DEFAULT CHARSET=utf8 COLLATE=utf8_unicode_ci;

TRUNCATE TABLE `answers`;

LOCK TABLES `education_levels` WRITE;
/*!40000 ALTER TABLE `education_levels` DISABLE KEYS */;

INSERT INTO `education_levels` (`id`, `created_at`, `updated_at`, `deleted_at`, `name`, `max_years`)
VALUES
	(1,'2015-06-01 22:34:37','2015-06-01 22:34:31',NULL,'VWO',6),
	(2,'2015-06-01 22:34:37','2015-06-01 22:34:31',NULL,'Gymnasium',6),
	(3,'2015-06-01 22:34:37','2015-06-01 22:34:31',NULL,'Havo',6),
	(4,'2015-06-01 22:34:37','2015-06-01 22:34:31',NULL,'Mavo / Vmbo tl',5),
	(5,'2015-06-01 22:34:37','2015-06-01 22:34:31',NULL,'Vmbo gl',4),
	(6,'2015-06-01 22:34:37','2015-06-01 22:34:31',NULL,'Vmbo kb',4),
	(7,'2015-06-01 22:34:37','2015-06-01 22:34:31',NULL,'Vmbo bb',4),
	(8,'2015-06-01 22:34:37','2015-06-01 22:34:31',NULL,'Lwoo',4),
	(9,'2015-06-01 22:34:37','2015-06-01 22:34:31',NULL,'Atheneum',4),
	(10,'2015-09-29 14:00:50','2015-09-29 14:00:50',NULL,'Mavo/Havo',2),
	(11,'2015-09-29 14:01:19','2015-09-29 14:01:19',NULL,'Havo/VWO',2),
	(12,'0000-00-00 00:00:00','0000-00-00 00:00:00',NULL,'t/h',4),
	(13,'2018-06-12 00:00:00','2018-06-12 00:00:00',NULL,'h/v',6);

/*!40000 ALTER TABLE `education_levels` ENABLE KEYS */;
UNLOCK TABLES;


# Dump of table failed_jobs
# ------------------------------------------------------------

DROP TABLE IF EXISTS `failed_jobs`;

CREATE TABLE `failed_jobs` (
  `id` int(10) unsigned NOT NULL AUTO_INCREMENT,
  `connection` text COLLATE utf8_unicode_ci NOT NULL,
  `queue` text COLLATE utf8_unicode_ci NOT NULL,
  `payload` longtext COLLATE utf8_unicode_ci NOT NULL,
  `exception` longtext COLLATE utf8_unicode_ci NOT NULL,
  `failed_at` timestamp NOT NULL DEFAULT '0000-00-00 00:00:00',
  PRIMARY KEY (`id`)
) ENGINE=InnoDB DEFAULT CHARSET=utf8 COLLATE=utf8_unicode_ci;

TRUNCATE TABLE `answers`;

# Dump of table grading_scales
# ------------------------------------------------------------

DROP TABLE IF EXISTS `grading_scales`;

CREATE TABLE `grading_scales` (
  `id` int(10) unsigned NOT NULL AUTO_INCREMENT,
  `created_at` timestamp NOT NULL DEFAULT '0000-00-00 00:00:00',
  `updated_at` timestamp NOT NULL DEFAULT '0000-00-00 00:00:00',
  `deleted_at` timestamp NULL DEFAULT NULL,
  `name` varchar(45) COLLATE utf8_unicode_ci NOT NULL,
  `system_name` varchar(45) COLLATE utf8_unicode_ci NOT NULL,
  PRIMARY KEY (`id`)
) ENGINE=InnoDB DEFAULT CHARSET=utf8 COLLATE=utf8_unicode_ci;

TRUNCATE TABLE `answers`;

LOCK TABLES `grading_scales` WRITE;
/*!40000 ALTER TABLE `grading_scales` DISABLE KEYS */;

INSERT INTO `grading_scales` (`id`, `created_at`, `updated_at`, `deleted_at`, `name`, `system_name`)
VALUES
	(1,'2015-12-10 11:31:39','2015-12-10 11:31:39',NULL,'Nederlands','OneToTen');

/*!40000 ALTER TABLE `grading_scales` ENABLE KEYS */;
UNLOCK TABLES;


# Dump of table group_question_questions
# ------------------------------------------------------------

DROP TABLE IF EXISTS `group_question_questions`;

CREATE TABLE `group_question_questions` (
  `id` int(10) unsigned NOT NULL AUTO_INCREMENT,
  `created_at` timestamp NOT NULL DEFAULT '0000-00-00 00:00:00',
  `updated_at` timestamp NOT NULL DEFAULT '0000-00-00 00:00:00',
  `deleted_at` timestamp NULL DEFAULT NULL,
  `group_question_id` int(10) unsigned NOT NULL,
  `question_id` int(10) unsigned NOT NULL,
  `order` int(10) unsigned NOT NULL,
  `maintain_position` tinyint(1) NOT NULL,
  `discuss` tinyint(1) NOT NULL,
  PRIMARY KEY (`id`),
  KEY `fk_group_question_questions_group_questions1_idx` (`group_question_id`),
  KEY `fk_group_question_questions_questions1_idx` (`question_id`),
  CONSTRAINT `fk_group_question_questions_group_questions1` FOREIGN KEY (`group_question_id`) REFERENCES `group_questions` (`id`) ON DELETE CASCADE ON UPDATE CASCADE,
  CONSTRAINT `fk_group_question_questions_questions1` FOREIGN KEY (`question_id`) REFERENCES `questions` (`id`) ON DELETE CASCADE ON UPDATE CASCADE
) ENGINE=InnoDB DEFAULT CHARSET=utf8 COLLATE=utf8_unicode_ci;

TRUNCATE TABLE `answers`;

LOCK TABLES `group_question_questions` WRITE;
/*!40000 ALTER TABLE `group_question_questions` DISABLE KEYS */;

INSERT INTO `group_question_questions` (`id`, `created_at`, `updated_at`, `deleted_at`, `group_question_id`, `question_id`, `order`, `maintain_position`, `discuss`)
VALUES
	(1,'2019-01-21 07:57:43','2019-01-21 07:57:43',NULL,14,15,1,0,1);

/*!40000 ALTER TABLE `group_question_questions` ENABLE KEYS */;
UNLOCK TABLES;


# Dump of table group_questions
# ------------------------------------------------------------

DROP TABLE IF EXISTS `group_questions`;

CREATE TABLE `group_questions` (
  `id` int(10) unsigned NOT NULL,
  `created_at` timestamp NOT NULL DEFAULT '0000-00-00 00:00:00',
  `updated_at` timestamp NOT NULL DEFAULT '0000-00-00 00:00:00',
  `deleted_at` timestamp NULL DEFAULT NULL,
  `name` varchar(255) COLLATE utf8_unicode_ci DEFAULT NULL,
  `shuffle` tinyint(1) NOT NULL,
  PRIMARY KEY (`id`),
  KEY `fk_group_questions_questions1_idx` (`id`),
  CONSTRAINT `fk_group_questions_questions1` FOREIGN KEY (`id`) REFERENCES `questions` (`id`) ON DELETE CASCADE ON UPDATE CASCADE
) ENGINE=InnoDB DEFAULT CHARSET=utf8 COLLATE=utf8_unicode_ci;

TRUNCATE TABLE `answers`;

LOCK TABLES `group_questions` WRITE;
/*!40000 ALTER TABLE `group_questions` DISABLE KEYS */;

INSERT INTO `group_questions` (`id`, `created_at`, `updated_at`, `deleted_at`, `name`, `shuffle`)
VALUES
	(14,'2019-01-21 07:57:29','2019-01-21 07:57:29',NULL,'groepvraag',0);

/*!40000 ALTER TABLE `group_questions` ENABLE KEYS */;
UNLOCK TABLES;


# Dump of table invigilators
# ------------------------------------------------------------

DROP TABLE IF EXISTS `invigilators`;

CREATE TABLE `invigilators` (
  `test_take_id` int(10) unsigned NOT NULL,
  `user_id` int(10) unsigned NOT NULL,
  `created_at` timestamp NOT NULL DEFAULT '0000-00-00 00:00:00',
  `updated_at` timestamp NOT NULL DEFAULT '0000-00-00 00:00:00',
  `deleted_at` timestamp NULL DEFAULT NULL,
  PRIMARY KEY (`test_take_id`,`user_id`),
  KEY `fk_test_takes_has_users_users2_idx` (`user_id`),
  KEY `fk_test_takes_has_users_test_takes2_idx` (`test_take_id`),
  CONSTRAINT `fk_test_takes_has_users_test_takes2` FOREIGN KEY (`test_take_id`) REFERENCES `test_takes` (`id`) ON DELETE CASCADE ON UPDATE CASCADE,
  CONSTRAINT `fk_test_takes_has_users_user1` FOREIGN KEY (`user_id`) REFERENCES `users` (`id`) ON DELETE CASCADE ON UPDATE CASCADE
) ENGINE=InnoDB DEFAULT CHARSET=utf8 COLLATE=utf8_unicode_ci;

TRUNCATE TABLE `answers`;

LOCK TABLES `invigilators` WRITE;
/*!40000 ALTER TABLE `invigilators` DISABLE KEYS */;

INSERT INTO `invigilators` (`test_take_id`, `user_id`, `created_at`, `updated_at`, `deleted_at`)
VALUES
	(1,1500,'2019-02-27 11:03:41','2019-02-27 11:03:41',NULL),
	(2,1486,'2019-02-27 14:37:17','2019-02-27 14:37:17',NULL),
	(3,1486,'2019-05-24 13:52:42','2019-05-24 13:52:42',NULL);

/*!40000 ALTER TABLE `invigilators` ENABLE KEYS */;
UNLOCK TABLES;


# Dump of table jobs
# ------------------------------------------------------------

DROP TABLE IF EXISTS `jobs`;

CREATE TABLE `jobs` (
  `id` bigint(20) unsigned NOT NULL AUTO_INCREMENT,
  `queue` varchar(255) COLLATE utf8_unicode_ci NOT NULL,
  `payload` longtext COLLATE utf8_unicode_ci NOT NULL,
  `attempts` tinyint(3) unsigned NOT NULL,
  `reserved_at` int(10) unsigned DEFAULT NULL,
  `available_at` int(10) unsigned NOT NULL,
  `created_at` int(10) unsigned NOT NULL,
  PRIMARY KEY (`id`),
  KEY `jobs_queue_reserved_at_index` (`queue`,`reserved_at`)
) ENGINE=InnoDB DEFAULT CHARSET=utf8 COLLATE=utf8_unicode_ci;

TRUNCATE TABLE `answers`;

LOCK TABLES `jobs` WRITE;
/*!40000 ALTER TABLE `jobs` DISABLE KEYS */;


/*!40000 ALTER TABLE `jobs` ENABLE KEYS */;
UNLOCK TABLES;


# Dump of table licenses
# ------------------------------------------------------------

DROP TABLE IF EXISTS `licenses`;

CREATE TABLE `licenses` (
  `id` int(10) unsigned NOT NULL AUTO_INCREMENT,
  `created_at` timestamp NOT NULL DEFAULT '0000-00-00 00:00:00',
  `updated_at` timestamp NOT NULL DEFAULT '0000-00-00 00:00:00',
  `deleted_at` timestamp NULL DEFAULT NULL,
  `school_location_id` int(10) unsigned NOT NULL,
  `start` date NOT NULL,
  `end` date DEFAULT NULL,
  `amount` int(11) DEFAULT NULL,
  PRIMARY KEY (`id`),
  KEY `fk_licenses_school_locations1_idx` (`school_location_id`),
  CONSTRAINT `fk_licenses_school_locations1` FOREIGN KEY (`school_location_id`) REFERENCES `school_locations` (`id`) ON DELETE CASCADE ON UPDATE CASCADE
) ENGINE=InnoDB DEFAULT CHARSET=utf8 COLLATE=utf8_unicode_ci;

TRUNCATE TABLE `answers`;

LOCK TABLES `licenses` WRITE;
/*!40000 ALTER TABLE `licenses` DISABLE KEYS */;

INSERT INTO `licenses` (`id`, `created_at`, `updated_at`, `deleted_at`, `school_location_id`, `start`, `end`, `amount`)
VALUES
	(1,'2018-12-21 15:53:51','2018-12-21 15:53:51',NULL,1,'2018-12-21','2021-12-21',1000);

/*!40000 ALTER TABLE `licenses` ENABLE KEYS */;
UNLOCK TABLES;


# Dump of table logs
# ------------------------------------------------------------

DROP TABLE IF EXISTS `logs`;

CREATE TABLE `logs` (
  `id` int(10) unsigned NOT NULL AUTO_INCREMENT,
  `created_at` timestamp NOT NULL DEFAULT '0000-00-00 00:00:00',
  `updated_at` timestamp NOT NULL DEFAULT '0000-00-00 00:00:00',
  `uri` varchar(255) COLLATE utf8_unicode_ci NOT NULL,
  `uri_full` varchar(255) COLLATE utf8_unicode_ci NOT NULL,
  `method` varchar(255) COLLATE utf8_unicode_ci NOT NULL,
  `request` text COLLATE utf8_unicode_ci NOT NULL,
  `response` longtext COLLATE utf8_unicode_ci,
  `headers` text COLLATE utf8_unicode_ci NOT NULL,
  `code` int(11) NOT NULL DEFAULT '-1',
  `ip` varchar(255) COLLATE utf8_unicode_ci NOT NULL,
  `duration` double(8,2) NOT NULL,
  `user_id` varchar(36) COLLATE utf8_unicode_ci DEFAULT NULL,
  `user_agent` varchar(255) COLLATE utf8_unicode_ci DEFAULT NULL,
  `success` tinyint(1) NOT NULL DEFAULT '0',
  PRIMARY KEY (`id`)
) ENGINE=InnoDB DEFAULT CHARSET=utf8 COLLATE=utf8_unicode_ci;

TRUNCATE TABLE `answers`;

# Dump of table matching_question_answer_links
# ------------------------------------------------------------

DROP TABLE IF EXISTS `matching_question_answer_links`;

CREATE TABLE `matching_question_answer_links` (
  `matching_question_id` int(10) unsigned NOT NULL,
  `matching_question_answer_id` int(10) unsigned NOT NULL,
  `created_at` timestamp NOT NULL DEFAULT '0000-00-00 00:00:00',
  `updated_at` timestamp NOT NULL DEFAULT '0000-00-00 00:00:00',
  `deleted_at` timestamp NULL DEFAULT NULL,
  `order` int(10) unsigned NOT NULL,
  PRIMARY KEY (`matching_question_id`,`matching_question_answer_id`),
  KEY `fk_matching_question_answer_links_matching_questions1_idx` (`matching_question_id`),
  KEY `fk_matching_question_answer_links_matching_question_answers_idx` (`matching_question_answer_id`),
  CONSTRAINT `fk_matching_question_answer_links_matching_question_answers1` FOREIGN KEY (`matching_question_answer_id`) REFERENCES `matching_question_answers` (`id`) ON DELETE CASCADE ON UPDATE CASCADE,
  CONSTRAINT `fk_matching_question_answer_links_matching_questions1` FOREIGN KEY (`matching_question_id`) REFERENCES `matching_questions` (`id`) ON DELETE CASCADE ON UPDATE CASCADE
) ENGINE=InnoDB DEFAULT CHARSET=utf8 COLLATE=utf8_unicode_ci;

TRUNCATE TABLE `answers`;

LOCK TABLES `matching_question_answer_links` WRITE;
/*!40000 ALTER TABLE `matching_question_answer_links` DISABLE KEYS */;

INSERT INTO `matching_question_answer_links` (`matching_question_id`, `matching_question_answer_id`, `created_at`, `updated_at`, `deleted_at`, `order`)
VALUES
	(17,1,'2019-02-25 11:26:39','2019-02-25 11:26:39',NULL,1),
	(17,2,'2019-02-25 11:26:39','2019-02-25 11:26:39',NULL,1),
	(17,3,'2019-02-25 11:26:39','2019-02-25 11:26:39',NULL,1),
	(17,4,'2019-02-25 11:26:40','2019-02-25 11:26:40',NULL,1);

/*!40000 ALTER TABLE `matching_question_answer_links` ENABLE KEYS */;
UNLOCK TABLES;


# Dump of table matching_question_answers
# ------------------------------------------------------------

DROP TABLE IF EXISTS `matching_question_answers`;

CREATE TABLE `matching_question_answers` (
  `id` int(10) unsigned NOT NULL AUTO_INCREMENT,
  `created_at` timestamp NOT NULL DEFAULT '0000-00-00 00:00:00',
  `updated_at` timestamp NOT NULL DEFAULT '0000-00-00 00:00:00',
  `deleted_at` timestamp NULL DEFAULT NULL,
  `correct_answer_id` int(10) unsigned DEFAULT NULL,
  `answer` varchar(255) COLLATE utf8_unicode_ci DEFAULT NULL,
  `type` enum('LEFT','RIGHT') COLLATE utf8_unicode_ci DEFAULT NULL,
  PRIMARY KEY (`id`),
  KEY `fk_matching_question_answers_matching_question_answers1_idx` (`correct_answer_id`),
  CONSTRAINT `fk_matching_question_answers_matching_question_answers1` FOREIGN KEY (`correct_answer_id`) REFERENCES `matching_question_answers` (`id`) ON DELETE CASCADE ON UPDATE CASCADE
) ENGINE=InnoDB DEFAULT CHARSET=utf8 COLLATE=utf8_unicode_ci;

TRUNCATE TABLE `answers`;

LOCK TABLES `matching_question_answers` WRITE;
/*!40000 ALTER TABLE `matching_question_answers` DISABLE KEYS */;

INSERT INTO `matching_question_answers` (`id`, `created_at`, `updated_at`, `deleted_at`, `correct_answer_id`, `answer`, `type`)
VALUES
	(1,'2019-02-25 11:26:39','2019-02-25 11:26:39',NULL,NULL,'Fruit','LEFT'),
	(2,'2019-02-25 11:26:39','2019-02-25 11:26:39',NULL,1,'Appel','RIGHT'),
	(3,'2019-02-25 11:26:39','2019-02-25 11:26:39',NULL,NULL,'Groente','LEFT'),
	(4,'2019-02-25 11:26:40','2019-02-25 11:26:40',NULL,3,'Wortel','RIGHT');

/*!40000 ALTER TABLE `matching_question_answers` ENABLE KEYS */;
UNLOCK TABLES;


# Dump of table matching_question_answers_5_1_2018
# ------------------------------------------------------------

DROP TABLE IF EXISTS `matching_question_answers_5_1_2018`;

CREATE TABLE `matching_question_answers_5_1_2018` (
  `id` int(10) unsigned NOT NULL AUTO_INCREMENT,
  `created_at` timestamp NOT NULL DEFAULT '0000-00-00 00:00:00',
  `updated_at` timestamp NOT NULL DEFAULT '0000-00-00 00:00:00',
  `deleted_at` timestamp NULL DEFAULT NULL,
  `correct_answer_id` int(10) unsigned DEFAULT NULL,
  `answer` varchar(255) COLLATE utf8_unicode_ci DEFAULT NULL,
  `type` enum('LEFT','RIGHT') COLLATE utf8_unicode_ci DEFAULT NULL,
  PRIMARY KEY (`id`),
  KEY `fk_matching_question_answers_matching_question_answers1_idx` (`correct_answer_id`)
) ENGINE=InnoDB DEFAULT CHARSET=utf8 COLLATE=utf8_unicode_ci;

TRUNCATE TABLE `answers`;

LOCK TABLES `matching_question_answers_5_1_2018` WRITE;
/*!40000 ALTER TABLE `matching_question_answers_5_1_2018` DISABLE KEYS */;

INSERT INTO `matching_question_answers_5_1_2018` (`id`, `created_at`, `updated_at`, `deleted_at`, `correct_answer_id`, `answer`, `type`)
VALUES
	(10,'2015-02-13 12:20:53','2015-02-13 12:47:05','2015-02-13 12:47:05',NULL,'a','LEFT'),
	(11,'2015-02-13 12:20:53','2015-02-13 12:47:05','2015-02-13 12:47:05',10,'aa','RIGHT'),
	(12,'2015-02-13 12:20:53','2015-02-13 12:47:05','2015-02-13 12:47:05',NULL,'b','LEFT'),
	(13,'2015-02-13 12:20:54','2015-02-13 12:47:05','2015-02-13 12:47:05',12,'bb','RIGHT'),
	(14,'2015-02-13 12:20:54','2015-02-13 12:47:05','2015-02-13 12:47:05',NULL,'c','LEFT'),
	(15,'2015-02-13 12:20:54','2015-02-13 12:47:05','2015-02-13 12:47:05',14,'cc','RIGHT'),
	(16,'2015-02-13 12:20:54','2015-02-13 12:47:05','2015-02-13 12:47:05',NULL,'d','LEFT'),
	(17,'2015-02-13 12:20:54','2015-02-13 12:47:05','2015-02-13 12:47:05',16,'dd','RIGHT'),
	(18,'2015-02-13 12:34:22','2015-02-13 12:47:05','2015-02-13 12:47:05',NULL,'a','LEFT'),
	(19,'2015-02-13 12:34:22','2015-02-13 12:47:05','2015-02-13 12:47:05',18,'aa','RIGHT'),
	(20,'2015-02-13 12:34:22','2015-02-13 12:47:05','2015-02-13 12:47:05',NULL,'b','LEFT'),
	(21,'2015-02-13 12:34:22','2015-02-13 12:47:05','2015-02-13 12:47:05',20,'bb','RIGHT'),
	(22,'2015-02-13 12:34:22','2015-02-13 12:47:05','2015-02-13 12:47:05',NULL,'c','LEFT'),
	(23,'2015-02-13 12:34:22','2015-02-13 12:47:05','2015-02-13 12:47:05',22,'cc','RIGHT'),
	(24,'2015-02-13 12:34:22','2015-02-13 12:47:05','2015-02-13 12:47:05',NULL,'d','LEFT'),
	(25,'2015-02-13 12:34:22','2015-02-13 12:47:05','2015-02-13 12:47:05',24,'dd','RIGHT'),
	(26,'2015-02-13 12:47:42','2015-02-13 12:47:59','2015-02-13 12:47:59',NULL,'a','LEFT'),
	(27,'2015-02-13 12:47:42','2015-02-13 12:47:59','2015-02-13 12:47:59',26,'aa','RIGHT'),
	(28,'2015-02-13 12:47:42','2015-02-13 12:47:59','2015-02-13 12:47:59',NULL,'b','LEFT'),
	(29,'2015-02-13 12:47:42','2015-02-13 12:47:59','2015-02-13 12:47:59',28,'bb','RIGHT'),
	(30,'2015-02-13 12:47:59','2015-02-13 12:48:07','2015-02-13 12:48:07',NULL,'a','LEFT'),
	(31,'2015-02-13 12:47:59','2015-02-13 12:48:07','2015-02-13 12:48:07',30,'aa','RIGHT'),
	(32,'2015-02-13 12:47:59','2015-02-13 12:48:07','2015-02-13 12:48:07',NULL,'b','LEFT'),
	(33,'2015-02-13 12:47:59','2015-02-13 12:48:07','2015-02-13 12:48:07',32,'bb','RIGHT'),
	(34,'2015-02-13 12:48:07','2015-02-13 12:48:16','2015-02-13 12:48:16',NULL,'a','LEFT'),
	(35,'2015-02-13 12:48:07','2015-02-13 12:48:16','2015-02-13 12:48:16',34,'aa','RIGHT'),
	(36,'2015-02-13 12:48:07','2015-02-13 12:48:16','2015-02-13 12:48:16',NULL,'c','LEFT'),
	(37,'2015-02-13 12:48:07','2015-02-13 12:48:16','2015-02-13 12:48:16',36,'cc','RIGHT'),
	(38,'2015-02-13 12:48:07','2015-02-13 12:48:16','2015-02-13 12:48:16',NULL,'b','LEFT'),
	(39,'2015-02-13 12:48:07','2015-02-13 12:48:16','2015-02-13 12:48:16',38,'bb','RIGHT'),
	(40,'2015-02-13 12:48:16','2015-02-13 12:48:16',NULL,NULL,'a','LEFT'),
	(41,'2015-02-13 12:48:16','2015-02-13 12:48:16',NULL,40,'aa','RIGHT'),
	(42,'2015-02-13 12:48:16','2015-02-13 12:48:16',NULL,NULL,'c','LEFT'),
	(43,'2015-02-13 12:48:16','2015-02-13 12:48:16',NULL,42,'cc','RIGHT'),
	(44,'2015-02-13 12:48:16','2015-02-13 12:48:16',NULL,NULL,'b','LEFT'),
	(45,'2015-02-13 12:48:17','2015-02-13 12:48:17',NULL,44,'bb','RIGHT'),
	(46,'2015-02-13 13:17:55','2015-02-13 13:17:55',NULL,NULL,'a','LEFT'),
	(47,'2015-02-13 13:17:55','2015-02-13 13:17:55',NULL,NULL,NULL,NULL),
	(48,'2015-02-13 13:17:55','2015-02-13 13:17:55',NULL,NULL,NULL,NULL),
	(49,'2015-02-13 13:17:55','2015-02-13 13:17:55',NULL,NULL,NULL,NULL),
	(50,'2015-02-13 13:17:55','2015-02-13 13:17:55',NULL,NULL,'b','LEFT'),
	(51,'2015-02-13 13:17:55','2015-02-13 13:17:55',NULL,NULL,NULL,NULL),
	(52,'2015-02-13 13:17:55','2015-02-13 13:17:55',NULL,NULL,NULL,NULL),
	(53,'2015-02-13 13:17:55','2015-02-13 13:17:55',NULL,NULL,NULL,NULL),
	(54,'2015-02-13 13:17:55','2015-02-13 13:17:55',NULL,NULL,'c','LEFT'),
	(55,'2015-02-13 13:17:55','2015-02-13 13:17:55',NULL,NULL,NULL,NULL),
	(56,'2015-02-13 13:17:56','2015-02-13 13:17:56',NULL,NULL,NULL,NULL),
	(57,'2015-02-13 13:17:56','2015-02-13 13:17:56',NULL,NULL,NULL,NULL),
	(58,'2015-02-13 13:19:06','2015-02-13 13:19:06',NULL,NULL,'a','LEFT'),
	(59,'2015-02-13 13:19:30','2015-02-13 13:19:30',NULL,NULL,'a','LEFT'),
	(60,'2015-02-13 13:19:38','2015-02-13 13:19:38',NULL,NULL,'a','LEFT'),
	(61,'2015-02-13 13:20:23','2015-02-13 13:20:23',NULL,NULL,'a','LEFT'),
	(62,'2015-02-13 13:20:29','2015-02-13 13:20:29',NULL,NULL,'a','LEFT'),
	(63,'2015-02-13 13:20:29','2015-02-13 13:20:29',NULL,62,'bb\r','RIGHT'),
	(64,'2015-02-13 13:20:29','2015-02-13 13:20:29',NULL,63,'cc\r','RIGHT'),
	(65,'2015-02-13 13:20:29','2015-02-13 13:20:29',NULL,64,'dd','RIGHT'),
	(66,'2015-02-13 13:20:29','2015-02-13 13:20:29',NULL,NULL,'b','LEFT'),
	(67,'2015-02-13 13:20:29','2015-02-13 13:20:29',NULL,66,'ee\r','RIGHT'),
	(68,'2015-02-13 13:20:29','2015-02-13 13:20:29',NULL,67,'ff\r','RIGHT'),
	(69,'2015-02-13 13:20:29','2015-02-13 13:20:29',NULL,68,'gg','RIGHT'),
	(70,'2015-02-13 13:20:29','2015-02-13 13:20:29',NULL,NULL,'c','LEFT'),
	(71,'2015-02-13 13:20:29','2015-02-13 13:20:29',NULL,70,'hh\r','RIGHT'),
	(72,'2015-02-13 13:20:29','2015-02-13 13:20:29',NULL,71,'ii\r','RIGHT'),
	(73,'2015-02-13 13:20:30','2015-02-13 13:20:30',NULL,72,'jj','RIGHT'),
	(74,'2015-02-13 13:21:29','2015-02-13 13:21:29',NULL,NULL,'aa','LEFT'),
	(75,'2015-02-13 13:21:29','2015-02-13 13:21:29',NULL,74,'bb','RIGHT'),
	(76,'2015-02-13 13:21:29','2015-02-13 13:21:29',NULL,75,'cc','RIGHT'),
	(77,'2015-02-13 13:21:29','2015-02-13 13:21:29',NULL,76,'dd','RIGHT'),
	(78,'2015-02-13 13:21:29','2015-02-13 13:21:29',NULL,NULL,'ee','LEFT'),
	(79,'2015-02-13 13:21:30','2015-02-13 13:21:30',NULL,78,'ff','RIGHT'),
	(80,'2015-02-13 13:21:30','2015-02-13 13:21:30',NULL,79,'gg','RIGHT'),
	(81,'2015-02-13 13:21:30','2015-02-13 13:21:30',NULL,80,'hh','RIGHT'),
	(82,'2015-02-13 13:31:08','2015-02-13 13:31:45','2015-02-13 13:31:45',NULL,'aa','LEFT'),
	(83,'2015-02-13 13:31:09','2015-02-13 13:31:45','2015-02-13 13:31:45',82,'bb','RIGHT'),
	(84,'2015-02-13 13:31:09','2015-02-13 13:31:45','2015-02-13 13:31:45',82,'cc','RIGHT'),
	(85,'2015-02-13 13:31:09','2015-02-13 13:31:45','2015-02-13 13:31:45',NULL,'dd','LEFT'),
	(86,'2015-02-13 13:31:09','2015-02-13 13:31:45','2015-02-13 13:31:45',85,'ee','RIGHT'),
	(87,'2015-02-13 13:31:09','2015-02-13 13:31:45','2015-02-13 13:31:45',85,'ff','RIGHT'),
	(88,'2015-02-13 13:31:09','2015-02-13 13:31:45','2015-02-13 13:31:45',NULL,'gg','LEFT'),
	(89,'2015-02-13 13:31:09','2015-02-13 13:31:45','2015-02-13 13:31:45',88,'hh','RIGHT'),
	(90,'2015-02-13 13:31:09','2015-02-13 13:31:45','2015-02-13 13:31:45',88,'ii','RIGHT'),
	(91,'2015-02-13 13:31:45','2015-02-13 13:31:50','2015-02-13 13:31:50',NULL,'aa','LEFT'),
	(92,'2015-02-13 13:31:45','2015-02-13 13:31:50','2015-02-13 13:31:50',91,'bb\r\ncc','RIGHT'),
	(93,'2015-02-13 13:31:45','2015-02-13 13:31:50','2015-02-13 13:31:50',NULL,'dd','LEFT'),
	(94,'2015-02-13 13:31:45','2015-02-13 13:31:50','2015-02-13 13:31:50',93,'ee\r\nff\r\n','RIGHT'),
	(95,'2015-02-13 13:31:45','2015-02-13 13:31:50','2015-02-13 13:31:50',NULL,'gg','LEFT'),
	(96,'2015-02-13 13:31:45','2015-02-13 13:31:50','2015-02-13 13:31:50',95,'hh\r\nii\r\n','RIGHT'),
	(97,'2015-02-13 13:31:50','2015-02-13 13:32:00','2015-02-13 13:32:00',NULL,'aa','LEFT'),
	(98,'2015-02-13 13:31:50','2015-02-13 13:32:00','2015-02-13 13:32:00',97,'bb\r\ncc\r\n','RIGHT'),
	(99,'2015-02-13 13:31:50','2015-02-13 13:32:00','2015-02-13 13:32:00',NULL,'dd','LEFT'),
	(100,'2015-02-13 13:31:50','2015-02-13 13:32:00','2015-02-13 13:32:00',99,'ee\r\nff\r\n\r\n','RIGHT'),
	(101,'2015-02-13 13:31:50','2015-02-13 13:32:00','2015-02-13 13:32:00',NULL,'gg','LEFT'),
	(102,'2015-02-13 13:31:50','2015-02-13 13:32:00','2015-02-13 13:32:00',101,'hh\r\nii\r\n\r\n','RIGHT'),
	(103,'2015-02-13 13:32:00','2015-02-13 13:33:04','2015-02-13 13:33:04',NULL,'aa','LEFT'),
	(104,'2015-02-13 13:32:00','2015-02-13 13:33:04','2015-02-13 13:33:04',103,'bb\r\ncc\r\nsfd','RIGHT'),
	(105,'2015-02-13 13:32:00','2015-02-13 13:33:04','2015-02-13 13:33:04',NULL,'dd','LEFT'),
	(106,'2015-02-13 13:32:00','2015-02-13 13:33:04','2015-02-13 13:33:04',105,'ee\r\nff\r\nghj\r\n\r\n','RIGHT'),
	(107,'2015-02-13 13:32:00','2015-02-13 13:33:04','2015-02-13 13:33:04',NULL,'gg','LEFT'),
	(108,'2015-02-13 13:32:01','2015-02-13 13:33:04','2015-02-13 13:33:04',107,'hh\r\nii\r\njkl\r\n','RIGHT'),
	(109,'2015-02-13 13:33:04','2015-02-13 13:33:24','2015-02-13 13:33:24',NULL,'aa','LEFT'),
	(110,'2015-02-13 13:33:04','2015-02-13 13:33:24','2015-02-13 13:33:24',109,'bb\r\ncc\r\nsfd','RIGHT'),
	(111,'2015-02-13 13:33:04','2015-02-13 13:33:24','2015-02-13 13:33:24',NULL,'dd','LEFT'),
	(112,'2015-02-13 13:33:04','2015-02-13 13:33:24','2015-02-13 13:33:24',111,'ee\r\nff\r\nghj','RIGHT'),
	(113,'2015-02-13 13:33:04','2015-02-13 13:33:24','2015-02-13 13:33:24',NULL,'gg','LEFT'),
	(114,'2015-02-13 13:33:04','2015-02-13 13:33:24','2015-02-13 13:33:24',113,'hh\r\nii\r\njkl','RIGHT'),
	(115,'2015-02-13 13:33:24','2015-02-13 13:34:31','2015-02-13 13:34:31',NULL,'aa','LEFT'),
	(116,'2015-02-13 13:33:24','2015-02-13 13:34:31','2015-02-13 13:34:31',115,'bb\r\ncc\r\nsfd','RIGHT'),
	(117,'2015-02-13 13:33:24','2015-02-13 13:34:31','2015-02-13 13:34:31',NULL,'dd','LEFT'),
	(118,'2015-02-13 13:33:24','2015-02-13 13:34:31','2015-02-13 13:34:31',117,'ee\r\nff\r\nghj','RIGHT'),
	(119,'2015-02-13 13:33:24','2015-02-13 13:34:31','2015-02-13 13:34:31',NULL,'gg','LEFT'),
	(120,'2015-02-13 13:33:24','2015-02-13 13:34:31','2015-02-13 13:34:31',119,'hh\r\nii\r\njkl','RIGHT'),
	(121,'2015-02-13 13:34:31','2015-02-13 13:37:20','2015-02-13 13:37:20',NULL,'aa','LEFT'),
	(122,'2015-02-13 13:34:31','2015-02-13 13:37:20','2015-02-13 13:37:20',121,'bb\r\ncc\r\nsfd','RIGHT'),
	(123,'2015-02-13 13:34:31','2015-02-13 13:37:20','2015-02-13 13:37:20',NULL,'dd','LEFT'),
	(124,'2015-02-13 13:34:31','2015-02-13 13:37:20','2015-02-13 13:37:20',123,'ee\r\nff\r\nghj','RIGHT'),
	(125,'2015-02-13 13:34:31','2015-02-13 13:37:20','2015-02-13 13:37:20',NULL,'gg','LEFT'),
	(126,'2015-02-13 13:34:31','2015-02-13 13:37:20','2015-02-13 13:37:20',125,'hh\r\nii\r\njkl','RIGHT'),
	(127,'2015-02-13 13:37:21','2015-02-13 13:38:11','2015-02-13 13:38:11',NULL,'aa','LEFT'),
	(128,'2015-02-13 13:37:21','2015-02-13 13:38:11','2015-02-13 13:38:11',127,'bb\r\ncc\r\nsfd','RIGHT'),
	(129,'2015-02-13 13:37:21','2015-02-13 13:38:11','2015-02-13 13:38:11',NULL,'dd','LEFT'),
	(130,'2015-02-13 13:37:21','2015-02-13 13:38:11','2015-02-13 13:38:11',129,'ee\r\nff\r\nghj','RIGHT'),
	(131,'2015-02-13 13:37:21','2015-02-13 13:38:11','2015-02-13 13:38:11',NULL,'gg','LEFT'),
	(132,'2015-02-13 13:37:21','2015-02-13 13:38:11','2015-02-13 13:38:11',131,'hh\r\nii\r\njkl','RIGHT'),
	(133,'2015-02-13 13:38:12','2015-02-13 13:38:33','2015-02-13 13:38:33',NULL,'aa','LEFT'),
	(134,'2015-02-13 13:38:12','2015-02-13 13:38:33','2015-02-13 13:38:33',133,'bb','RIGHT'),
	(135,'2015-02-13 13:38:12','2015-02-13 13:38:33','2015-02-13 13:38:33',133,'cc','RIGHT'),
	(136,'2015-02-13 13:38:12','2015-02-13 13:38:33','2015-02-13 13:38:33',133,'sfd','RIGHT'),
	(137,'2015-02-13 13:38:12','2015-02-13 13:38:33','2015-02-13 13:38:33',NULL,'dd','LEFT'),
	(138,'2015-02-13 13:38:12','2015-02-13 13:38:33','2015-02-13 13:38:33',137,'ee','RIGHT'),
	(139,'2015-02-13 13:38:12','2015-02-13 13:38:33','2015-02-13 13:38:33',137,'ff','RIGHT'),
	(140,'2015-02-13 13:38:12','2015-02-13 13:38:33','2015-02-13 13:38:33',137,'ghj','RIGHT'),
	(141,'2015-02-13 13:38:12','2015-02-13 13:38:33','2015-02-13 13:38:33',NULL,'gg','LEFT'),
	(142,'2015-02-13 13:38:12','2015-02-13 13:38:33','2015-02-13 13:38:33',141,'hh','RIGHT'),
	(143,'2015-02-13 13:38:12','2015-02-13 13:38:33','2015-02-13 13:38:33',141,'ii','RIGHT'),
	(144,'2015-02-13 13:38:12','2015-02-13 13:38:33','2015-02-13 13:38:33',141,'jkl','RIGHT'),
	(145,'2015-02-13 13:38:33','2015-02-13 13:39:06','2015-02-13 13:39:06',NULL,'aa','LEFT'),
	(146,'2015-02-13 13:38:33','2015-02-13 13:39:06','2015-02-13 13:39:06',145,'bb','RIGHT'),
	(147,'2015-02-13 13:38:33','2015-02-13 13:39:06','2015-02-13 13:39:06',145,'cc','RIGHT'),
	(148,'2015-02-13 13:38:33','2015-02-13 13:39:06','2015-02-13 13:39:06',145,'sfd','RIGHT'),
	(149,'2015-02-13 13:38:33','2015-02-13 13:39:06','2015-02-13 13:39:06',NULL,'dd','LEFT'),
	(150,'2015-02-13 13:38:34','2015-02-13 13:39:06','2015-02-13 13:39:06',149,'ee','RIGHT'),
	(151,'2015-02-13 13:38:34','2015-02-13 13:39:06','2015-02-13 13:39:06',149,'ff','RIGHT'),
	(152,'2015-02-13 13:38:34','2015-02-13 13:39:06','2015-02-13 13:39:06',149,'ghj','RIGHT'),
	(153,'2015-02-13 13:38:34','2015-02-13 13:39:06','2015-02-13 13:39:06',NULL,'gg','LEFT'),
	(154,'2015-02-13 13:38:34','2015-02-13 13:39:06','2015-02-13 13:39:06',153,'hh','RIGHT'),
	(155,'2015-02-13 13:39:06','2015-02-13 13:39:25','2015-02-13 13:39:25',NULL,'aa','LEFT'),
	(156,'2015-02-13 13:39:06','2015-02-13 13:39:25','2015-02-13 13:39:25',155,'bb','RIGHT'),
	(157,'2015-02-13 13:39:06','2015-02-13 13:39:25','2015-02-13 13:39:25',155,'cc','RIGHT'),
	(158,'2015-02-13 13:39:06','2015-02-13 13:39:25','2015-02-13 13:39:25',155,'sfd','RIGHT'),
	(159,'2015-02-13 13:39:06','2015-02-13 13:39:25','2015-02-13 13:39:25',NULL,'dd','LEFT'),
	(160,'2015-02-13 13:39:06','2015-02-13 13:39:25','2015-02-13 13:39:25',159,'ee','RIGHT'),
	(161,'2015-02-13 13:39:06','2015-02-13 13:39:25','2015-02-13 13:39:25',159,'ff','RIGHT'),
	(162,'2015-02-13 13:39:06','2015-02-13 13:39:25','2015-02-13 13:39:25',159,'ghj','RIGHT'),
	(163,'2015-02-13 13:39:06','2015-02-13 13:39:25','2015-02-13 13:39:25',NULL,'gg','LEFT'),
	(164,'2015-02-13 13:39:06','2015-02-13 13:39:25','2015-02-13 13:39:25',163,'hh','RIGHT'),
	(165,'2015-02-13 13:39:25','2015-02-13 13:39:41','2015-02-13 13:39:41',NULL,'aa','LEFT'),
	(166,'2015-02-13 13:39:26','2015-02-13 13:39:41','2015-02-13 13:39:41',165,'bb','RIGHT'),
	(167,'2015-02-13 13:39:26','2015-02-13 13:39:41','2015-02-13 13:39:41',165,'cc','RIGHT'),
	(168,'2015-02-13 13:39:26','2015-02-13 13:39:41','2015-02-13 13:39:41',165,'sfd','RIGHT'),
	(169,'2015-02-13 13:39:26','2015-02-13 13:39:41','2015-02-13 13:39:41',165,'','RIGHT'),
	(170,'2015-02-13 13:39:26','2015-02-13 13:39:41','2015-02-13 13:39:41',NULL,'dd','LEFT'),
	(171,'2015-02-13 13:39:26','2015-02-13 13:39:41','2015-02-13 13:39:41',170,'ee','RIGHT'),
	(172,'2015-02-13 13:39:26','2015-02-13 13:39:41','2015-02-13 13:39:41',170,'ff','RIGHT'),
	(173,'2015-02-13 13:39:26','2015-02-13 13:39:41','2015-02-13 13:39:41',170,'ghj','RIGHT'),
	(174,'2015-02-13 13:39:26','2015-02-13 13:39:41','2015-02-13 13:39:41',170,'','RIGHT'),
	(175,'2015-02-13 13:39:26','2015-02-13 13:39:41','2015-02-13 13:39:41',NULL,'gg','LEFT'),
	(176,'2015-02-13 13:39:26','2015-02-13 13:39:41','2015-02-13 13:39:41',175,'hh','RIGHT'),
	(177,'2015-02-13 13:39:26','2015-02-13 13:39:41','2015-02-13 13:39:41',175,'','RIGHT'),
	(178,'2015-02-13 13:39:41','2015-02-13 13:40:02','2015-02-13 13:40:02',NULL,'aa','LEFT'),
	(179,'2015-02-13 13:39:41','2015-02-13 13:40:02','2015-02-13 13:40:02',178,'bb','RIGHT'),
	(180,'2015-02-13 13:39:41','2015-02-13 13:40:02','2015-02-13 13:40:02',178,'cc','RIGHT'),
	(181,'2015-02-13 13:39:41','2015-02-13 13:40:02','2015-02-13 13:40:02',178,'sfd','RIGHT'),
	(182,'2015-02-13 13:39:41','2015-02-13 13:40:02','2015-02-13 13:40:02',NULL,'dd','LEFT'),
	(183,'2015-02-13 13:39:41','2015-02-13 13:40:02','2015-02-13 13:40:02',182,'ee','RIGHT'),
	(184,'2015-02-13 13:39:41','2015-02-13 13:40:02','2015-02-13 13:40:02',182,'ff','RIGHT'),
	(185,'2015-02-13 13:39:41','2015-02-13 13:40:02','2015-02-13 13:40:02',182,'ghj','RIGHT'),
	(186,'2015-02-13 13:39:41','2015-02-13 13:40:02','2015-02-13 13:40:02',NULL,'gg','LEFT'),
	(187,'2015-02-13 13:39:41','2015-02-13 13:40:02','2015-02-13 13:40:02',186,'hh','RIGHT'),
	(188,'2015-02-13 13:40:02','2015-02-13 13:41:42','2015-02-13 13:41:42',NULL,'aa','LEFT'),
	(189,'2015-02-13 13:40:02','2015-02-13 13:41:42','2015-02-13 13:41:42',188,'bb','RIGHT'),
	(190,'2015-02-13 13:40:02','2015-02-13 13:41:42','2015-02-13 13:41:42',188,'cc','RIGHT'),
	(191,'2015-02-13 13:40:02','2015-02-13 13:41:42','2015-02-13 13:41:42',188,'sfd','RIGHT'),
	(192,'2015-02-13 13:40:02','2015-02-13 13:41:42','2015-02-13 13:41:42',NULL,'dd','LEFT'),
	(193,'2015-02-13 13:40:02','2015-02-13 13:41:42','2015-02-13 13:41:42',192,'ee','RIGHT'),
	(194,'2015-02-13 13:40:02','2015-02-13 13:41:42','2015-02-13 13:41:42',192,'ff','RIGHT'),
	(195,'2015-02-13 13:40:03','2015-02-13 13:41:42','2015-02-13 13:41:42',192,'ghj','RIGHT'),
	(196,'2015-02-13 13:40:03','2015-02-13 13:41:42','2015-02-13 13:41:42',NULL,'gg','LEFT'),
	(197,'2015-02-13 13:40:03','2015-02-13 13:41:42','2015-02-13 13:41:42',196,'hh','RIGHT'),
	(198,'2015-02-13 13:41:42','2015-02-13 13:42:17','2015-02-13 13:42:17',NULL,'aa','LEFT'),
	(199,'2015-02-13 13:41:42','2015-02-13 13:42:17','2015-02-13 13:42:17',198,'bb','RIGHT'),
	(200,'2015-02-13 13:41:42','2015-02-13 13:42:17','2015-02-13 13:42:17',198,'cc','RIGHT'),
	(201,'2015-02-13 13:41:42','2015-02-13 13:42:17','2015-02-13 13:42:17',198,'sfd','RIGHT'),
	(202,'2015-02-13 13:41:42','2015-02-13 13:42:17','2015-02-13 13:42:17',NULL,'dd','LEFT'),
	(203,'2015-02-13 13:41:42','2015-02-13 13:42:17','2015-02-13 13:42:17',202,'ee','RIGHT'),
	(204,'2015-02-13 13:41:42','2015-02-13 13:42:17','2015-02-13 13:42:17',202,'ff','RIGHT'),
	(205,'2015-02-13 13:41:42','2015-02-13 13:42:17','2015-02-13 13:42:17',202,'ghj','RIGHT'),
	(206,'2015-02-13 13:41:42','2015-02-13 13:42:17','2015-02-13 13:42:17',NULL,'gg','LEFT'),
	(207,'2015-02-13 13:41:42','2015-02-13 13:42:17','2015-02-13 13:42:17',206,'hh','RIGHT'),
	(208,'2015-02-13 13:42:17','2015-02-13 13:43:35','2015-02-13 13:43:35',NULL,'aa','LEFT'),
	(209,'2015-02-13 13:42:17','2015-02-13 13:43:35','2015-02-13 13:43:35',208,'bb','RIGHT'),
	(210,'2015-02-13 13:42:17','2015-02-13 13:43:35','2015-02-13 13:43:35',208,'cc','RIGHT'),
	(211,'2015-02-13 13:42:17','2015-02-13 13:43:35','2015-02-13 13:43:35',208,'sfd','RIGHT'),
	(212,'2015-02-13 13:42:18','2015-02-13 13:43:35','2015-02-13 13:43:35',NULL,'dd','LEFT'),
	(213,'2015-02-13 13:42:18','2015-02-13 13:43:35','2015-02-13 13:43:35',212,'ee','RIGHT'),
	(214,'2015-02-13 13:42:18','2015-02-13 13:43:35','2015-02-13 13:43:35',212,'ff','RIGHT'),
	(215,'2015-02-13 13:42:18','2015-02-13 13:43:35','2015-02-13 13:43:35',212,'ghj','RIGHT'),
	(216,'2015-02-13 13:42:18','2015-02-13 13:43:35','2015-02-13 13:43:35',NULL,'gg','LEFT'),
	(217,'2015-02-13 13:42:18','2015-02-13 13:43:35','2015-02-13 13:43:35',216,'hh','RIGHT'),
	(218,'2015-02-13 13:42:18','2015-02-13 13:43:35','2015-02-13 13:43:35',216,'kk','RIGHT'),
	(219,'2015-02-13 13:43:35','2015-02-13 13:43:59','2015-02-13 13:43:59',NULL,'aa','LEFT'),
	(220,'2015-02-13 13:43:35','2015-02-13 13:43:59','2015-02-13 13:43:59',NULL,'dd','LEFT'),
	(221,'2015-02-13 13:43:35','2015-02-13 13:43:59','2015-02-13 13:43:59',NULL,'gg','LEFT'),
	(222,'2015-02-13 13:43:59','2015-02-13 13:44:15','2015-02-13 13:44:15',NULL,'aa','LEFT'),
	(223,'2015-02-13 13:43:59','2015-02-13 13:44:15','2015-02-13 13:44:15',222,'11','RIGHT'),
	(224,'2015-02-13 13:43:59','2015-02-13 13:44:15','2015-02-13 13:44:15',222,'22','RIGHT'),
	(225,'2015-02-13 13:43:59','2015-02-13 13:44:15','2015-02-13 13:44:15',222,'33','RIGHT'),
	(226,'2015-02-13 13:43:59','2015-02-13 13:44:15','2015-02-13 13:44:15',NULL,'dd','LEFT'),
	(227,'2015-02-13 13:43:59','2015-02-13 13:44:15','2015-02-13 13:44:15',226,'44','RIGHT'),
	(228,'2015-02-13 13:43:59','2015-02-13 13:44:15','2015-02-13 13:44:15',226,'55','RIGHT'),
	(229,'2015-02-13 13:43:59','2015-02-13 13:44:15','2015-02-13 13:44:15',226,'66','RIGHT'),
	(230,'2015-02-13 13:43:59','2015-02-13 13:44:15','2015-02-13 13:44:15',NULL,'gg','LEFT'),
	(231,'2015-02-13 13:43:59','2015-02-13 13:44:15','2015-02-13 13:44:15',230,'77','RIGHT'),
	(232,'2015-02-13 13:44:00','2015-02-13 13:44:15','2015-02-13 13:44:15',230,'88','RIGHT'),
	(233,'2015-02-13 13:44:00','2015-02-13 13:44:15','2015-02-13 13:44:15',230,'99','RIGHT'),
	(234,'2015-02-13 13:44:15','2015-02-13 13:45:15','2015-02-13 13:45:15',NULL,'aa','LEFT'),
	(235,'2015-02-13 13:44:15','2015-02-13 13:45:15','2015-02-13 13:45:15',234,'11','RIGHT'),
	(236,'2015-02-13 13:44:15','2015-02-13 13:45:15','2015-02-13 13:45:15',234,'22','RIGHT'),
	(237,'2015-02-13 13:44:15','2015-02-13 13:45:15','2015-02-13 13:45:15',234,'33','RIGHT'),
	(238,'2015-02-13 13:44:15','2015-02-13 13:45:15','2015-02-13 13:45:15',NULL,'11','LEFT'),
	(239,'2015-02-13 13:44:15','2015-02-13 13:45:15','2015-02-13 13:45:15',238,'12','RIGHT'),
	(240,'2015-02-13 13:44:15','2015-02-13 13:45:15','2015-02-13 13:45:15',238,'13','RIGHT'),
	(241,'2015-02-13 13:44:15','2015-02-13 13:45:15','2015-02-13 13:45:15',238,'14','RIGHT'),
	(242,'2015-02-13 13:44:16','2015-02-13 13:45:15','2015-02-13 13:45:15',NULL,'dd','LEFT'),
	(243,'2015-02-13 13:44:16','2015-02-13 13:45:15','2015-02-13 13:45:15',242,'44','RIGHT'),
	(244,'2015-02-13 13:44:16','2015-02-13 13:45:15','2015-02-13 13:45:15',242,'55','RIGHT'),
	(245,'2015-02-13 13:44:16','2015-02-13 13:45:15','2015-02-13 13:45:15',242,'66','RIGHT'),
	(246,'2015-02-13 13:44:16','2015-02-13 13:45:15','2015-02-13 13:45:15',NULL,'gg','LEFT'),
	(247,'2015-02-13 13:44:16','2015-02-13 13:45:15','2015-02-13 13:45:15',246,'77','RIGHT'),
	(248,'2015-02-13 13:44:16','2015-02-13 13:45:15','2015-02-13 13:45:15',246,'88','RIGHT'),
	(249,'2015-02-13 13:44:16','2015-02-13 13:45:15','2015-02-13 13:45:15',246,'99','RIGHT'),
	(250,'2015-02-13 13:45:15','2015-02-13 13:45:15',NULL,NULL,'aa','LEFT'),
	(251,'2015-02-13 13:45:15','2015-02-13 13:45:15',NULL,250,'11','RIGHT'),
	(252,'2015-02-13 13:45:15','2015-02-13 13:45:15',NULL,250,'22','RIGHT'),
	(253,'2015-02-13 13:45:15','2015-02-13 13:45:15',NULL,250,'33','RIGHT'),
	(254,'2015-02-13 13:45:15','2015-02-13 13:45:15',NULL,NULL,'11','LEFT'),
	(255,'2015-02-13 13:45:15','2015-02-13 13:45:15',NULL,254,'12','RIGHT'),
	(256,'2015-02-13 13:45:15','2015-02-13 13:45:15',NULL,254,'13','RIGHT'),
	(257,'2015-02-13 13:45:15','2015-02-13 13:45:15',NULL,254,'14','RIGHT'),
	(258,'2015-02-13 13:45:15','2015-02-13 13:45:15',NULL,NULL,'dd','LEFT'),
	(259,'2015-02-13 13:45:15','2015-02-13 13:45:15',NULL,258,'44','RIGHT'),
	(260,'2015-02-13 13:45:16','2015-02-13 13:45:16',NULL,258,'55','RIGHT'),
	(261,'2015-02-13 13:45:16','2015-02-13 13:45:16',NULL,258,'66','RIGHT'),
	(262,'2015-02-13 13:45:48','2015-02-13 13:45:48',NULL,NULL,'1','LEFT'),
	(263,'2015-02-13 13:45:48','2015-02-13 13:45:48',NULL,262,'2','RIGHT'),
	(264,'2015-02-13 13:45:48','2015-02-13 13:45:48',NULL,262,'3','RIGHT'),
	(265,'2015-02-13 13:45:48','2015-02-13 13:45:48',NULL,NULL,'4','LEFT'),
	(266,'2015-02-13 13:45:48','2015-02-13 13:45:48',NULL,265,'5','RIGHT'),
	(267,'2015-02-13 13:45:48','2015-02-13 13:45:48',NULL,265,'6','RIGHT'),
	(268,'2015-02-13 13:45:48','2015-02-13 13:45:48',NULL,NULL,'7','LEFT'),
	(269,'2015-02-13 13:45:48','2015-02-13 13:45:48',NULL,268,'8','RIGHT'),
	(270,'2015-02-13 13:45:48','2015-02-13 13:45:48',NULL,268,'9','RIGHT'),
	(271,'2015-02-13 13:45:48','2015-02-13 13:45:48',NULL,NULL,'10','LEFT'),
	(272,'2015-02-13 13:45:48','2015-02-13 13:45:48',NULL,271,'11','RIGHT'),
	(273,'2015-02-13 13:45:48','2015-02-13 13:45:48',NULL,271,'12','RIGHT'),
	(274,'2015-02-13 13:47:32','2015-02-13 13:48:31','2015-02-13 13:48:31',NULL,'1','LEFT'),
	(275,'2015-02-13 13:47:32','2015-02-13 13:48:31','2015-02-13 13:48:31',274,'2','RIGHT'),
	(276,'2015-02-13 13:47:32','2015-02-13 13:48:31','2015-02-13 13:48:31',274,'3','RIGHT'),
	(277,'2015-02-13 13:47:32','2015-02-13 13:48:31','2015-02-13 13:48:31',NULL,'4','LEFT'),
	(278,'2015-02-13 13:47:32','2015-02-13 13:48:31','2015-02-13 13:48:31',277,'5','RIGHT'),
	(279,'2015-02-13 13:47:32','2015-02-13 13:48:31','2015-02-13 13:48:31',277,'6','RIGHT'),
	(280,'2015-02-13 13:48:31','2015-02-13 13:48:46','2015-02-13 13:48:46',NULL,'1','LEFT'),
	(281,'2015-02-13 13:48:31','2015-02-13 13:48:46','2015-02-13 13:48:46',280,'2','RIGHT'),
	(282,'2015-02-13 13:48:31','2015-02-13 13:48:46','2015-02-13 13:48:46',280,'3','RIGHT'),
	(283,'2015-02-13 13:48:31','2015-02-13 13:48:46','2015-02-13 13:48:46',NULL,'7','LEFT'),
	(284,'2015-02-13 13:48:31','2015-02-13 13:48:46','2015-02-13 13:48:46',283,'8','RIGHT'),
	(285,'2015-02-13 13:48:31','2015-02-13 13:48:46','2015-02-13 13:48:46',283,'9','RIGHT'),
	(286,'2015-02-13 13:48:32','2015-02-13 13:48:46','2015-02-13 13:48:46',NULL,'4','LEFT'),
	(287,'2015-02-13 13:48:32','2015-02-13 13:48:46','2015-02-13 13:48:46',286,'5','RIGHT'),
	(288,'2015-02-13 13:48:32','2015-02-13 13:48:46','2015-02-13 13:48:46',286,'6','RIGHT'),
	(289,'2015-02-13 13:48:46','2015-02-13 13:49:08','2015-02-13 13:49:08',NULL,'1','LEFT'),
	(290,'2015-02-13 13:48:46','2015-02-13 13:49:08','2015-02-13 13:49:08',289,'2','RIGHT'),
	(291,'2015-02-13 13:48:46','2015-02-13 13:49:08','2015-02-13 13:49:08',289,'3','RIGHT'),
	(292,'2015-02-13 13:48:46','2015-02-13 13:49:08','2015-02-13 13:49:08',NULL,'10','LEFT'),
	(293,'2015-02-13 13:48:46','2015-02-13 13:49:08','2015-02-13 13:49:08',292,'11','RIGHT'),
	(294,'2015-02-13 13:48:46','2015-02-13 13:49:08','2015-02-13 13:49:08',292,'12','RIGHT'),
	(295,'2015-02-13 13:48:46','2015-02-13 13:49:08','2015-02-13 13:49:08',NULL,'7','LEFT'),
	(296,'2015-02-13 13:48:46','2015-02-13 13:49:08','2015-02-13 13:49:08',295,'8','RIGHT'),
	(297,'2015-02-13 13:48:46','2015-02-13 13:49:08','2015-02-13 13:49:08',295,'9','RIGHT'),
	(298,'2015-02-13 13:48:46','2015-02-13 13:49:08','2015-02-13 13:49:08',NULL,'4','LEFT'),
	(299,'2015-02-13 13:48:46','2015-02-13 13:49:08','2015-02-13 13:49:08',298,'5','RIGHT'),
	(300,'2015-02-13 13:48:47','2015-02-13 13:49:08','2015-02-13 13:49:08',298,'6','RIGHT'),
	(301,'2015-02-13 13:49:09','2015-02-13 13:49:26','2015-02-13 13:49:26',NULL,'1','LEFT'),
	(302,'2015-02-13 13:49:09','2015-02-13 13:49:26','2015-02-13 13:49:26',301,'2','RIGHT'),
	(303,'2015-02-13 13:49:09','2015-02-13 13:49:26','2015-02-13 13:49:26',301,'3','RIGHT'),
	(304,'2015-02-13 13:49:09','2015-02-13 13:49:26','2015-02-13 13:49:26',NULL,'10','LEFT'),
	(305,'2015-02-13 13:49:09','2015-02-13 13:49:26','2015-02-13 13:49:26',304,'11','RIGHT'),
	(306,'2015-02-13 13:49:09','2015-02-13 13:49:26','2015-02-13 13:49:26',304,'12','RIGHT'),
	(307,'2015-02-13 13:49:09','2015-02-13 13:49:26','2015-02-13 13:49:26',NULL,'7','LEFT'),
	(308,'2015-02-13 13:49:09','2015-02-13 13:49:26','2015-02-13 13:49:26',307,'8','RIGHT'),
	(309,'2015-02-13 13:49:09','2015-02-13 13:49:26','2015-02-13 13:49:26',307,'9','RIGHT'),
	(310,'2015-02-13 13:49:09','2015-02-13 13:49:26','2015-02-13 13:49:26',NULL,'4','LEFT'),
	(311,'2015-02-13 13:49:09','2015-02-13 13:49:26','2015-02-13 13:49:26',310,'66','RIGHT'),
	(312,'2015-02-13 13:49:26','2015-02-13 13:49:57','2015-02-13 13:49:57',NULL,'1','LEFT'),
	(313,'2015-02-13 13:49:26','2015-02-13 13:49:57','2015-02-13 13:49:57',312,'2','RIGHT'),
	(314,'2015-02-13 13:49:26','2015-02-13 13:49:57','2015-02-13 13:49:57',312,'3','RIGHT'),
	(315,'2015-02-13 13:49:26','2015-02-13 13:49:57','2015-02-13 13:49:57',NULL,'10','LEFT'),
	(316,'2015-02-13 13:49:26','2015-02-13 13:49:57','2015-02-13 13:49:57',315,'11','RIGHT'),
	(317,'2015-02-13 13:49:26','2015-02-13 13:49:57','2015-02-13 13:49:57',315,'12','RIGHT'),
	(318,'2015-02-13 13:49:26','2015-02-13 13:49:57','2015-02-13 13:49:57',NULL,'7','LEFT'),
	(319,'2015-02-13 13:49:26','2015-02-13 13:49:57','2015-02-13 13:49:57',318,'8','RIGHT'),
	(320,'2015-02-13 13:49:26','2015-02-13 13:49:57','2015-02-13 13:49:57',318,'9','RIGHT'),
	(321,'2015-02-13 13:49:26','2015-02-13 13:49:57','2015-02-13 13:49:57',NULL,'4','LEFT'),
	(322,'2015-02-13 13:49:27','2015-02-13 13:49:57','2015-02-13 13:49:57',321,'66','RIGHT'),
	(323,'2015-02-13 13:49:57','2015-02-13 13:51:55','2015-02-13 13:51:55',NULL,'1','LEFT'),
	(324,'2015-02-13 13:49:57','2015-02-13 13:51:55','2015-02-13 13:51:55',323,'2','RIGHT'),
	(325,'2015-02-13 13:49:57','2015-02-13 13:51:55','2015-02-13 13:51:55',323,'3','RIGHT'),
	(326,'2015-02-13 13:49:57','2015-02-13 13:51:55','2015-02-13 13:51:55',NULL,'10','LEFT'),
	(327,'2015-02-13 13:49:57','2015-02-13 13:51:55','2015-02-13 13:51:55',326,'11','RIGHT'),
	(328,'2015-02-13 13:49:57','2015-02-13 13:51:55','2015-02-13 13:51:55',326,'12','RIGHT'),
	(329,'2015-02-13 13:49:57','2015-02-13 13:51:55','2015-02-13 13:51:55',NULL,'7','LEFT'),
	(330,'2015-02-13 13:49:58','2015-02-13 13:51:55','2015-02-13 13:51:55',329,'8','RIGHT'),
	(331,'2015-02-13 13:49:58','2015-02-13 13:51:55','2015-02-13 13:51:55',329,'9','RIGHT'),
	(332,'2015-02-13 13:51:55','2015-02-13 13:52:00','2015-02-13 13:52:00',NULL,'1','LEFT'),
	(333,'2015-02-13 13:51:55','2015-02-13 13:52:00','2015-02-13 13:52:00',332,'2','RIGHT'),
	(334,'2015-02-13 13:51:55','2015-02-13 13:52:00','2015-02-13 13:52:00',332,'3','RIGHT'),
	(335,'2015-02-13 13:51:55','2015-02-13 13:52:00','2015-02-13 13:52:00',NULL,'10','LEFT'),
	(336,'2015-02-13 13:51:55','2015-02-13 13:52:00','2015-02-13 13:52:00',335,'11','RIGHT'),
	(337,'2015-02-13 13:51:55','2015-02-13 13:52:00','2015-02-13 13:52:00',335,'12','RIGHT'),
	(338,'2015-02-13 13:51:55','2015-02-13 13:52:00','2015-02-13 13:52:00',NULL,'7','LEFT'),
	(339,'2015-02-13 13:51:55','2015-02-13 13:52:00','2015-02-13 13:52:00',338,'8','RIGHT'),
	(340,'2015-02-13 13:51:55','2015-02-13 13:52:00','2015-02-13 13:52:00',338,'9','RIGHT'),
	(341,'2015-02-13 13:52:00','2015-02-13 13:52:00',NULL,NULL,'1','LEFT'),
	(342,'2015-02-13 13:52:00','2015-02-13 13:52:00',NULL,341,'2','RIGHT'),
	(343,'2015-02-13 13:52:00','2015-02-13 13:52:00',NULL,341,'3','RIGHT'),
	(344,'2015-02-13 13:52:00','2015-02-13 13:52:00',NULL,NULL,'10','LEFT'),
	(345,'2015-02-13 13:52:01','2015-02-13 13:52:01',NULL,344,'11','RIGHT'),
	(346,'2015-02-13 13:52:01','2015-02-13 13:52:01',NULL,344,'12','RIGHT'),
	(347,'2015-02-13 13:52:01','2015-02-13 13:52:01',NULL,NULL,'7','LEFT'),
	(348,'2015-02-13 13:52:01','2015-02-13 13:52:01',NULL,347,'8','RIGHT'),
	(349,'2015-02-13 13:52:01','2015-02-13 13:52:01',NULL,347,'9','RIGHT'),
	(350,'2015-02-14 08:32:53','2015-02-14 08:47:00','2015-02-14 08:47:00',NULL,'a','LEFT'),
	(351,'2015-02-14 08:32:53','2015-02-14 08:47:00','2015-02-14 08:47:00',350,'b','RIGHT'),
	(352,'2015-02-14 08:32:54','2015-02-14 08:47:00','2015-02-14 08:47:00',350,'c','RIGHT'),
	(353,'2015-02-14 08:32:54','2015-02-14 08:47:00','2015-02-14 08:47:00',NULL,'d','LEFT'),
	(354,'2015-02-14 08:32:54','2015-02-14 08:47:00','2015-02-14 08:47:00',353,'e','RIGHT'),
	(355,'2015-02-14 08:32:54','2015-02-14 08:47:00','2015-02-14 08:47:00',353,'f','RIGHT'),
	(356,'2015-02-14 08:32:54','2015-02-14 08:47:00','2015-02-14 08:47:00',NULL,'g','LEFT'),
	(357,'2015-02-14 08:32:54','2015-02-14 08:47:00','2015-02-14 08:47:00',356,'h','RIGHT'),
	(358,'2015-02-14 08:32:54','2015-02-14 08:47:00','2015-02-14 08:47:00',356,'i','RIGHT'),
	(359,'2015-02-14 08:32:54','2015-02-14 08:47:00','2015-02-14 08:47:00',NULL,'j','LEFT'),
	(360,'2015-02-14 08:32:54','2015-02-14 08:47:00','2015-02-14 08:47:00',359,'k','RIGHT'),
	(361,'2015-02-14 08:32:54','2015-02-14 08:47:00','2015-02-14 08:47:00',359,'l','RIGHT'),
	(362,'2015-02-14 08:47:00','2015-02-14 08:47:13','2015-02-14 08:47:13',NULL,'a','LEFT'),
	(363,'2015-02-14 08:47:00','2015-02-14 08:47:13','2015-02-14 08:47:13',362,'b','RIGHT'),
	(364,'2015-02-14 08:47:00','2015-02-14 08:47:13','2015-02-14 08:47:13',362,'c','RIGHT'),
	(365,'2015-02-14 08:47:00','2015-02-14 08:47:13','2015-02-14 08:47:13',362,'EWhaa','RIGHT'),
	(366,'2015-02-14 08:47:00','2015-02-14 08:47:13','2015-02-14 08:47:13',NULL,'d','LEFT'),
	(367,'2015-02-14 08:47:00','2015-02-14 08:47:13','2015-02-14 08:47:13',366,'e','RIGHT'),
	(368,'2015-02-14 08:47:00','2015-02-14 08:47:13','2015-02-14 08:47:13',366,'f','RIGHT'),
	(369,'2015-02-14 08:47:00','2015-02-14 08:47:13','2015-02-14 08:47:13',NULL,'g','LEFT'),
	(370,'2015-02-14 08:47:00','2015-02-14 08:47:13','2015-02-14 08:47:13',369,'h','RIGHT'),
	(371,'2015-02-14 08:47:00','2015-02-14 08:47:13','2015-02-14 08:47:13',369,'i','RIGHT'),
	(372,'2015-02-14 08:47:00','2015-02-14 08:47:13','2015-02-14 08:47:13',NULL,'j','LEFT'),
	(373,'2015-02-14 08:47:00','2015-02-14 08:47:13','2015-02-14 08:47:13',372,'k','RIGHT'),
	(374,'2015-02-14 08:47:00','2015-02-14 08:47:13','2015-02-14 08:47:13',372,'l','RIGHT'),
	(375,'2015-02-14 08:47:13','2015-02-14 08:47:13',NULL,NULL,'a','LEFT'),
	(376,'2015-02-14 08:47:13','2015-02-14 08:47:13',NULL,375,'b','RIGHT'),
	(377,'2015-02-14 08:47:13','2015-02-14 08:47:13',NULL,375,'c','RIGHT'),
	(378,'2015-02-14 08:47:13','2015-02-14 08:47:13',NULL,NULL,'d','LEFT'),
	(379,'2015-02-14 08:47:13','2015-02-14 08:47:13',NULL,378,'e','RIGHT'),
	(380,'2015-02-14 08:47:13','2015-02-14 08:47:13',NULL,378,'f','RIGHT'),
	(381,'2015-02-14 08:47:14','2015-02-14 08:47:14',NULL,NULL,'g','LEFT'),
	(382,'2015-02-14 08:47:14','2015-02-14 08:47:14',NULL,381,'h','RIGHT'),
	(383,'2015-02-14 08:47:14','2015-02-14 08:47:14',NULL,381,'i','RIGHT'),
	(384,'2015-02-14 09:46:45','2015-02-14 09:46:45',NULL,NULL,'a','LEFT'),
	(385,'2015-02-14 09:46:45','2015-02-14 09:46:45',NULL,384,'b','RIGHT'),
	(386,'2015-02-14 09:46:45','2015-02-14 09:46:45',NULL,NULL,'c','LEFT'),
	(387,'2015-02-14 09:46:45','2015-02-14 09:46:45',NULL,386,'d','RIGHT'),
	(388,'2015-02-14 09:46:45','2015-02-14 09:46:45',NULL,NULL,'e','LEFT'),
	(389,'2015-02-14 09:46:45','2015-02-14 09:46:45',NULL,388,'f','RIGHT'),
	(390,'2015-02-14 09:47:06','2015-02-14 09:47:06',NULL,NULL,'a','LEFT'),
	(391,'2015-02-14 09:47:06','2015-02-14 09:47:06',NULL,390,'b','RIGHT'),
	(392,'2015-02-14 09:47:06','2015-02-14 09:47:06',NULL,390,'c','RIGHT'),
	(393,'2015-02-14 09:47:06','2015-02-14 09:47:06',NULL,NULL,'d','LEFT'),
	(394,'2015-02-14 09:47:07','2015-02-14 09:47:07',NULL,393,'e','RIGHT'),
	(395,'2015-02-14 09:47:07','2015-02-14 09:47:07',NULL,393,'f','RIGHT'),
	(396,'2015-02-14 09:47:07','2015-02-14 09:47:07',NULL,NULL,'g','LEFT'),
	(397,'2015-02-14 09:47:07','2015-02-14 09:47:07',NULL,396,'h','RIGHT'),
	(398,'2015-02-14 09:47:07','2015-02-14 09:47:07',NULL,396,'i','RIGHT'),
	(399,'2015-02-14 15:45:49','2015-02-14 15:45:49',NULL,NULL,'Elif','LEFT'),
	(400,'2015-02-14 15:45:49','2015-02-14 15:45:49',NULL,399,'A','RIGHT'),
	(401,'2015-02-14 15:45:49','2015-02-14 15:45:49',NULL,NULL,'Thé','LEFT'),
	(402,'2015-02-14 15:45:49','2015-02-14 15:45:49',NULL,401,'B','RIGHT'),
	(403,'2015-02-14 15:45:49','2015-02-14 15:45:49',NULL,NULL,'Béh','LEFT'),
	(404,'2015-02-14 15:45:49','2015-02-14 15:45:49',NULL,403,'C','RIGHT'),
	(405,'2015-02-14 15:48:06','2015-02-14 15:48:06',NULL,NULL,'Links','LEFT'),
	(406,'2015-02-14 15:48:06','2015-02-14 15:48:06',NULL,405,'Rechts','RIGHT'),
	(407,'2015-02-14 15:48:06','2015-02-14 15:48:06',NULL,NULL,'Groot','LEFT'),
	(408,'2015-02-14 15:48:06','2015-02-14 15:48:06',NULL,407,'Klein','RIGHT'),
	(409,'2015-02-14 15:48:06','2015-02-14 15:48:06',NULL,NULL,'Lief','LEFT'),
	(410,'2015-02-14 15:48:06','2015-02-14 15:48:06',NULL,409,'Stout','RIGHT'),
	(411,'2015-02-14 15:48:07','2015-02-14 15:48:07',NULL,NULL,'Sterk','LEFT'),
	(412,'2015-02-14 15:48:07','2015-02-14 15:48:07',NULL,411,'Zwak','RIGHT'),
	(413,'2015-02-14 15:48:07','2015-02-14 15:48:07',NULL,NULL,'Gezond','LEFT'),
	(414,'2015-02-14 15:48:07','2015-02-14 15:48:07',NULL,413,'Ziek','RIGHT'),
	(415,'2015-02-14 15:48:07','2015-02-14 15:48:07',NULL,NULL,'Licht','LEFT'),
	(416,'2015-02-14 15:48:07','2015-02-14 15:48:07',NULL,415,'Donker','RIGHT'),
	(417,'2015-02-14 15:49:56','2015-02-14 15:49:56',NULL,NULL,'Zwart','LEFT'),
	(418,'2015-02-14 15:49:56','2015-02-14 15:49:56',NULL,417,'Dood','RIGHT'),
	(419,'2015-02-14 15:49:56','2015-02-14 15:49:56',NULL,417,'Immigrant','RIGHT'),
	(420,'2015-02-14 15:49:56','2015-02-14 15:49:56',NULL,417,'Donker','RIGHT'),
	(421,'2015-02-14 15:49:56','2015-02-14 15:49:56',NULL,NULL,'Wit','LEFT'),
	(422,'2015-02-14 15:49:56','2015-02-14 15:49:56',NULL,421,'Leven','RIGHT'),
	(423,'2015-02-14 15:49:56','2015-02-14 15:49:56',NULL,421,'Emigrant','RIGHT'),
	(424,'2015-02-14 15:49:56','2015-02-14 15:49:56',NULL,421,'Licht','RIGHT'),
	(425,'2015-02-14 15:49:57','2015-02-14 15:49:57',NULL,NULL,'Zwart','LEFT'),
	(426,'2015-02-14 15:49:57','2015-02-14 15:49:57',NULL,425,'Dood','RIGHT'),
	(427,'2015-02-14 15:49:57','2015-02-14 15:49:57',NULL,425,'Immigrant','RIGHT'),
	(428,'2015-02-14 15:49:57','2015-02-14 15:49:57',NULL,425,'Donker','RIGHT'),
	(429,'2015-02-14 15:49:57','2015-02-14 15:49:57',NULL,NULL,'Wit','LEFT'),
	(430,'2015-02-14 15:49:57','2015-02-14 15:49:57',NULL,429,'Leven','RIGHT'),
	(431,'2015-02-14 15:49:57','2015-02-14 15:49:57',NULL,429,'Emigrant','RIGHT'),
	(432,'2015-02-14 15:49:57','2015-02-14 15:49:57',NULL,429,'Licht','RIGHT'),
	(433,'2015-02-16 06:49:51','2015-02-16 06:49:51',NULL,NULL,'a','LEFT'),
	(434,'2015-02-16 06:49:51','2015-02-16 06:49:51',NULL,433,'b','RIGHT'),
	(435,'2015-02-16 06:49:51','2015-02-16 06:49:51',NULL,433,'c','RIGHT'),
	(436,'2015-02-16 06:49:51','2015-02-16 06:49:51',NULL,433,'d','RIGHT'),
	(437,'2015-02-16 06:49:51','2015-02-16 06:49:51',NULL,NULL,'e','LEFT'),
	(438,'2015-02-16 06:49:51','2015-02-16 06:49:51',NULL,437,'f','RIGHT'),
	(439,'2015-02-16 06:49:51','2015-02-16 06:49:51',NULL,437,'g','RIGHT'),
	(440,'2015-02-16 06:49:51','2015-02-16 06:49:51',NULL,437,'h','RIGHT'),
	(441,'2015-02-16 06:49:52','2015-02-16 06:49:52',NULL,NULL,'i','LEFT'),
	(442,'2015-02-16 06:49:52','2015-02-16 06:49:52',NULL,441,'j','RIGHT'),
	(443,'2015-02-16 06:49:52','2015-02-16 06:49:52',NULL,441,'k','RIGHT'),
	(444,'2015-02-16 06:49:52','2015-02-16 06:49:52',NULL,441,'l','RIGHT'),
	(445,'2015-02-17 16:20:51','2015-02-17 16:20:51',NULL,NULL,'Links','LEFT'),
	(446,'2015-02-17 16:20:51','2015-02-17 16:20:51',NULL,445,'Links','RIGHT'),
	(447,'2015-02-17 16:20:51','2015-02-17 16:20:51',NULL,NULL,'Rechts','LEFT'),
	(448,'2015-02-17 16:20:51','2015-02-17 16:20:51',NULL,447,'Rechts','RIGHT'),
	(449,'2015-02-17 16:21:10','2015-02-17 16:21:10',NULL,NULL,'Links','LEFT'),
	(450,'2015-02-17 16:21:10','2015-02-17 16:21:10',NULL,449,'Links','RIGHT'),
	(451,'2015-02-17 16:21:10','2015-02-17 16:21:10',NULL,NULL,'Rechts','LEFT'),
	(452,'2015-02-17 16:21:10','2015-02-17 16:21:10',NULL,451,'Rechts','RIGHT'),
	(453,'2015-02-17 16:37:16','2015-02-17 16:37:16',NULL,NULL,'Links','LEFT'),
	(454,'2015-02-17 16:37:16','2015-02-17 16:37:16',NULL,453,'Links','RIGHT'),
	(455,'2015-02-17 16:37:16','2015-02-17 16:37:16',NULL,NULL,'Rechts','LEFT'),
	(456,'2015-02-17 16:37:16','2015-02-17 16:37:16',NULL,455,'Rechts','RIGHT'),
	(457,'2015-02-17 16:37:16','2015-02-17 16:37:16',NULL,NULL,'Links','LEFT'),
	(458,'2015-02-17 16:37:16','2015-02-17 16:37:16',NULL,457,'Links','RIGHT'),
	(459,'2015-02-17 16:37:16','2015-02-17 16:37:16',NULL,NULL,'Rechts','LEFT'),
	(460,'2015-02-17 16:37:16','2015-02-17 16:37:16',NULL,459,'Rechts','RIGHT'),
	(461,'2015-03-03 12:48:32','2015-03-03 12:48:32',NULL,NULL,'Reizen naar het buitenland is van invloed op je eetgewoonten.','LEFT'),
	(462,'2015-03-03 12:48:32','2015-03-03 12:48:32',NULL,461,'Goed','RIGHT'),
	(463,'2015-03-03 12:48:32','2015-03-03 12:48:32',NULL,461,'Fout','RIGHT'),
	(464,'2015-03-03 12:48:33','2015-03-03 12:48:33',NULL,NULL,'Koolhydraten, vetten en voedingsvezels zijn voorbeelden van voedingsstoffen.','LEFT'),
	(465,'2015-03-03 12:48:33','2015-03-03 12:48:33',NULL,464,'Goed','RIGHT'),
	(466,'2015-03-03 12:48:33','2015-03-03 12:48:33',NULL,464,'Fout','RIGHT'),
	(467,'2015-03-03 12:48:33','2015-03-03 12:48:33',NULL,NULL,'Eiwitten, water en vitamines zijn voorbeelden van bouwstoffen.','LEFT'),
	(468,'2015-03-03 12:48:33','2015-03-03 12:48:33',NULL,467,'Goed','RIGHT'),
	(469,'2015-03-03 12:48:33','2015-03-03 12:48:33',NULL,467,'Fout','RIGHT'),
	(470,'2015-03-03 12:48:33','2015-03-03 12:48:33',NULL,NULL,'Eet je meer energierijke stoffen dan je lichaam nodig heeft dan slaat je lichaam het overschot op als vet.','LEFT'),
	(471,'2015-03-03 12:48:33','2015-03-03 12:48:33',NULL,470,'Goed','RIGHT'),
	(472,'2015-03-03 12:48:33','2015-03-03 12:48:33',NULL,470,'Fout','RIGHT'),
	(473,'2015-03-03 12:48:33','2015-03-03 12:48:33',NULL,NULL,'Als je niet meer groeit heb je toch bouwstoffen nodig.','LEFT'),
	(474,'2015-03-03 12:48:33','2015-03-03 12:48:33',NULL,473,'Goed','RIGHT'),
	(475,'2015-03-03 12:48:33','2015-03-03 12:48:33',NULL,473,'Fout','RIGHT'),
	(476,'2015-03-04 08:01:43','2015-03-04 08:02:01','2015-03-04 08:02:01',NULL,'a1','LEFT'),
	(477,'2015-03-04 08:01:43','2015-03-04 08:02:01','2015-03-04 08:02:01',476,'a2','RIGHT'),
	(478,'2015-03-04 08:01:43','2015-03-04 08:02:01','2015-03-04 08:02:01',NULL,'b','LEFT'),
	(479,'2015-03-04 08:01:43','2015-03-04 08:02:01','2015-03-04 08:02:01',478,'b2','RIGHT'),
	(480,'2015-03-04 08:01:43','2015-03-04 08:02:01','2015-03-04 08:02:01',NULL,'c','LEFT'),
	(481,'2015-03-04 08:01:43','2015-03-04 08:02:01','2015-03-04 08:02:01',480,'c2','RIGHT'),
	(482,'2015-03-04 08:02:01','2015-03-04 08:02:01',NULL,NULL,'a1','LEFT'),
	(483,'2015-03-04 08:02:01','2015-03-04 08:02:01',NULL,482,'a2','RIGHT'),
	(484,'2015-03-04 08:02:01','2015-03-04 08:02:01',NULL,NULL,'b','LEFT'),
	(485,'2015-03-04 08:02:01','2015-03-04 08:02:01',NULL,484,'b2','RIGHT'),
	(486,'2015-03-04 08:02:01','2015-03-04 08:02:01',NULL,NULL,'c','LEFT'),
	(487,'2015-03-04 08:02:01','2015-03-04 08:02:01',NULL,486,'c2','RIGHT'),
	(488,'2015-03-04 08:02:30','2015-03-04 08:02:30',NULL,NULL,'a','LEFT'),
	(489,'2015-03-04 08:02:30','2015-03-04 08:02:30',NULL,488,'a1','RIGHT'),
	(490,'2015-03-04 08:02:30','2015-03-04 08:02:30',NULL,488,'a2','RIGHT'),
	(491,'2015-03-04 08:02:30','2015-03-04 08:02:30',NULL,488,'a3','RIGHT'),
	(492,'2015-03-04 08:02:30','2015-03-04 08:02:30',NULL,NULL,'b','LEFT'),
	(493,'2015-03-04 08:02:30','2015-03-04 08:02:30',NULL,492,'b1','RIGHT'),
	(494,'2015-03-04 08:02:30','2015-03-04 08:02:30',NULL,492,'b2','RIGHT'),
	(495,'2015-03-04 08:02:30','2015-03-04 08:02:30',NULL,492,'b3','RIGHT'),
	(496,'2015-03-04 08:02:30','2015-03-04 08:02:30',NULL,NULL,'c','LEFT'),
	(497,'2015-03-04 08:02:30','2015-03-04 08:02:30',NULL,496,'c1','RIGHT'),
	(498,'2015-03-04 08:02:30','2015-03-04 08:02:30',NULL,496,'c2','RIGHT'),
	(499,'2015-03-04 08:02:30','2015-03-04 08:02:30',NULL,496,'c3','RIGHT'),
	(500,'2015-03-04 14:24:05','2015-03-04 14:24:05',NULL,NULL,'Reizen naar het buitenland is van invloed op je eetgewoonten.','LEFT'),
	(501,'2015-03-04 14:24:05','2015-03-04 14:24:05',NULL,500,'Goed','RIGHT'),
	(502,'2015-03-04 14:24:05','2015-03-04 14:24:05',NULL,500,'Fout','RIGHT'),
	(503,'2015-03-04 14:24:05','2015-03-04 14:24:05',NULL,NULL,'Koolhydraten, vetten en voedingsvezels zijn voorbeelden van voedingsstoffen.','LEFT'),
	(504,'2015-03-04 14:24:05','2015-03-04 14:24:05',NULL,503,'Goed','RIGHT'),
	(505,'2015-03-04 14:24:05','2015-03-04 14:24:05',NULL,503,'Fout','RIGHT'),
	(506,'2015-03-04 14:24:05','2015-03-04 14:24:05',NULL,NULL,'Eiwitten, water en vitamines zijn voorbeelden van bouwstoffen.','LEFT'),
	(507,'2015-03-04 14:24:05','2015-03-04 14:24:05',NULL,506,'Goed','RIGHT'),
	(508,'2015-03-04 14:24:05','2015-03-04 14:24:05',NULL,506,'Fout','RIGHT'),
	(509,'2015-03-04 14:24:05','2015-03-04 14:24:05',NULL,NULL,'Eet je meer energierijke stoffen dan je lichaam nodig heeft dan slaat je lichaam het overschot op als vet.','LEFT'),
	(510,'2015-03-04 14:24:05','2015-03-04 14:24:05',NULL,509,'Goed','RIGHT'),
	(511,'2015-03-04 14:24:05','2015-03-04 14:24:05',NULL,509,'Fout','RIGHT'),
	(512,'2015-03-04 14:24:05','2015-03-04 14:24:05',NULL,NULL,'Als je niet meer groeit heb je toch bouwstoffen nodig.','LEFT'),
	(513,'2015-03-04 14:24:05','2015-03-04 14:24:05',NULL,512,'Goed','RIGHT'),
	(514,'2015-03-04 14:24:05','2015-03-04 14:24:05',NULL,512,'Fout','RIGHT'),
	(515,'2015-03-05 20:42:53','2015-03-05 20:42:53',NULL,NULL,'Reizen naar het buitenland is van invloed op je eetgewoonten.','LEFT'),
	(516,'2015-03-05 20:42:53','2015-03-05 20:42:53',NULL,515,'Goed','RIGHT'),
	(517,'2015-03-05 20:42:53','2015-03-05 20:42:53',NULL,515,'Fout','RIGHT'),
	(518,'2015-03-05 20:42:53','2015-03-05 20:42:53',NULL,NULL,'Koolhydraten, vetten en voedingsvezels zijn voorbeelden van voedingsstoffen.','LEFT'),
	(519,'2015-03-05 20:42:53','2015-03-05 20:42:53',NULL,518,'Goed','RIGHT'),
	(520,'2015-03-05 20:42:53','2015-03-05 20:42:53',NULL,518,'Fout','RIGHT'),
	(521,'2015-03-05 20:42:53','2015-03-05 20:42:53',NULL,NULL,'Eiwitten, water en vitamines zijn voorbeelden van bouwstoffen.','LEFT'),
	(522,'2015-03-05 20:42:53','2015-03-05 20:42:53',NULL,521,'Goed','RIGHT'),
	(523,'2015-03-05 20:42:53','2015-03-05 20:42:53',NULL,521,'Fout','RIGHT'),
	(524,'2015-03-05 20:42:53','2015-03-05 20:42:53',NULL,NULL,'Eet je meer energierijke stoffen dan je lichaam nodig heeft dan slaat je lichaam het overschot op als vet.','LEFT'),
	(525,'2015-03-05 20:42:53','2015-03-05 20:42:53',NULL,524,'Goed','RIGHT'),
	(526,'2015-03-05 20:42:53','2015-03-05 20:42:53',NULL,524,'Fout','RIGHT'),
	(527,'2015-03-05 20:42:53','2015-03-05 20:42:53',NULL,NULL,'Als je niet meer groeit heb je toch bouwstoffen nodig.','LEFT'),
	(528,'2015-03-05 20:42:53','2015-03-05 20:42:53',NULL,527,'Goed','RIGHT'),
	(529,'2015-03-05 20:42:53','2015-03-05 20:42:53',NULL,527,'Fout','RIGHT'),
	(530,'2015-03-06 12:06:10','2015-03-06 12:06:10',NULL,NULL,'a','LEFT'),
	(531,'2015-03-06 12:06:10','2015-03-06 12:06:10',NULL,530,'1','RIGHT'),
	(532,'2015-03-06 12:06:10','2015-03-06 12:06:10',NULL,NULL,'b','LEFT'),
	(533,'2015-03-06 12:06:10','2015-03-06 12:06:10',NULL,532,'2','RIGHT'),
	(534,'2015-03-06 12:06:10','2015-03-06 12:06:10',NULL,NULL,'c','LEFT'),
	(535,'2015-03-06 12:06:10','2015-03-06 12:06:10',NULL,534,'3','RIGHT'),
	(536,'2015-03-06 12:06:11','2015-03-06 12:06:11',NULL,NULL,'d','LEFT'),
	(537,'2015-03-06 12:06:11','2015-03-06 12:06:11',NULL,536,'4','RIGHT'),
	(538,'2015-03-06 12:06:11','2015-03-06 12:06:11',NULL,NULL,'e','LEFT'),
	(539,'2015-03-06 12:06:11','2015-03-06 12:06:11',NULL,538,'5','RIGHT'),
	(540,'2015-03-07 09:21:43','2015-03-07 09:21:43',NULL,NULL,'Edwin','LEFT'),
	(541,'2015-03-07 09:21:43','2015-03-07 09:21:43',NULL,540,'slim','RIGHT'),
	(542,'2015-03-07 09:21:43','2015-03-07 09:21:43',NULL,NULL,'Alex','LEFT'),
	(543,'2015-03-07 09:21:43','2015-03-07 09:21:43',NULL,542,'oprecht','RIGHT'),
	(544,'2015-03-07 09:21:43','2015-03-07 09:21:43',NULL,NULL,'Bartho','LEFT'),
	(545,'2015-03-07 09:21:43','2015-03-07 09:21:43',NULL,544,'lief','RIGHT'),
	(546,'2015-03-07 09:24:33','2015-03-07 09:24:33',NULL,NULL,'rood','LEFT'),
	(547,'2015-03-07 09:24:33','2015-03-07 09:24:33',NULL,546,'pvda','RIGHT'),
	(548,'2015-03-07 09:24:33','2015-03-07 09:24:33',NULL,NULL,'blauw','LEFT'),
	(549,'2015-03-07 09:24:33','2015-03-07 09:24:33',NULL,548,'vvd','RIGHT'),
	(550,'2015-03-07 09:24:33','2015-03-07 09:24:33',NULL,NULL,'groen','LEFT'),
	(551,'2015-03-07 09:24:34','2015-03-07 09:24:34',NULL,550,'cda','RIGHT'),
	(552,'2015-03-07 09:24:34','2015-03-07 09:24:34',NULL,NULL,'bruin','LEFT'),
	(553,'2015-03-07 09:24:34','2015-03-07 09:24:34',NULL,552,'pvv','RIGHT'),
	(554,'2015-03-07 09:26:49','2015-03-07 09:26:49',NULL,NULL,'Edwin','LEFT'),
	(555,'2015-03-07 09:26:49','2015-03-07 09:26:49',NULL,554,'minder knap','RIGHT'),
	(556,'2015-03-07 09:26:49','2015-03-07 09:26:49',NULL,554,'stomste','RIGHT'),
	(557,'2015-03-07 09:26:49','2015-03-07 09:26:49',NULL,554,'luiste','RIGHT'),
	(558,'2015-03-07 09:26:49','2015-03-07 09:26:49',NULL,NULL,'Alex','LEFT'),
	(559,'2015-03-07 09:26:49','2015-03-07 09:26:49',NULL,558,'intelligentste','RIGHT'),
	(560,'2015-03-07 09:26:49','2015-03-07 09:26:49',NULL,558,'knapste','RIGHT'),
	(561,'2015-03-07 09:26:49','2015-03-07 09:26:49',NULL,558,'wijste','RIGHT'),
	(562,'2015-03-07 09:26:49','2015-03-07 09:26:49',NULL,558,'meeste doorzettingsvermogen','RIGHT'),
	(563,'2015-03-07 09:26:49','2015-03-07 09:26:49',NULL,558,'minst luie','RIGHT'),
	(564,'2015-03-07 09:26:49','2015-03-07 09:26:49',NULL,NULL,'Bartho','LEFT'),
	(565,'2015-03-07 09:26:49','2015-03-07 09:26:49',NULL,564,'domste','RIGHT'),
	(566,'2015-03-07 09:26:49','2015-03-07 09:26:49',NULL,564,'lelijkste','RIGHT'),
	(567,'2015-03-07 09:31:41','2015-03-07 09:31:41',NULL,NULL,'House','LEFT'),
	(568,'2015-03-07 09:31:41','2015-03-07 09:31:41',NULL,567,'funk','RIGHT'),
	(569,'2015-03-07 09:31:41','2015-03-07 09:31:41',NULL,567,'groovy','RIGHT'),
	(570,'2015-03-07 09:31:41','2015-03-07 09:31:41',NULL,567,'electronic','RIGHT'),
	(571,'2015-03-07 09:31:41','2015-03-07 09:31:41',NULL,NULL,'Metal','LEFT'),
	(572,'2015-03-07 09:31:41','2015-03-07 09:31:41',NULL,571,'trash','RIGHT'),
	(573,'2015-03-07 09:31:41','2015-03-07 09:31:41',NULL,571,'death','RIGHT'),
	(574,'2015-03-07 09:31:41','2015-03-07 09:31:41',NULL,571,'grunge','RIGHT'),
	(575,'2015-03-07 09:31:41','2015-03-07 09:31:41',NULL,NULL,'Klassiek','LEFT'),
	(576,'2015-03-07 09:31:41','2015-03-07 09:31:41',NULL,575,'a','RIGHT'),
	(577,'2015-03-07 09:31:41','2015-03-07 09:31:41',NULL,575,'b','RIGHT'),
	(578,'2015-03-07 09:31:41','2015-03-07 09:31:41',NULL,575,'c','RIGHT'),
	(579,'2015-03-10 11:40:00','2015-03-10 11:40:07','2015-03-10 11:40:07',NULL,'a1','LEFT'),
	(580,'2015-03-10 11:40:00','2015-03-10 11:40:07','2015-03-10 11:40:07',579,'a2','RIGHT'),
	(581,'2015-03-10 11:40:01','2015-03-10 11:40:07','2015-03-10 11:40:07',NULL,'b1','LEFT'),
	(582,'2015-03-10 11:40:01','2015-03-10 11:40:07','2015-03-10 11:40:07',581,'b2','RIGHT'),
	(583,'2015-03-10 11:40:01','2015-03-10 11:40:07','2015-03-10 11:40:07',NULL,'c1','LEFT'),
	(584,'2015-03-10 11:40:01','2015-03-10 11:40:07','2015-03-10 11:40:07',583,'c2','RIGHT'),
	(585,'2015-03-10 11:40:07','2015-03-10 11:40:28','2015-03-10 11:40:28',NULL,'a1','LEFT'),
	(586,'2015-03-10 11:40:07','2015-03-10 11:40:28','2015-03-10 11:40:28',585,'a2','RIGHT'),
	(587,'2015-03-10 11:40:07','2015-03-10 11:40:28','2015-03-10 11:40:28',NULL,'b1','LEFT'),
	(588,'2015-03-10 11:40:07','2015-03-10 11:40:28','2015-03-10 11:40:28',587,'b2','RIGHT'),
	(589,'2015-03-10 11:40:07','2015-03-10 11:40:28','2015-03-10 11:40:28',NULL,'c1','LEFT'),
	(590,'2015-03-10 11:40:07','2015-03-10 11:40:28','2015-03-10 11:40:28',589,'c2','RIGHT'),
	(591,'2015-03-10 11:40:28','2015-03-10 11:40:28',NULL,NULL,'a1','LEFT'),
	(592,'2015-03-10 11:40:28','2015-03-10 11:40:28',NULL,591,'a2','RIGHT'),
	(593,'2015-03-10 11:40:29','2015-03-10 11:40:29',NULL,NULL,'b1','LEFT'),
	(594,'2015-03-10 11:40:29','2015-03-10 11:40:29',NULL,593,'b2','RIGHT'),
	(595,'2015-03-10 11:40:29','2015-03-10 11:40:29',NULL,NULL,'c1','LEFT'),
	(596,'2015-03-10 11:40:29','2015-03-10 11:40:29',NULL,595,'c2','RIGHT'),
	(597,'2015-03-10 11:41:02','2015-03-10 11:41:02',NULL,NULL,'a1','LEFT'),
	(598,'2015-03-10 11:41:02','2015-03-10 11:41:02',NULL,597,'a2','RIGHT'),
	(599,'2015-03-10 11:41:02','2015-03-10 11:41:02',NULL,597,'a3','RIGHT'),
	(600,'2015-03-10 11:41:02','2015-03-10 11:41:02',NULL,597,'a4','RIGHT'),
	(601,'2015-03-10 11:41:02','2015-03-10 11:41:02',NULL,NULL,'b1','LEFT'),
	(602,'2015-03-10 11:41:02','2015-03-10 11:41:02',NULL,601,'b2','RIGHT'),
	(603,'2015-03-10 11:41:02','2015-03-10 11:41:02',NULL,601,'b3','RIGHT'),
	(604,'2015-03-10 11:41:02','2015-03-10 11:41:02',NULL,601,'b4','RIGHT'),
	(605,'2015-03-10 11:41:02','2015-03-10 11:41:02',NULL,NULL,'c1','LEFT'),
	(606,'2015-03-10 11:41:02','2015-03-10 11:41:02',NULL,605,'c2','RIGHT'),
	(607,'2015-03-10 11:41:02','2015-03-10 11:41:02',NULL,605,'c3','RIGHT'),
	(608,'2015-03-10 11:41:02','2015-03-10 11:41:02',NULL,605,'c4','RIGHT'),
	(609,'2015-03-10 13:17:25','2015-03-10 13:17:25',NULL,NULL,'Riezenbos','LEFT'),
	(610,'2015-03-10 13:17:25','2015-03-10 13:17:25',NULL,609,'Biologie','RIGHT'),
	(611,'2015-03-10 13:17:25','2015-03-10 13:17:25',NULL,NULL,'Remijnse','LEFT'),
	(612,'2015-03-10 13:17:25','2015-03-10 13:17:25',NULL,611,'Economie','RIGHT'),
	(613,'2015-03-10 13:17:25','2015-03-10 13:17:25',NULL,NULL,'Sheoratan','LEFT'),
	(614,'2015-03-10 13:17:25','2015-03-10 13:17:25',NULL,613,'Scheikunde','RIGHT'),
	(615,'2015-03-10 13:17:25','2015-03-10 13:17:25',NULL,NULL,'Mens','LEFT'),
	(616,'2015-03-10 13:17:25','2015-03-10 13:17:25',NULL,615,'Levensbeschouwing','RIGHT'),
	(617,'2015-03-10 13:17:25','2015-03-10 13:17:25',NULL,NULL,'Tolenaar','LEFT'),
	(618,'2015-03-10 13:17:25','2015-03-10 13:17:25',NULL,617,'Wiskunde','RIGHT'),
	(619,'2015-03-10 13:18:52','2015-03-10 13:18:52',NULL,NULL,'Reizen naar het buitenland is van invloed op je eetgewoonten.','LEFT'),
	(620,'2015-03-10 13:18:52','2015-03-10 13:18:52',NULL,619,'Goed','RIGHT'),
	(621,'2015-03-10 13:18:52','2015-03-10 13:18:52',NULL,619,'Fout','RIGHT'),
	(622,'2015-03-10 13:18:52','2015-03-10 13:18:52',NULL,NULL,'Koolhydraten, vetten en voedingsvezels zijn voorbeelden van voedingsstoffen.','LEFT'),
	(623,'2015-03-10 13:18:52','2015-03-10 13:18:52',NULL,622,'Goed','RIGHT'),
	(624,'2015-03-10 13:18:52','2015-03-10 13:18:52',NULL,622,'Fout','RIGHT'),
	(625,'2015-03-10 13:18:52','2015-03-10 13:18:52',NULL,NULL,'Eiwitten, water en vitamines zijn voorbeelden van bouwstoffen.','LEFT'),
	(626,'2015-03-10 13:18:52','2015-03-10 13:18:52',NULL,625,'Goed','RIGHT'),
	(627,'2015-03-10 13:18:52','2015-03-10 13:18:52',NULL,625,'Fout','RIGHT'),
	(628,'2015-03-10 13:18:52','2015-03-10 13:18:52',NULL,NULL,'Eet je meer energierijke stoffen dan je lichaam nodig heeft dan slaat je lichaam het overschot op als vet.','LEFT'),
	(629,'2015-03-10 13:18:52','2015-03-10 13:18:52',NULL,628,'Goed','RIGHT'),
	(630,'2015-03-10 13:18:52','2015-03-10 13:18:52',NULL,628,'Fout','RIGHT'),
	(631,'2015-03-10 13:18:52','2015-03-10 13:18:52',NULL,NULL,'Als je niet meer groeit heb je toch bouwstoffen nodig.','LEFT'),
	(632,'2015-03-10 13:18:52','2015-03-10 13:18:52',NULL,631,'Goed','RIGHT'),
	(633,'2015-03-10 13:18:52','2015-03-10 13:18:52',NULL,631,'Fout','RIGHT'),
	(634,'2015-03-10 13:22:15','2015-03-10 13:22:15',NULL,NULL,'Kuipers','LEFT'),
	(635,'2015-03-10 13:22:15','2015-03-10 13:22:15',NULL,634,'Bergbeklimmen','RIGHT'),
	(636,'2015-03-10 13:22:15','2015-03-10 13:22:15',NULL,634,'Slapen','RIGHT'),
	(637,'2015-03-10 13:22:15','2015-03-10 13:22:15',NULL,NULL,'Karlas','LEFT'),
	(638,'2015-03-10 13:22:15','2015-03-10 13:22:15',NULL,637,'Boswandelingen','RIGHT'),
	(639,'2015-03-10 13:22:15','2015-03-10 13:22:15',NULL,637,'Mediteren','RIGHT'),
	(640,'2015-03-10 13:22:15','2015-03-10 13:22:15',NULL,NULL,'Sheoratan','LEFT'),
	(641,'2015-03-10 13:22:15','2015-03-10 13:22:15',NULL,640,'Muziek maken','RIGHT'),
	(642,'2015-03-10 13:22:16','2015-03-10 13:22:16',NULL,NULL,'van Rooyen','LEFT'),
	(643,'2015-03-10 13:22:16','2015-03-10 13:22:16',NULL,642,'Voetbal','RIGHT'),
	(644,'2015-03-10 13:22:16','2015-03-10 13:22:16',NULL,642,'Sigaren roken','RIGHT'),
	(645,'2015-03-10 13:56:54','2015-03-10 13:56:54',NULL,NULL,'fdgh','LEFT'),
	(646,'2015-03-10 13:56:54','2015-03-10 13:56:54',NULL,645,'fdgh','RIGHT'),
	(647,'2015-03-10 13:56:54','2015-03-10 13:56:54',NULL,NULL,'dfgh','LEFT'),
	(648,'2015-03-10 13:56:54','2015-03-10 13:56:54',NULL,647,'dfghdfgh','RIGHT'),
	(649,'2015-03-10 13:57:05','2015-03-10 13:57:05',NULL,NULL,'fdgh','LEFT'),
	(650,'2015-03-10 13:57:05','2015-03-10 13:57:05',NULL,649,'dfgh','RIGHT'),
	(651,'2015-03-10 13:57:06','2015-03-10 13:57:06',NULL,NULL,'hgj','LEFT'),
	(652,'2015-03-10 13:57:06','2015-03-10 13:57:06',NULL,651,'hgjghjghj','RIGHT'),
	(653,'2015-03-10 16:20:22','2015-03-10 16:20:22',NULL,NULL,'Riezenbos','LEFT'),
	(654,'2015-03-10 16:20:22','2015-03-10 16:20:22',NULL,653,'Biologie','RIGHT'),
	(655,'2015-03-10 16:20:22','2015-03-10 16:20:22',NULL,NULL,'Remijnse','LEFT'),
	(656,'2015-03-10 16:20:22','2015-03-10 16:20:22',NULL,655,'Economie','RIGHT'),
	(657,'2015-03-10 16:20:22','2015-03-10 16:20:22',NULL,NULL,'Sheoratan','LEFT'),
	(658,'2015-03-10 16:20:22','2015-03-10 16:20:22',NULL,657,'Scheikunde','RIGHT'),
	(659,'2015-03-10 16:20:22','2015-03-10 16:20:22',NULL,NULL,'Mens','LEFT'),
	(660,'2015-03-10 16:20:22','2015-03-10 16:20:22',NULL,659,'Levensbeschouwing','RIGHT'),
	(661,'2015-03-10 16:20:22','2015-03-10 16:20:22',NULL,NULL,'Tolenaar','LEFT'),
	(662,'2015-03-10 16:20:22','2015-03-10 16:20:22',NULL,661,'Wiskunde','RIGHT'),
	(663,'2015-03-10 16:20:22','2015-03-10 16:20:22',NULL,NULL,'Kuipers','LEFT'),
	(664,'2015-03-10 16:20:22','2015-03-10 16:20:22',NULL,663,'Bergbeklimmen','RIGHT'),
	(665,'2015-03-10 16:20:22','2015-03-10 16:20:22',NULL,663,'Slapen','RIGHT'),
	(666,'2015-03-10 16:20:22','2015-03-10 16:20:22',NULL,NULL,'Karlas','LEFT'),
	(667,'2015-03-10 16:20:22','2015-03-10 16:20:22',NULL,666,'Boswandelingen','RIGHT'),
	(668,'2015-03-10 16:20:22','2015-03-10 16:20:22',NULL,666,'Mediteren','RIGHT'),
	(669,'2015-03-10 16:20:22','2015-03-10 16:20:22',NULL,NULL,'Sheoratan','LEFT'),
	(670,'2015-03-10 16:20:22','2015-03-10 16:20:22',NULL,669,'Muziek maken','RIGHT'),
	(671,'2015-03-10 16:20:22','2015-03-10 16:20:22',NULL,NULL,'van Rooyen','LEFT'),
	(672,'2015-03-10 16:20:22','2015-03-10 16:20:22',NULL,671,'Voetbal','RIGHT'),
	(673,'2015-03-10 16:20:22','2015-03-10 16:20:22',NULL,671,'Sigaren roken','RIGHT'),
	(674,'2015-03-13 14:42:20','2015-03-13 14:42:20',NULL,NULL,'a','LEFT'),
	(675,'2015-03-13 14:42:21','2015-03-13 14:42:21',NULL,674,'aa','RIGHT'),
	(676,'2015-03-13 14:42:21','2015-03-13 14:42:21',NULL,674,'ab','RIGHT'),
	(677,'2015-03-13 14:42:21','2015-03-13 14:42:21',NULL,674,'ac','RIGHT'),
	(678,'2015-03-13 14:42:22','2015-03-13 14:42:22',NULL,NULL,'b','LEFT'),
	(679,'2015-03-13 14:42:22','2015-03-13 14:42:22',NULL,678,'ba','RIGHT'),
	(680,'2015-03-13 14:42:22','2015-03-13 14:42:22',NULL,678,'bb','RIGHT'),
	(681,'2015-03-13 14:42:23','2015-03-13 14:42:23',NULL,678,'bc','RIGHT'),
	(682,'2015-03-13 14:42:23','2015-03-13 14:42:23',NULL,NULL,'c','LEFT'),
	(683,'2015-03-13 14:42:24','2015-03-13 14:42:24',NULL,682,'ca','RIGHT'),
	(684,'2015-03-13 14:42:24','2015-03-13 14:42:24',NULL,682,'cb','RIGHT'),
	(685,'2015-03-13 14:42:25','2015-03-13 14:42:25',NULL,682,'cc','RIGHT'),
	(686,'2015-03-17 11:59:42','2015-03-17 11:59:42',NULL,NULL,'Zo ziek als een','LEFT'),
	(687,'2015-03-17 11:59:42','2015-03-17 11:59:42',NULL,686,'hond','RIGHT'),
	(688,'2015-03-17 11:59:42','2015-03-17 11:59:42',NULL,NULL,'Zo trots als een','LEFT'),
	(689,'2015-03-17 11:59:42','2015-03-17 11:59:42',NULL,688,'pauw','RIGHT'),
	(690,'2015-03-17 11:59:42','2015-03-17 11:59:42',NULL,NULL,'Zo trouw als een','LEFT'),
	(691,'2015-03-17 11:59:42','2015-03-17 11:59:42',NULL,690,'hond','RIGHT'),
	(692,'2015-03-17 11:59:42','2015-03-17 11:59:42',NULL,NULL,'Zo dom als een','LEFT'),
	(693,'2015-03-17 11:59:42','2015-03-17 11:59:42',NULL,692,'ezel','RIGHT'),
	(694,'2015-03-17 11:59:43','2015-03-17 11:59:43',NULL,NULL,'Zo glad als een','LEFT'),
	(695,'2015-03-17 11:59:43','2015-03-17 11:59:43',NULL,694,'aal','RIGHT'),
	(696,'2015-03-17 11:59:43','2015-03-17 11:59:43',NULL,NULL,'Zo sluw als een','LEFT'),
	(697,'2015-03-17 11:59:43','2015-03-17 11:59:43',NULL,696,'vos','RIGHT'),
	(698,'2015-03-17 12:05:19','2015-03-17 12:05:19',NULL,NULL,'Strijkinstrumenten','LEFT'),
	(699,'2015-03-17 12:05:19','2015-03-17 12:05:19',NULL,698,'Contrabas','RIGHT'),
	(700,'2015-03-17 12:05:19','2015-03-17 12:05:19',NULL,698,'Viool','RIGHT'),
	(701,'2015-03-17 12:05:19','2015-03-17 12:05:19',NULL,NULL,'Blaasinstrumenten','LEFT'),
	(702,'2015-03-17 12:05:19','2015-03-17 12:05:19',NULL,701,'Saxofoon','RIGHT'),
	(703,'2015-03-17 12:05:19','2015-03-17 12:05:19',NULL,701,'Doedelzak','RIGHT'),
	(704,'2015-03-17 12:05:19','2015-03-17 12:05:19',NULL,701,'Orgel','RIGHT'),
	(705,'2015-03-17 12:05:19','2015-03-17 12:05:19',NULL,NULL,'Toetsinstrumenten','LEFT'),
	(706,'2015-03-17 12:05:19','2015-03-17 12:05:19',NULL,705,'Piano','RIGHT'),
	(707,'2015-03-17 12:05:19','2015-03-17 12:05:19',NULL,705,'Vleugel','RIGHT'),
	(708,'2015-03-17 12:05:19','2015-03-17 12:05:19',NULL,705,'Keyboard','RIGHT'),
	(709,'2015-03-17 12:05:19','2015-03-17 12:05:19',NULL,NULL,'Slaginstrumenten','LEFT'),
	(710,'2015-03-17 12:05:19','2015-03-17 12:05:19',NULL,709,'Xylofoon','RIGHT'),
	(711,'2015-03-17 12:05:19','2015-03-17 12:05:19',NULL,709,'Buisklokken','RIGHT'),
	(712,'2015-03-17 13:22:21','2015-03-17 13:22:21',NULL,NULL,'a','LEFT'),
	(713,'2015-03-17 13:22:21','2015-03-17 13:22:21',NULL,712,'1','RIGHT'),
	(714,'2015-03-17 13:22:21','2015-03-17 13:22:21',NULL,NULL,'b','LEFT'),
	(715,'2015-03-17 13:22:21','2015-03-17 13:22:21',NULL,714,'2','RIGHT'),
	(716,'2015-03-17 13:22:21','2015-03-17 13:22:21',NULL,NULL,'c','LEFT'),
	(717,'2015-03-17 13:22:21','2015-03-17 13:22:21',NULL,716,'3','RIGHT'),
	(718,'2015-03-17 13:22:21','2015-03-17 13:22:21',NULL,NULL,'d','LEFT'),
	(719,'2015-03-17 13:22:21','2015-03-17 13:22:21',NULL,718,'4','RIGHT'),
	(720,'2015-03-17 13:22:21','2015-03-17 13:22:21',NULL,NULL,'e','LEFT'),
	(721,'2015-03-17 13:22:21','2015-03-17 13:22:21',NULL,720,'5','RIGHT'),
	(722,'2015-03-17 16:01:53','2015-03-17 16:01:53',NULL,NULL,'Gitaar','LEFT'),
	(723,'2015-03-17 16:01:53','2015-03-17 16:01:53',NULL,722,'6','RIGHT'),
	(724,'2015-03-17 16:01:53','2015-03-17 16:01:53',NULL,NULL,'Bas','LEFT'),
	(725,'2015-03-17 16:01:53','2015-03-17 16:01:53',NULL,724,'4','RIGHT'),
	(726,'2015-03-17 16:01:53','2015-03-17 16:01:53',NULL,NULL,'Ukelele','LEFT'),
	(727,'2015-03-17 16:01:53','2015-03-17 16:01:53',NULL,726,'4','RIGHT'),
	(728,'2015-03-17 16:01:53','2015-03-17 16:01:53',NULL,NULL,'Pedaalharp','LEFT'),
	(729,'2015-03-17 16:01:53','2015-03-17 16:01:53',NULL,728,'46','RIGHT'),
	(730,'2015-03-17 16:04:37','2015-03-17 16:04:37',NULL,NULL,'Guus','LEFT'),
	(731,'2015-03-17 16:04:37','2015-03-17 16:04:37',NULL,730,'Geluk','RIGHT'),
	(732,'2015-03-17 16:04:37','2015-03-17 16:04:37',NULL,NULL,'Alex','LEFT'),
	(733,'2015-03-17 16:04:37','2015-03-17 16:04:37',NULL,732,'Karlas','RIGHT'),
	(734,'2015-03-17 16:04:37','2015-03-17 16:04:37',NULL,NULL,'Jaco','LEFT'),
	(735,'2015-03-17 16:04:37','2015-03-17 16:04:37',NULL,734,'van Gorkom','RIGHT'),
	(736,'2015-03-17 16:04:46','2015-03-17 16:04:46',NULL,NULL,'GJ','LEFT'),
	(737,'2015-03-17 16:04:46','2015-03-17 16:04:46',NULL,736,'Engels','RIGHT'),
	(738,'2015-03-17 16:04:46','2015-03-17 16:04:46',NULL,NULL,'Jaco','LEFT'),
	(739,'2015-03-17 16:04:46','2015-03-17 16:04:46',NULL,738,'Natuurkunde','RIGHT'),
	(740,'2015-03-17 16:04:46','2015-03-17 16:04:46',NULL,NULL,'Hilde','LEFT'),
	(741,'2015-03-17 16:04:46','2015-03-17 16:04:46',NULL,740,'Wiskunde','RIGHT'),
	(742,'2015-03-17 16:04:46','2015-03-17 16:04:46',NULL,NULL,'Adriaan','LEFT'),
	(743,'2015-03-17 16:04:46','2015-03-17 16:04:46',NULL,742,'Economie','RIGHT'),
	(744,'2015-03-17 16:04:58','2015-03-17 16:04:58',NULL,NULL,'Links','LEFT'),
	(745,'2015-03-17 16:04:58','2015-03-17 16:04:58',NULL,744,'Rechts','RIGHT'),
	(746,'2015-03-17 16:04:58','2015-03-17 16:04:58',NULL,NULL,'Boven','LEFT'),
	(747,'2015-03-17 16:04:58','2015-03-17 16:04:58',NULL,746,'Onder','RIGHT'),
	(748,'2015-03-17 16:04:58','2015-03-17 16:04:58',NULL,NULL,'Veel','LEFT'),
	(749,'2015-03-17 16:04:58','2015-03-17 16:04:58',NULL,748,'Weinig','RIGHT'),
	(750,'2015-03-17 16:07:49','2015-03-17 16:07:49',NULL,NULL,'GJ','LEFT'),
	(751,'2015-03-17 16:07:49','2015-03-17 16:07:49',NULL,750,'schaken','RIGHT'),
	(752,'2015-03-17 16:07:49','2015-03-17 16:07:49',NULL,750,'schaatsen','RIGHT'),
	(753,'2015-03-17 16:07:49','2015-03-17 16:07:49',NULL,750,'punniken','RIGHT'),
	(754,'2015-03-17 16:07:49','2015-03-17 16:07:49',NULL,NULL,'Hilde','LEFT'),
	(755,'2015-03-17 16:07:49','2015-03-17 16:07:49',NULL,754,'breien','RIGHT'),
	(756,'2015-03-17 16:07:49','2015-03-17 16:07:49',NULL,754,'knokken','RIGHT'),
	(757,'2015-03-17 16:07:49','2015-03-17 16:07:49',NULL,754,'collega\'s lastig vallen','RIGHT'),
	(758,'2015-03-17 16:07:49','2015-03-17 16:07:49',NULL,NULL,'Jaco','LEFT'),
	(759,'2015-03-17 16:07:49','2015-03-17 16:07:49',NULL,758,'chillen','RIGHT'),
	(760,'2015-03-17 16:07:49','2015-03-17 16:07:49',NULL,758,'vissen','RIGHT'),
	(761,'2015-03-17 16:07:49','2015-03-17 16:07:49',NULL,758,'mijnenveger spelen','RIGHT'),
	(762,'2015-03-17 16:07:49','2015-03-17 16:07:49',NULL,NULL,'Adriaan','LEFT'),
	(763,'2015-03-17 16:07:49','2015-03-17 16:07:49',NULL,762,'wijn proeven','RIGHT'),
	(764,'2015-03-17 16:07:49','2015-03-17 16:07:49',NULL,762,'golven','RIGHT'),
	(765,'2015-03-17 16:07:54','2015-03-17 16:11:34','2015-03-17 16:11:34',NULL,'GJ','LEFT'),
	(766,'2015-03-17 16:07:54','2015-03-17 16:11:34','2015-03-17 16:11:34',765,'Engels','RIGHT'),
	(767,'2015-03-17 16:07:54','2015-03-17 16:11:34','2015-03-17 16:11:34',765,'ICT','RIGHT'),
	(768,'2015-03-17 16:07:54','2015-03-17 16:11:34','2015-03-17 16:11:34',765,'Interscolaire visitatie','RIGHT'),
	(769,'2015-03-17 16:07:54','2015-03-17 16:11:34','2015-03-17 16:11:34',NULL,'Hilde','LEFT'),
	(770,'2015-03-17 16:07:54','2015-03-17 16:11:34','2015-03-17 16:11:34',769,'Wiskunde','RIGHT'),
	(771,'2015-03-17 16:07:54','2015-03-17 16:11:34','2015-03-17 16:11:34',769,'NLT','RIGHT'),
	(772,'2015-03-17 16:07:54','2015-03-17 16:11:34','2015-03-17 16:11:34',NULL,'Adriaan','LEFT'),
	(773,'2015-03-17 16:07:54','2015-03-17 16:11:34','2015-03-17 16:11:34',772,'M&O','RIGHT'),
	(774,'2015-03-17 16:07:54','2015-03-17 16:11:34','2015-03-17 16:11:34',772,'Economie','RIGHT'),
	(775,'2015-03-17 16:07:54','2015-03-17 16:11:34','2015-03-17 16:11:34',NULL,'Jaco','LEFT'),
	(776,'2015-03-17 16:07:54','2015-03-17 16:11:34','2015-03-17 16:11:34',775,'Natuurkunde','RIGHT'),
	(777,'2015-03-17 16:08:10','2015-03-17 16:08:10',NULL,NULL,'Kwadraten','LEFT'),
	(778,'2015-03-17 16:08:10','2015-03-17 16:08:10',NULL,777,'één oplossing','RIGHT'),
	(779,'2015-03-17 16:08:10','2015-03-17 16:08:10',NULL,777,'twee oplossingen','RIGHT'),
	(780,'2015-03-17 16:08:10','2015-03-17 16:08:10',NULL,777,'geen oplossingen','RIGHT'),
	(781,'2015-03-17 16:08:10','2015-03-17 16:08:10',NULL,NULL,'Lineaire functies','LEFT'),
	(782,'2015-03-17 16:08:10','2015-03-17 16:08:10',NULL,781,'één oplossing','RIGHT'),
	(783,'2015-03-17 16:11:34','2015-03-17 16:11:34',NULL,NULL,'GJ','LEFT'),
	(784,'2015-03-17 16:11:34','2015-03-17 16:11:34',NULL,783,'Engels','RIGHT'),
	(785,'2015-03-17 16:11:34','2015-03-17 16:11:34',NULL,783,'ICT','RIGHT'),
	(786,'2015-03-17 16:11:34','2015-03-17 16:11:34',NULL,783,'Interscolaire visitatie','RIGHT'),
	(787,'2015-03-17 16:11:34','2015-03-17 16:11:34',NULL,NULL,'Hilde','LEFT'),
	(788,'2015-03-17 16:11:34','2015-03-17 16:11:34',NULL,787,'Wiskunde','RIGHT'),
	(789,'2015-03-17 16:11:34','2015-03-17 16:11:34',NULL,787,'NLT','RIGHT'),
	(790,'2015-03-17 16:11:34','2015-03-17 16:11:34',NULL,NULL,'Adriaan','LEFT'),
	(791,'2015-03-17 16:11:34','2015-03-17 16:11:34',NULL,790,'M&O','RIGHT'),
	(792,'2015-03-17 16:11:34','2015-03-17 16:11:34',NULL,790,'Economie','RIGHT'),
	(793,'2015-03-19 13:27:47','2015-03-19 13:27:47',NULL,NULL,'Rechts','LEFT'),
	(794,'2015-03-19 13:27:47','2015-03-19 13:27:47',NULL,793,'Links','RIGHT'),
	(795,'2015-03-19 13:27:47','2015-03-19 13:27:47',NULL,NULL,'Groot','LEFT'),
	(796,'2015-03-19 13:27:47','2015-03-19 13:27:47',NULL,795,'Klein','RIGHT'),
	(797,'2015-03-19 13:27:47','2015-03-19 13:27:47',NULL,NULL,'Dik','LEFT'),
	(798,'2015-03-19 13:27:47','2015-03-19 13:27:47',NULL,797,'Dun','RIGHT'),
	(799,'2015-03-19 13:27:47','2015-03-19 13:27:47',NULL,NULL,'Dag','LEFT'),
	(800,'2015-03-19 13:27:47','2015-03-19 13:27:47',NULL,799,'Nacht','RIGHT'),
	(801,'2015-03-19 13:27:47','2015-03-19 13:27:47',NULL,NULL,'Man','LEFT'),
	(802,'2015-03-19 13:27:47','2015-03-19 13:27:47',NULL,801,'Vrouw','RIGHT'),
	(803,'2015-03-19 13:27:47','2015-03-19 13:27:47',NULL,NULL,'Nat','LEFT'),
	(804,'2015-03-19 13:27:48','2015-03-19 13:27:48',NULL,803,'Droog','RIGHT'),
	(805,'2015-03-19 13:27:48','2015-03-19 13:27:48',NULL,NULL,'Lelijk','LEFT'),
	(806,'2015-03-19 13:27:48','2015-03-19 13:27:48',NULL,805,'Mooi','RIGHT'),
	(807,'2015-03-19 13:27:48','2015-03-19 13:27:48',NULL,NULL,'Jong','LEFT'),
	(808,'2015-03-19 13:27:48','2015-03-19 13:27:48',NULL,807,'Oud','RIGHT'),
	(809,'2015-03-19 13:27:48','2015-03-19 13:27:48',NULL,NULL,'Hard','LEFT'),
	(810,'2015-03-19 13:27:48','2015-03-19 13:27:48',NULL,809,'Zacht','RIGHT'),
	(811,'2015-03-19 13:27:48','2015-03-19 13:27:48',NULL,NULL,'Ruw','LEFT'),
	(812,'2015-03-19 13:27:48','2015-03-19 13:27:48',NULL,811,'Glad','RIGHT'),
	(813,'2015-03-19 13:29:26','2015-03-19 13:29:26',NULL,NULL,'Robin','LEFT'),
	(814,'2015-03-19 13:29:26','2015-03-19 13:29:26',NULL,813,'oosterse vechttechnieken','RIGHT'),
	(815,'2015-03-19 13:29:26','2015-03-19 13:29:26',NULL,813,'survival','RIGHT'),
	(816,'2015-03-19 13:29:26','2015-03-19 13:29:26',NULL,813,'economische nieuwsbrieven schrijven','RIGHT'),
	(817,'2015-03-19 13:29:26','2015-03-19 13:29:26',NULL,NULL,'Carlo','LEFT'),
	(818,'2015-03-19 13:29:26','2015-03-19 13:29:26',NULL,817,'met zijn kinderen dagjes uit','RIGHT'),
	(819,'2015-03-19 13:29:26','2015-03-19 13:29:26',NULL,817,'knutselen aan zijn auto','RIGHT'),
	(820,'2015-03-19 13:29:26','2015-03-19 13:29:26',NULL,NULL,'Alex','LEFT'),
	(821,'2015-03-25 21:24:39','2015-03-25 21:25:09','2015-03-25 21:25:09',NULL,'Wehliye','LEFT'),
	(822,'2015-03-25 21:24:39','2015-03-25 21:25:09','2015-03-25 21:25:09',821,'Abshir','RIGHT'),
	(823,'2015-03-25 21:24:39','2015-03-25 21:25:09','2015-03-25 21:25:09',NULL,'Karlas','LEFT'),
	(824,'2015-03-25 21:24:39','2015-03-25 21:25:09','2015-03-25 21:25:09',823,'Alex','RIGHT'),
	(825,'2015-03-25 21:24:39','2015-03-25 21:25:09','2015-03-25 21:25:09',NULL,'Mughal','LEFT'),
	(826,'2015-03-25 21:24:39','2015-03-25 21:25:09','2015-03-25 21:25:09',825,'Khalid','RIGHT'),
	(827,'2015-03-25 21:25:09','2015-03-25 21:25:09',NULL,NULL,'Wehliye','LEFT'),
	(828,'2015-03-25 21:25:09','2015-03-25 21:25:09',NULL,827,'Abshir','RIGHT'),
	(829,'2015-03-25 21:25:09','2015-03-25 21:25:09',NULL,NULL,'Karlas','LEFT'),
	(830,'2015-03-25 21:25:09','2015-03-25 21:25:09',NULL,829,'Alex','RIGHT'),
	(831,'2015-03-25 21:25:09','2015-03-25 21:25:09',NULL,NULL,'Mughal','LEFT'),
	(832,'2015-03-25 21:25:09','2015-03-25 21:25:09',NULL,831,'Khalid','RIGHT'),
	(833,'2015-03-25 21:26:32','2015-03-25 21:26:32',NULL,NULL,'Abshir','LEFT'),
	(834,'2015-03-25 21:26:32','2015-03-25 21:26:32',NULL,833,'voetbal','RIGHT'),
	(835,'2015-03-25 21:26:32','2015-03-25 21:26:32',NULL,833,'lachen','RIGHT'),
	(836,'2015-03-25 21:26:32','2015-03-25 21:26:32',NULL,833,'alex in de maling nemen','RIGHT'),
	(837,'2015-03-25 21:26:32','2015-03-25 21:26:32',NULL,NULL,'Alex','LEFT'),
	(838,'2015-03-25 21:26:32','2015-03-25 21:26:32',NULL,837,'lezen','RIGHT'),
	(839,'2015-03-25 21:26:32','2015-03-25 21:26:32',NULL,837,'chillen','RIGHT'),
	(840,'2015-03-26 16:07:14','2015-03-26 16:07:14',NULL,NULL,'Links','LEFT'),
	(841,'2015-03-26 16:07:14','2015-03-26 16:07:14',NULL,840,'Rechts','RIGHT'),
	(842,'2015-03-26 16:07:14','2015-03-26 16:07:14',NULL,NULL,'Boven','LEFT'),
	(843,'2015-03-26 16:07:14','2015-03-26 16:07:14',NULL,842,'Onder','RIGHT'),
	(844,'2015-03-26 16:07:14','2015-03-26 16:07:14',NULL,NULL,'Veel','LEFT'),
	(845,'2015-03-26 16:07:14','2015-03-26 16:07:14',NULL,844,'Weinig','RIGHT'),
	(846,'2015-03-26 16:07:14','2015-03-26 16:07:14',NULL,NULL,'Kwadraten','LEFT'),
	(847,'2015-03-26 16:07:14','2015-03-26 16:07:14',NULL,846,'één oplossing','RIGHT'),
	(848,'2015-03-26 16:07:14','2015-03-26 16:07:14',NULL,846,'twee oplossingen','RIGHT'),
	(849,'2015-03-26 16:07:14','2015-03-26 16:07:14',NULL,846,'geen oplossingen','RIGHT'),
	(850,'2015-03-26 16:07:14','2015-03-26 16:07:14',NULL,NULL,'Lineaire functies','LEFT'),
	(851,'2015-03-26 16:07:14','2015-03-26 16:07:14',NULL,850,'één oplossing','RIGHT'),
	(852,'2015-04-07 12:11:45','2015-04-07 12:11:45',NULL,NULL,'Edwin','LEFT'),
	(853,'2015-04-07 12:11:45','2015-04-07 12:11:45',NULL,852,'slim','RIGHT'),
	(854,'2015-04-07 12:11:45','2015-04-07 12:11:45',NULL,NULL,'Alex','LEFT'),
	(855,'2015-04-07 12:11:45','2015-04-07 12:11:45',NULL,854,'oprecht','RIGHT'),
	(856,'2015-04-07 12:11:45','2015-04-07 12:11:45',NULL,NULL,'Bartho','LEFT'),
	(857,'2015-04-07 12:11:45','2015-04-07 12:11:45',NULL,856,'lief','RIGHT'),
	(858,'2015-04-07 12:11:45','2015-04-07 12:11:45',NULL,NULL,'rood','LEFT'),
	(859,'2015-04-07 12:11:45','2015-04-07 12:11:45',NULL,858,'pvda','RIGHT'),
	(860,'2015-04-07 12:11:45','2015-04-07 12:11:45',NULL,NULL,'blauw','LEFT'),
	(861,'2015-04-07 12:11:45','2015-04-07 12:11:45',NULL,860,'vvd','RIGHT'),
	(862,'2015-04-07 12:11:45','2015-04-07 12:11:45',NULL,NULL,'groen','LEFT'),
	(863,'2015-04-07 12:11:45','2015-04-07 12:11:45',NULL,862,'cda','RIGHT'),
	(864,'2015-04-07 12:11:45','2015-04-07 12:11:45',NULL,NULL,'bruin','LEFT'),
	(865,'2015-04-07 12:11:45','2015-04-07 12:11:45',NULL,864,'pvv','RIGHT'),
	(866,'2015-04-07 12:11:45','2015-04-07 12:11:45',NULL,NULL,'Edwin','LEFT'),
	(867,'2015-04-07 12:11:45','2015-04-07 12:11:45',NULL,866,'minder knap','RIGHT'),
	(868,'2015-04-07 12:11:45','2015-04-07 12:11:45',NULL,866,'stomste','RIGHT'),
	(869,'2015-04-07 12:11:45','2015-04-07 12:11:45',NULL,866,'luiste','RIGHT'),
	(870,'2015-04-07 12:11:45','2015-04-07 12:11:45',NULL,NULL,'Alex','LEFT'),
	(871,'2015-04-07 12:11:45','2015-04-07 12:11:45',NULL,870,'intelligentste','RIGHT'),
	(872,'2015-04-07 12:11:45','2015-04-07 12:11:45',NULL,870,'knapste','RIGHT'),
	(873,'2015-04-07 12:11:45','2015-04-07 12:11:45',NULL,870,'wijste','RIGHT'),
	(874,'2015-04-07 12:11:45','2015-04-07 12:11:45',NULL,870,'meeste doorzettingsvermogen','RIGHT'),
	(875,'2015-04-07 12:11:45','2015-04-07 12:11:45',NULL,870,'minst luie','RIGHT'),
	(876,'2015-04-07 12:11:45','2015-04-07 12:11:45',NULL,NULL,'Bartho','LEFT'),
	(877,'2015-04-07 12:11:45','2015-04-07 12:11:45',NULL,876,'domste','RIGHT'),
	(878,'2015-04-07 12:11:45','2015-04-07 12:11:45',NULL,876,'lelijkste','RIGHT'),
	(879,'2015-04-07 12:11:45','2015-04-07 12:11:45',NULL,NULL,'House','LEFT'),
	(880,'2015-04-07 12:11:45','2015-04-07 12:11:45',NULL,879,'funk','RIGHT'),
	(881,'2015-04-07 12:11:45','2015-04-07 12:11:45',NULL,879,'groovy','RIGHT'),
	(882,'2015-04-07 12:11:45','2015-04-07 12:11:45',NULL,879,'electronic','RIGHT'),
	(883,'2015-04-07 12:11:45','2015-04-07 12:11:45',NULL,NULL,'Metal','LEFT'),
	(884,'2015-04-07 12:11:45','2015-04-07 12:11:45',NULL,883,'trash','RIGHT'),
	(885,'2015-04-07 12:11:45','2015-04-07 12:11:45',NULL,883,'death','RIGHT'),
	(886,'2015-04-07 12:11:45','2015-04-07 12:11:45',NULL,883,'grunge','RIGHT'),
	(887,'2015-04-07 12:11:45','2015-04-07 12:11:45',NULL,NULL,'Klassiek','LEFT'),
	(888,'2015-04-07 12:11:45','2015-04-07 12:11:45',NULL,887,'a','RIGHT'),
	(889,'2015-04-07 12:11:45','2015-04-07 12:11:45',NULL,887,'b','RIGHT'),
	(890,'2015-04-07 12:11:45','2015-04-07 12:11:45',NULL,887,'c','RIGHT'),
	(891,'2015-05-09 09:37:35','2015-05-09 09:51:52','2015-05-09 09:51:52',NULL,'groot','LEFT'),
	(892,'2015-05-09 09:37:35','2015-05-09 09:51:52','2015-05-09 09:51:52',891,'klein','RIGHT'),
	(893,'2015-05-09 09:37:35','2015-05-09 09:51:52','2015-05-09 09:51:52',NULL,'dik','LEFT'),
	(894,'2015-05-09 09:37:35','2015-05-09 09:51:52','2015-05-09 09:51:52',893,'dun','RIGHT'),
	(895,'2015-05-09 09:37:35','2015-05-09 09:51:52','2015-05-09 09:51:52',NULL,'sterk','LEFT'),
	(896,'2015-05-09 09:37:35','2015-05-09 09:51:52','2015-05-09 09:51:52',895,'zwak','RIGHT'),
	(897,'2015-05-09 09:37:35','2015-05-09 09:51:52','2015-05-09 09:51:52',NULL,'vies','LEFT'),
	(898,'2015-05-09 09:37:35','2015-05-09 09:51:52','2015-05-09 09:51:52',897,'schoon','RIGHT'),
	(899,'2015-05-09 09:37:35','2015-05-09 09:51:52','2015-05-09 09:51:52',NULL,'zwart','LEFT'),
	(900,'2015-05-09 09:37:35','2015-05-09 09:51:52','2015-05-09 09:51:52',899,'wit','RIGHT'),
	(901,'2015-05-09 09:37:35','2015-05-09 09:51:52','2015-05-09 09:51:52',NULL,'heel veel tekst aan de linkerkant. Zoveel dat je gaat denken \"nou nou, mag het wat minder\", maar dat is nodig om de tegenstelling van weinig tekst aan de rechterkant te kunnen plaatsen. Vandaar deze lange tekst.','LEFT'),
	(902,'2015-05-09 09:37:35','2015-05-09 09:51:52','2015-05-09 09:51:52',901,'O ja?','RIGHT'),
	(903,'2015-05-09 09:39:53','2015-05-09 09:39:53',NULL,NULL,'links','LEFT'),
	(904,'2015-05-09 09:39:53','2015-05-09 09:39:53',NULL,903,'rechts','RIGHT'),
	(905,'2015-05-09 09:39:53','2015-05-09 09:39:53',NULL,NULL,'hoog','LEFT'),
	(906,'2015-05-09 09:39:53','2015-05-09 09:39:53',NULL,905,'laag','RIGHT'),
	(907,'2015-05-09 09:48:21','2015-05-09 09:52:16','2015-05-09 09:52:16',NULL,'Nederland','LEFT'),
	(908,'2015-05-09 09:48:21','2015-05-09 09:52:16','2015-05-09 09:52:16',907,'Delft','RIGHT'),
	(909,'2015-05-09 09:48:22','2015-05-09 09:52:16','2015-05-09 09:52:16',907,'Amsterdam','RIGHT'),
	(910,'2015-05-09 09:48:22','2015-05-09 09:52:16','2015-05-09 09:52:16',907,'Deventer','RIGHT'),
	(911,'2015-05-09 09:48:22','2015-05-09 09:52:16','2015-05-09 09:52:16',NULL,'Saudi Arabië','LEFT'),
	(912,'2015-05-09 09:48:22','2015-05-09 09:52:16','2015-05-09 09:52:16',911,'Riyad','RIGHT'),
	(913,'2015-05-09 09:48:22','2015-05-09 09:52:16','2015-05-09 09:52:16',911,'Mecca','RIGHT'),
	(914,'2015-05-09 09:48:22','2015-05-09 09:52:16','2015-05-09 09:52:16',911,'Jeddah','RIGHT'),
	(915,'2015-05-09 09:48:22','2015-05-09 09:52:16','2015-05-09 09:52:16',NULL,'Egypte','LEFT'),
	(916,'2015-05-09 09:48:22','2015-05-09 09:52:16','2015-05-09 09:52:16',915,'Gizeh','RIGHT'),
	(917,'2015-05-09 09:48:22','2015-05-09 09:52:16','2015-05-09 09:52:16',915,'Sharm-el-Sheikh','RIGHT'),
	(918,'2015-05-09 09:48:22','2015-05-09 09:52:16','2015-05-09 09:52:16',915,'Luxor','RIGHT'),
	(919,'2015-05-09 09:48:22','2015-05-09 09:52:16','2015-05-09 09:52:16',NULL,'Irak','LEFT'),
	(920,'2015-05-09 09:48:22','2015-05-09 09:52:16','2015-05-09 09:52:16',919,'Mesul','RIGHT'),
	(921,'2015-05-09 09:48:22','2015-05-09 09:52:16','2015-05-09 09:52:16',919,'Baghdad','RIGHT'),
	(922,'2015-05-09 09:48:22','2015-05-09 09:52:16','2015-05-09 09:52:16',919,'Kufah','RIGHT'),
	(923,'2015-05-09 09:48:22','2015-05-09 09:52:16','2015-05-09 09:52:16',NULL,'Iran','LEFT'),
	(924,'2015-05-09 09:48:22','2015-05-09 09:52:16','2015-05-09 09:52:16',923,'Teheran','RIGHT'),
	(925,'2015-05-09 09:48:22','2015-05-09 09:52:16','2015-05-09 09:52:16',923,'Shiraz','RIGHT'),
	(926,'2015-05-09 09:48:22','2015-05-09 09:52:16','2015-05-09 09:52:16',923,'Esfahan','RIGHT'),
	(927,'2015-05-09 09:48:22','2015-05-09 09:52:16','2015-05-09 09:52:16',NULL,'Syrië','LEFT'),
	(928,'2015-05-09 09:48:22','2015-05-09 09:52:16','2015-05-09 09:52:16',927,'Damascus','RIGHT'),
	(929,'2015-05-09 09:48:22','2015-05-09 09:52:16','2015-05-09 09:52:16',927,'Raqqa','RIGHT'),
	(930,'2015-05-09 09:48:22','2015-05-09 09:52:16','2015-05-09 09:52:16',927,'Homs','RIGHT'),
	(931,'2015-05-09 09:48:22','2015-05-09 09:52:16','2015-05-09 09:52:16',NULL,'Israel','LEFT'),
	(932,'2015-05-09 09:48:22','2015-05-09 09:52:16','2015-05-09 09:52:16',931,'Tel Aviv','RIGHT'),
	(933,'2015-05-09 09:48:22','2015-05-09 09:52:16','2015-05-09 09:52:16',931,'Be er Sheva','RIGHT'),
	(934,'2015-05-09 09:48:22','2015-05-09 09:52:16','2015-05-09 09:52:16',931,'Ashdod','RIGHT'),
	(935,'2015-05-09 09:51:52','2015-05-09 09:51:52',NULL,NULL,'groot','LEFT'),
	(936,'2015-05-09 09:51:52','2015-05-09 09:51:52',NULL,935,'klein','RIGHT'),
	(937,'2015-05-09 09:51:52','2015-05-09 09:51:52',NULL,NULL,'heel veel tekst aan de linkerkant. Zoveel dat je gaat denken \"nou nou, mag het wat minder\", maar dat is nodig om de tegenstelling van weinig tekst aan de rechterkant te kunnen plaatsen. Vandaar deze lange tekst.','LEFT'),
	(938,'2015-05-09 09:51:52','2015-05-09 09:51:52',NULL,937,'O ja?','RIGHT'),
	(939,'2015-05-09 09:51:52','2015-05-09 09:51:52',NULL,NULL,'zwart','LEFT'),
	(940,'2015-05-09 09:51:52','2015-05-09 09:51:52',NULL,939,'wit','RIGHT'),
	(941,'2015-05-09 09:51:52','2015-05-09 09:51:52',NULL,NULL,'vies','LEFT'),
	(942,'2015-05-09 09:51:52','2015-05-09 09:51:52',NULL,941,'schoon','RIGHT'),
	(943,'2015-05-09 09:51:52','2015-05-09 09:51:52',NULL,NULL,'sterk','LEFT'),
	(944,'2015-05-09 09:51:52','2015-05-09 09:51:52',NULL,943,'zwak','RIGHT'),
	(945,'2015-05-09 09:51:52','2015-05-09 09:51:52',NULL,NULL,'dik','LEFT'),
	(946,'2015-05-09 09:51:52','2015-05-09 09:51:52',NULL,945,'dun','RIGHT'),
	(947,'2015-05-09 09:52:16','2015-05-09 09:52:16',NULL,NULL,'Nederland','LEFT'),
	(948,'2015-05-09 09:52:16','2015-05-09 09:52:16',NULL,947,'Delft','RIGHT'),
	(949,'2015-05-09 09:52:16','2015-05-09 09:52:16',NULL,947,'Amsterdam','RIGHT'),
	(950,'2015-05-09 09:52:16','2015-05-09 09:52:16',NULL,947,'Deventer','RIGHT'),
	(951,'2015-05-09 09:52:16','2015-05-09 09:52:16',NULL,NULL,'Iran','LEFT'),
	(952,'2015-05-09 09:52:16','2015-05-09 09:52:16',NULL,951,'Teheran','RIGHT'),
	(953,'2015-05-09 09:52:16','2015-05-09 09:52:16',NULL,951,'Shiraz','RIGHT'),
	(954,'2015-05-09 09:52:17','2015-05-09 09:52:17',NULL,951,'Esfahan','RIGHT'),
	(955,'2015-05-09 09:52:17','2015-05-09 09:52:17',NULL,NULL,'Syrië','LEFT'),
	(956,'2015-05-09 09:52:17','2015-05-09 09:52:17',NULL,955,'Damascus','RIGHT'),
	(957,'2015-05-09 09:52:17','2015-05-09 09:52:17',NULL,955,'Raqqa','RIGHT'),
	(958,'2015-05-09 09:52:17','2015-05-09 09:52:17',NULL,955,'Homs','RIGHT'),
	(959,'2015-05-09 09:54:37','2015-05-09 09:54:37',NULL,NULL,'Auto','LEFT'),
	(960,'2015-05-09 09:54:37','2015-05-09 09:54:37',NULL,959,'Motorblok','RIGHT'),
	(961,'2015-05-09 09:54:37','2015-05-09 09:54:37',NULL,959,'Deur','RIGHT'),
	(962,'2015-05-09 09:54:37','2015-05-09 09:54:37',NULL,959,'Tankdop','RIGHT'),
	(963,'2015-05-09 09:54:37','2015-05-09 09:54:37',NULL,NULL,'Fiets','LEFT'),
	(964,'2015-05-09 09:54:37','2015-05-09 09:54:37',NULL,963,'Zadel','RIGHT'),
	(965,'2015-05-09 09:54:37','2015-05-09 09:54:37',NULL,963,'Trappers','RIGHT'),
	(966,'2015-05-09 09:54:37','2015-05-09 09:54:37',NULL,963,'Spaken','RIGHT'),
	(967,'2015-05-09 09:54:37','2015-05-09 09:54:37',NULL,NULL,'Raket','LEFT'),
	(968,'2015-05-09 09:54:37','2015-05-09 09:54:37',NULL,967,'Thrusters','RIGHT'),
	(969,'2015-05-09 09:54:37','2015-05-09 09:54:37',NULL,967,'Keramische platen','RIGHT'),
	(970,'2015-05-09 09:54:37','2015-05-09 09:54:37',NULL,967,'Parachute','RIGHT'),
	(971,'2015-05-12 19:25:47','2015-05-12 19:25:47',NULL,NULL,'Links','LEFT'),
	(972,'2015-05-12 19:25:47','2015-05-12 19:25:47',NULL,971,'Recht','RIGHT'),
	(973,'2015-05-12 19:25:47','2015-05-12 19:25:47',NULL,NULL,'Groot','LEFT'),
	(974,'2015-05-12 19:25:47','2015-05-12 19:25:47',NULL,973,'Klein','RIGHT'),
	(975,'2015-05-12 19:25:47','2015-05-12 19:25:47',NULL,NULL,'Dik','LEFT'),
	(976,'2015-05-12 19:25:47','2015-05-12 19:25:47',NULL,975,'Dun','RIGHT'),
	(977,'2015-05-12 19:25:47','2015-05-12 19:25:47',NULL,NULL,'Glad','LEFT'),
	(978,'2015-05-12 19:25:47','2015-05-12 19:25:47',NULL,977,'Ruw','RIGHT'),
	(979,'2015-05-12 19:25:47','2015-05-12 19:25:47',NULL,NULL,'Man','LEFT'),
	(980,'2015-05-12 19:25:47','2015-05-12 19:25:47',NULL,979,'Vrouw','RIGHT'),
	(981,'2015-05-12 19:25:47','2015-05-12 19:25:47',NULL,NULL,'Dag','LEFT'),
	(982,'2015-05-12 19:25:47','2015-05-12 19:25:47',NULL,981,'Nacht','RIGHT'),
	(983,'2015-05-12 19:25:47','2015-05-12 19:25:47',NULL,NULL,'Sterk','LEFT'),
	(984,'2015-05-12 19:25:47','2015-05-12 19:25:47',NULL,983,'Zwak','RIGHT'),
	(985,'2015-05-12 19:25:47','2015-05-12 19:25:47',NULL,NULL,'Zomer','LEFT'),
	(986,'2015-05-12 19:25:47','2015-05-12 19:25:47',NULL,985,'Winter','RIGHT'),
	(987,'2015-05-12 19:25:47','2015-05-12 19:25:47',NULL,NULL,'Lente','LEFT'),
	(988,'2015-05-12 19:25:47','2015-05-12 19:25:47',NULL,987,'Herfst','RIGHT'),
	(989,'2015-05-12 19:25:47','2015-05-12 19:25:47',NULL,NULL,'Dood','LEFT'),
	(990,'2015-05-12 19:25:48','2015-05-12 19:25:48',NULL,989,'Leven','RIGHT'),
	(991,'2015-05-12 19:26:46','2015-05-12 19:26:46',NULL,NULL,'zwart','LEFT'),
	(992,'2015-05-12 19:26:46','2015-05-12 19:26:46',NULL,991,'wit','RIGHT'),
	(993,'2015-05-12 19:26:46','2015-05-12 19:26:46',NULL,NULL,'rijk','LEFT'),
	(994,'2015-05-12 19:26:46','2015-05-12 19:26:46',NULL,993,'arm','RIGHT'),
	(995,'2015-05-12 19:27:27','2015-05-12 19:27:27',NULL,NULL,'Nederland','LEFT'),
	(996,'2015-05-12 19:27:27','2015-05-12 19:27:27',NULL,995,'Amsterdam','RIGHT'),
	(997,'2015-05-12 19:27:27','2015-05-12 19:27:27',NULL,NULL,'België','LEFT'),
	(998,'2015-05-12 19:27:27','2015-05-12 19:27:27',NULL,997,'Brussel','RIGHT'),
	(999,'2015-05-12 19:32:17','2015-05-12 19:32:17',NULL,NULL,'Ja','LEFT'),
	(1000,'2015-05-12 19:32:17','2015-05-12 19:32:17',NULL,999,'Jaja','RIGHT'),
	(1001,'2015-05-12 19:32:17','2015-05-12 19:32:17',NULL,999,'Jajaja','RIGHT'),
	(1002,'2015-05-12 19:32:17','2015-05-12 19:32:17',NULL,NULL,'Nee','LEFT'),
	(1003,'2015-05-12 19:32:17','2015-05-12 19:32:17',NULL,1002,'Neenee','RIGHT'),
	(1004,'2015-05-12 19:32:17','2015-05-12 19:32:17',NULL,1002,'Neeneenee','RIGHT'),
	(1005,'2015-05-12 19:40:56','2015-05-12 19:40:56',NULL,NULL,'Zoogdieren','LEFT'),
	(1006,'2015-05-12 19:40:56','2015-05-12 19:40:56',NULL,1005,'Mens','RIGHT'),
	(1007,'2015-05-12 19:40:56','2015-05-12 19:40:56',NULL,1005,'Hond','RIGHT'),
	(1008,'2015-05-12 19:40:56','2015-05-12 19:40:56',NULL,1005,'Muis','RIGHT'),
	(1009,'2015-05-12 19:40:56','2015-05-12 19:40:56',NULL,NULL,'Amfibieën','LEFT'),
	(1010,'2015-05-12 19:40:56','2015-05-12 19:40:56',NULL,1009,'Salamander','RIGHT'),
	(1011,'2015-05-12 19:40:56','2015-05-12 19:40:56',NULL,1009,'Kikker','RIGHT'),
	(1012,'2015-05-12 19:40:56','2015-05-12 19:40:56',NULL,1009,'Pad','RIGHT'),
	(1013,'2015-05-12 19:40:56','2015-05-12 19:40:56',NULL,NULL,'Reptielen','LEFT'),
	(1014,'2015-05-12 19:40:56','2015-05-12 19:40:56',NULL,1013,'Krokodil','RIGHT'),
	(1015,'2015-05-12 19:40:56','2015-05-12 19:40:56',NULL,1013,'Schildpad','RIGHT'),
	(1016,'2015-05-12 19:40:56','2015-05-12 19:40:56',NULL,1013,'Slang','RIGHT'),
	(1017,'2015-05-12 19:40:56','2015-05-12 19:40:56',NULL,NULL,'Vissen','LEFT'),
	(1018,'2015-05-12 19:40:56','2015-05-12 19:40:56',NULL,1017,'Makreel','RIGHT'),
	(1019,'2015-05-12 19:40:56','2015-05-12 19:40:56',NULL,1017,'Snoek','RIGHT'),
	(1020,'2015-05-12 19:40:56','2015-05-12 19:40:56',NULL,1017,'Haring','RIGHT'),
	(1021,'2015-05-12 19:40:56','2015-05-12 19:40:56',NULL,NULL,'Vogels','LEFT'),
	(1022,'2015-05-12 19:40:56','2015-05-12 19:40:56',NULL,1021,'Duif','RIGHT'),
	(1023,'2015-05-12 19:40:56','2015-05-12 19:40:56',NULL,1021,'Merel','RIGHT'),
	(1024,'2015-05-12 19:40:56','2015-05-12 19:40:56',NULL,1021,'Struisvogel','RIGHT'),
	(1025,'2015-05-12 19:40:56','2015-05-12 19:40:56',NULL,NULL,'Insectachtigen','LEFT'),
	(1026,'2015-05-12 19:40:57','2015-05-12 19:40:57',NULL,1025,'Horzel','RIGHT'),
	(1027,'2015-05-12 19:40:57','2015-05-12 19:40:57',NULL,1025,'Mier','RIGHT'),
	(1028,'2015-05-12 19:40:57','2015-05-12 19:40:57',NULL,1025,'Bij','RIGHT'),
	(1029,'2015-05-12 19:40:57','2015-05-12 19:40:57',NULL,NULL,'Spinachtigen','LEFT'),
	(1030,'2015-05-12 19:40:57','2015-05-12 19:40:57',NULL,1029,'Kruisspin','RIGHT'),
	(1031,'2015-05-12 19:40:57','2015-05-12 19:40:57',NULL,1029,'Vogelspin','RIGHT'),
	(1032,'2015-05-12 19:40:57','2015-05-12 19:40:57',NULL,1029,'Zwarte Weduwe','RIGHT'),
	(1033,'2015-05-12 19:40:57','2015-05-12 19:40:57',NULL,NULL,'Kreeftachtigen','LEFT'),
	(1034,'2015-05-12 19:40:57','2015-05-12 19:40:57',NULL,1033,'Pissebed','RIGHT'),
	(1035,'2015-05-12 19:40:57','2015-05-12 19:40:57',NULL,1033,'Zandkrabbetje','RIGHT'),
	(1036,'2015-05-12 19:40:57','2015-05-12 19:40:57',NULL,1033,'Garnaal','RIGHT'),
	(1037,'2015-05-12 19:40:57','2015-05-12 19:40:57',NULL,NULL,'Platwormen','LEFT'),
	(1038,'2015-05-12 19:40:57','2015-05-12 19:40:57',NULL,1037,'Lintworm','RIGHT'),
	(1039,'2015-05-12 19:40:57','2015-05-12 19:40:57',NULL,1037,'Trilhaarworm','RIGHT'),
	(1040,'2015-05-12 19:40:57','2015-05-12 19:40:57',NULL,1037,'Planariidae ','RIGHT'),
	(1041,'2015-05-12 19:40:57','2015-05-12 19:40:57',NULL,NULL,'Rondwormen','LEFT'),
	(1042,'2015-05-12 19:40:57','2015-05-12 19:40:57',NULL,1041,'Regenworm','RIGHT'),
	(1043,'2015-05-12 19:40:57','2015-05-12 19:40:57',NULL,1041,'Spoelworm','RIGHT'),
	(1044,'2015-05-12 19:40:57','2015-05-12 19:40:57',NULL,1041,'Aarsmade','RIGHT'),
	(1045,'2015-05-12 19:42:13','2015-05-12 19:42:13',NULL,NULL,'Links','LEFT'),
	(1046,'2015-05-12 19:42:13','2015-05-12 19:42:13',NULL,1045,'Rechts','RIGHT'),
	(1047,'2015-05-12 19:42:13','2015-05-12 19:42:13',NULL,NULL,'Hoog','LEFT'),
	(1048,'2015-05-12 19:42:13','2015-05-12 19:42:13',NULL,1047,'Laag','RIGHT'),
	(1049,'2015-05-12 19:42:13','2015-05-12 19:42:13',NULL,NULL,'Boven','LEFT'),
	(1050,'2015-05-12 19:42:13','2015-05-12 19:42:13',NULL,1049,'Onder','RIGHT'),
	(1051,'2015-05-18 13:05:35','2015-05-18 13:05:35',NULL,NULL,'Alex','LEFT'),
	(1052,'2015-05-18 13:05:35','2015-05-18 13:05:35',NULL,1051,'dansen','RIGHT'),
	(1053,'2015-05-18 13:05:35','2015-05-18 13:05:35',NULL,1051,'wandelen','RIGHT'),
	(1054,'2015-05-18 13:05:35','2015-05-18 13:05:35',NULL,1051,'in de zandbak spelen','RIGHT'),
	(1055,'2015-05-18 13:05:35','2015-05-18 13:05:35',NULL,NULL,'Robin','LEFT'),
	(1056,'2015-05-18 13:05:35','2015-05-18 13:05:35',NULL,1055,'vechtsport','RIGHT'),
	(1057,'2015-05-18 13:05:35','2015-05-18 13:05:35',NULL,1055,'survival','RIGHT'),
	(1058,'2015-05-18 13:05:35','2015-05-18 13:05:35',NULL,1055,'mystiek','RIGHT'),
	(1059,'2015-05-18 13:05:35','2015-05-18 13:05:35',NULL,NULL,'Vangelis','LEFT'),
	(1060,'2015-05-18 13:05:35','2015-05-18 13:05:35',NULL,1059,'Soefisme','RIGHT'),
	(1061,'2015-05-18 13:05:35','2015-05-18 13:05:35',NULL,1059,'Zingen','RIGHT'),
	(1062,'2015-05-18 13:05:35','2015-05-18 13:05:35',NULL,1059,'Uitgaan','RIGHT'),
	(1063,'2015-05-19 14:55:17','2015-05-19 14:55:17',NULL,NULL,'a','LEFT'),
	(1064,'2015-05-19 14:55:17','2015-05-19 14:55:17',NULL,1063,'b','RIGHT'),
	(1065,'2015-05-19 14:55:17','2015-05-19 14:55:17',NULL,NULL,'c','LEFT'),
	(1066,'2015-05-19 14:55:17','2015-05-19 14:55:17',NULL,1065,'d','RIGHT'),
	(1067,'2015-05-19 14:55:34','2015-05-19 14:55:34',NULL,NULL,'a','LEFT'),
	(1068,'2015-05-19 14:55:34','2015-05-19 14:55:34',NULL,1067,'b','RIGHT'),
	(1069,'2015-05-19 14:55:34','2015-05-19 14:55:34',NULL,1067,'c','RIGHT'),
	(1070,'2015-05-19 14:55:34','2015-05-19 14:55:34',NULL,NULL,'d','LEFT'),
	(1071,'2015-05-19 14:55:34','2015-05-19 14:55:34',NULL,1070,'e','RIGHT'),
	(1072,'2015-05-19 14:55:34','2015-05-19 14:55:34',NULL,1070,'f','RIGHT'),
	(1073,'2015-05-23 19:23:56','2015-05-23 19:23:56',NULL,NULL,'Even','LEFT'),
	(1074,'2015-05-23 19:23:56','2015-05-23 19:23:56',NULL,1073,'Oneven','RIGHT'),
	(1075,'2015-05-23 19:23:56','2015-05-23 19:23:56',NULL,NULL,'Recht','LEFT'),
	(1076,'2015-05-23 19:23:56','2015-05-23 19:23:56',NULL,1075,'Krom','RIGHT'),
	(1077,'2015-05-23 19:23:56','2015-05-23 19:23:56',NULL,NULL,'Hoog','LEFT'),
	(1078,'2015-05-23 19:23:56','2015-05-23 19:23:56',NULL,1077,'Laag','RIGHT'),
	(1079,'2015-06-03 15:23:51','2015-06-03 15:23:51',NULL,NULL,'leucocyten','LEFT'),
	(1080,'2015-06-03 15:23:51','2015-06-03 15:23:51',NULL,1079,'witte bloedcellen','RIGHT'),
	(1081,'2015-06-03 15:23:51','2015-06-03 15:23:51',NULL,NULL,'hemoglobine','LEFT'),
	(1082,'2015-06-03 15:23:51','2015-06-03 15:23:51',NULL,1081,'rode bloedcellen','RIGHT'),
	(1083,'2015-06-03 15:23:51','2015-06-03 15:23:51',NULL,NULL,'fibroblasten','LEFT'),
	(1084,'2015-06-03 15:23:51','2015-06-03 15:23:51',NULL,1083,'stollingsmechanisme','RIGHT'),
	(1085,'2015-06-03 15:24:14','2015-06-03 15:24:14',NULL,NULL,'leucocyten','LEFT'),
	(1086,'2015-06-03 15:24:14','2015-06-03 15:24:14',NULL,1085,'witte bloedcellen','RIGHT'),
	(1087,'2015-06-03 15:24:14','2015-06-03 15:24:14',NULL,NULL,'hemoglobine','LEFT'),
	(1088,'2015-06-03 15:24:14','2015-06-03 15:24:14',NULL,1087,'rode bloedcellen','RIGHT'),
	(1089,'2015-06-03 15:24:14','2015-06-03 15:24:14',NULL,NULL,'fibroblasten','LEFT'),
	(1090,'2015-06-03 15:24:14','2015-06-03 15:24:14',NULL,1089,'stollingsmechanisme','RIGHT'),
	(1091,'2015-06-03 15:24:15','2015-06-03 15:24:15',NULL,NULL,'leucocyten','LEFT'),
	(1092,'2015-06-03 15:24:15','2015-06-03 15:24:15',NULL,1091,'witte bloedcellen','RIGHT'),
	(1093,'2015-06-03 15:24:15','2015-06-03 15:24:15',NULL,NULL,'hemoglobine','LEFT'),
	(1094,'2015-06-03 15:24:15','2015-06-03 15:24:15',NULL,1093,'rode bloedcellen','RIGHT'),
	(1095,'2015-06-03 15:24:15','2015-06-03 15:24:15',NULL,NULL,'fibroblasten','LEFT'),
	(1096,'2015-06-03 15:24:15','2015-06-03 15:24:15',NULL,1095,'stollingsmechanisme','RIGHT'),
	(1097,'2015-06-03 15:24:15','2015-06-03 15:24:15',NULL,NULL,'leucocyten','LEFT'),
	(1098,'2015-06-03 15:24:15','2015-06-03 15:24:15',NULL,1097,'witte bloedcellen','RIGHT'),
	(1099,'2015-06-03 15:24:15','2015-06-03 15:24:15',NULL,NULL,'hemoglobine','LEFT'),
	(1100,'2015-06-03 15:24:15','2015-06-03 15:24:15',NULL,1099,'rode bloedcellen','RIGHT'),
	(1101,'2015-06-03 15:24:15','2015-06-03 15:24:15',NULL,NULL,'fibroblasten','LEFT'),
	(1102,'2015-06-03 15:24:15','2015-06-03 15:24:15',NULL,1101,'stollingsmechanisme','RIGHT'),
	(1103,'2015-06-03 15:24:15','2015-06-03 15:24:15',NULL,NULL,'leucocyten','LEFT'),
	(1104,'2015-06-03 15:24:15','2015-06-03 15:24:15',NULL,1103,'witte bloedcellen','RIGHT'),
	(1105,'2015-06-03 15:24:15','2015-06-03 15:24:15',NULL,NULL,'hemoglobine','LEFT'),
	(1106,'2015-06-03 15:24:15','2015-06-03 15:24:15',NULL,1105,'rode bloedcellen','RIGHT'),
	(1107,'2015-06-03 15:24:16','2015-06-03 15:24:16',NULL,NULL,'fibroblasten','LEFT'),
	(1108,'2015-06-03 15:24:16','2015-06-03 15:24:16',NULL,1107,'stollingsmechanisme','RIGHT'),
	(1109,'2015-06-03 15:24:16','2015-06-03 15:24:16',NULL,NULL,'leucocyten','LEFT'),
	(1110,'2015-06-03 15:24:16','2015-06-03 15:24:16',NULL,1109,'witte bloedcellen','RIGHT'),
	(1111,'2015-06-03 15:24:16','2015-06-03 15:24:16',NULL,NULL,'hemoglobine','LEFT'),
	(1112,'2015-06-03 15:24:16','2015-06-03 15:24:16',NULL,1111,'rode bloedcellen','RIGHT'),
	(1113,'2015-06-03 15:24:16','2015-06-03 15:24:16',NULL,NULL,'fibroblasten','LEFT'),
	(1114,'2015-06-03 15:24:16','2015-06-03 15:24:16',NULL,1113,'stollingsmechanisme','RIGHT'),
	(1115,'2015-06-03 15:24:16','2015-06-03 15:24:16',NULL,NULL,'leucocyten','LEFT'),
	(1116,'2015-06-03 15:24:16','2015-06-03 15:24:16',NULL,1115,'witte bloedcellen','RIGHT'),
	(1117,'2015-06-03 15:24:16','2015-06-03 15:24:16',NULL,NULL,'hemoglobine','LEFT'),
	(1118,'2015-06-03 15:24:16','2015-06-03 15:24:16',NULL,1117,'rode bloedcellen','RIGHT'),
	(1119,'2015-06-03 15:24:16','2015-06-03 15:24:16',NULL,NULL,'fibroblasten','LEFT'),
	(1120,'2015-06-03 15:24:16','2015-06-03 15:24:16',NULL,1119,'stollingsmechanisme','RIGHT'),
	(1121,'2015-06-03 15:25:57','2015-06-03 15:25:57',NULL,NULL,'ab','LEFT'),
	(1122,'2015-06-03 15:25:57','2015-06-03 15:25:57',NULL,1121,'b','RIGHT'),
	(1123,'2015-06-03 15:25:58','2015-06-03 15:25:58',NULL,NULL,'c','LEFT'),
	(1124,'2015-06-03 15:25:58','2015-06-03 15:25:58',NULL,1123,'d','RIGHT'),
	(1125,'2015-06-03 15:25:58','2015-06-03 15:25:58',NULL,NULL,'e','LEFT'),
	(1126,'2015-06-03 15:25:58','2015-06-03 15:25:58',NULL,1125,'f','RIGHT'),
	(1127,'2015-06-03 15:31:25','2015-06-03 15:31:25',NULL,NULL,'Robin Hormann','LEFT'),
	(1128,'2015-06-03 15:31:25','2015-06-03 15:31:25',NULL,1127,'Survival','RIGHT'),
	(1129,'2015-06-03 15:31:25','2015-06-03 15:31:25',NULL,1127,'Japanse krijgskunst','RIGHT'),
	(1130,'2015-06-03 15:31:25','2015-06-03 15:31:25',NULL,1127,'Macro-economie','RIGHT'),
	(1131,'2015-06-03 15:31:25','2015-06-03 15:31:25',NULL,NULL,'Carlo Schoep','LEFT'),
	(1132,'2015-06-03 15:31:25','2015-06-03 15:31:25',NULL,1131,'Auto`s','RIGHT'),
	(1133,'2015-06-03 15:31:25','2015-06-03 15:31:25',NULL,1131,'Bouwen en knutselen met zijn kind(eren)','RIGHT'),
	(1134,'2015-06-03 15:31:25','2015-06-03 15:31:25',NULL,1131,'Programmeren','RIGHT'),
	(1135,'2015-06-03 15:31:26','2015-06-03 15:31:26',NULL,NULL,'Alex Karlas','LEFT'),
	(1136,'2015-06-03 15:31:26','2015-06-03 15:31:26',NULL,1135,'Bushcraft','RIGHT'),
	(1137,'2015-06-03 15:31:26','2015-06-03 15:31:26',NULL,1135,'Tabletop-gaming','RIGHT'),
	(1138,'2015-06-03 15:31:26','2015-06-03 15:31:26',NULL,1135,'Blender 3D','RIGHT'),
	(1139,'2015-06-03 15:36:36','2015-06-03 15:36:36',NULL,NULL,'Links','LEFT'),
	(1140,'2015-06-03 15:36:36','2015-06-03 15:36:36',NULL,1139,'Rechts','RIGHT'),
	(1141,'2015-06-03 15:36:36','2015-06-03 15:36:36',NULL,NULL,'Piett','LEFT'),
	(1142,'2015-06-03 15:36:36','2015-06-03 15:36:36',NULL,1141,'Jan','RIGHT'),
	(1143,'2015-06-03 15:59:24','2015-06-03 15:59:24',NULL,NULL,'Kaas','LEFT'),
	(1144,'2015-06-03 15:59:24','2015-06-03 15:59:24',NULL,1143,'Holland','RIGHT'),
	(1145,'2015-06-03 15:59:24','2015-06-03 15:59:24',NULL,1143,'Belgie','RIGHT'),
	(1146,'2015-06-03 15:59:24','2015-06-03 15:59:24',NULL,1143,'Noorwegen','RIGHT'),
	(1147,'2015-06-03 15:59:24','2015-06-03 15:59:24',NULL,NULL,'Auto','LEFT'),
	(1148,'2015-06-03 15:59:24','2015-06-03 15:59:24',NULL,1147,'Duitsland','RIGHT'),
	(1149,'2015-06-03 15:59:24','2015-06-03 15:59:24',NULL,1147,'Frankrijk','RIGHT'),
	(1150,'2015-06-03 15:59:24','2015-06-03 15:59:24',NULL,1147,'GB','RIGHT'),
	(1151,'2015-06-11 11:20:44','2015-06-11 11:20:44',NULL,NULL,'even','LEFT'),
	(1152,'2015-06-11 11:20:44','2015-06-11 11:20:44',NULL,1151,'oneven','RIGHT'),
	(1153,'2015-06-11 11:20:44','2015-06-11 11:20:44',NULL,NULL,'links','LEFT'),
	(1154,'2015-06-11 11:20:44','2015-06-11 11:20:44',NULL,1153,'rechts','RIGHT'),
	(1155,'2015-06-11 11:20:44','2015-06-11 11:20:44',NULL,NULL,'boven','LEFT'),
	(1156,'2015-06-11 11:20:44','2015-06-11 11:20:44',NULL,1155,'onder','RIGHT'),
	(1157,'2015-06-11 11:33:03','2015-06-11 11:33:03',NULL,NULL,'Alex','LEFT'),
	(1158,'2015-06-11 11:33:03','2015-06-11 11:33:03',NULL,1157,'lightsabre','RIGHT'),
	(1159,'2015-06-11 11:33:03','2015-06-11 11:33:03',NULL,1157,'scimitar','RIGHT'),
	(1160,'2015-06-11 11:33:03','2015-06-11 11:33:03',NULL,1157,'condoom','RIGHT'),
	(1161,'2015-06-11 11:33:03','2015-06-11 11:33:03',NULL,NULL,'Robin','LEFT'),
	(1162,'2015-06-11 11:33:03','2015-06-11 11:33:03',NULL,1161,'m15 rifle','RIGHT'),
	(1163,'2015-06-11 11:33:03','2015-06-11 11:33:03',NULL,1161,'werpster','RIGHT'),
	(1164,'2015-06-11 11:33:03','2015-06-11 11:33:03',NULL,1161,'concealed pocket','RIGHT'),
	(1165,'2015-06-17 19:08:24','2015-06-17 19:08:24',NULL,NULL,'abc','LEFT'),
	(1166,'2015-06-17 19:08:24','2015-06-17 19:08:24',NULL,1165,'123','RIGHT'),
	(1167,'2015-06-17 19:08:24','2015-06-17 19:08:24',NULL,NULL,'rood wit blauw','LEFT'),
	(1168,'2015-06-17 19:08:24','2015-06-17 19:08:24',NULL,1167,'geel wit ultraviolet','RIGHT'),
	(1169,'2015-07-23 11:23:09','2015-07-23 11:23:09',NULL,NULL,'Snaarinstrument','LEFT'),
	(1170,'2015-07-23 11:23:09','2015-07-23 11:23:09',NULL,1169,'Piano','RIGHT'),
	(1171,'2015-07-23 11:23:09','2015-07-23 11:23:09',NULL,NULL,'Blaasinstrument','LEFT'),
	(1172,'2015-07-23 11:23:09','2015-07-23 11:23:09',NULL,1171,'Tuba','RIGHT'),
	(1173,'2015-07-23 11:23:09','2015-07-23 11:23:09',NULL,NULL,'Slaginstrument','LEFT'),
	(1174,'2015-07-23 11:23:09','2015-07-23 11:23:09',NULL,1173,'Darboeka','RIGHT'),
	(1175,'2015-07-23 11:23:09','2015-07-23 11:23:09',NULL,NULL,'Chirurgisch instrument','LEFT'),
	(1176,'2015-07-23 11:23:09','2015-07-23 11:23:09',NULL,1175,'Scalpel','RIGHT'),
	(1177,'2015-07-23 11:33:33','2015-07-23 11:45:51','2015-07-23 11:45:51',NULL,'Keizer Nero','LEFT'),
	(1178,'2015-07-23 11:33:33','2015-07-23 11:45:51','2015-07-23 11:45:51',1177,'Christenen spiesen','RIGHT'),
	(1179,'2015-07-23 11:33:33','2015-07-23 11:45:51','2015-07-23 11:45:51',1177,'Christenen voor de leeuwen gooien','RIGHT'),
	(1180,'2015-07-23 11:33:34','2015-07-23 11:45:51','2015-07-23 11:45:51',1177,'Ornamenten maken van christenlijken','RIGHT'),
	(1181,'2015-07-23 11:33:34','2015-07-23 11:45:51','2015-07-23 11:45:51',NULL,'Führer Hitler','LEFT'),
	(1182,'2015-07-23 11:33:34','2015-07-23 11:45:51','2015-07-23 11:45:51',1181,'Joden vergassen','RIGHT'),
	(1183,'2015-07-23 11:33:34','2015-07-23 11:45:51','2015-07-23 11:45:51',1181,'Joden als proefkonijnen voor de wetenschap gebruiken','RIGHT'),
	(1184,'2015-07-23 11:33:34','2015-07-23 11:45:51','2015-07-23 11:45:51',1181,'Joden als dwangarbeiders inzetten','RIGHT'),
	(1185,'2015-07-23 11:33:34','2015-07-23 11:45:51','2015-07-23 11:45:51',NULL,'Khalief Al-Baghdadi','LEFT'),
	(1186,'2015-07-23 11:33:34','2015-07-23 11:45:51','2015-07-23 11:45:51',1185,'Afvalligen onthoofden','RIGHT'),
	(1187,'2015-07-23 11:33:34','2015-07-23 11:45:51','2015-07-23 11:45:51',1185,'Afvalligen levend verbranden','RIGHT'),
	(1188,'2015-07-23 11:33:34','2015-07-23 11:45:51','2015-07-23 11:45:51',1185,'Afvalligen verdrinken','RIGHT'),
	(1189,'2015-07-23 11:45:51','2015-07-23 11:45:51',NULL,NULL,'Keizer Nero','LEFT'),
	(1190,'2015-07-23 11:45:51','2015-07-23 11:45:51',NULL,1189,'Ornamenten maken van christenlijken','RIGHT'),
	(1191,'2015-07-23 11:45:51','2015-07-23 11:45:51',NULL,1189,'Christenen voor de leeuwen gooien','RIGHT'),
	(1192,'2015-07-23 11:45:51','2015-07-23 11:45:51',NULL,1189,'Christenen spiesen','RIGHT'),
	(1193,'2015-07-23 11:45:51','2015-07-23 11:45:51',NULL,NULL,'Khalief Al-Baghdadi','LEFT'),
	(1194,'2015-07-23 11:45:51','2015-07-23 11:45:51',NULL,1193,'Afvalligen levend verbranden','RIGHT'),
	(1195,'2015-07-23 11:45:51','2015-07-23 11:45:51',NULL,1193,'Afvalligen onthoofden','RIGHT'),
	(1196,'2015-07-23 11:45:51','2015-07-23 11:45:51',NULL,1193,'Afvalligen verdrinken','RIGHT'),
	(1197,'2015-07-23 11:45:51','2015-07-23 11:45:51',NULL,NULL,'Führer Hitler','LEFT'),
	(1198,'2015-07-23 11:45:52','2015-07-23 11:45:52',NULL,1197,'Joden als dwangarbeiders inzetten','RIGHT'),
	(1199,'2015-07-23 11:45:52','2015-07-23 11:45:52',NULL,1197,'Joden als proefkonijnen voor de wetenschap gebruiken','RIGHT'),
	(1200,'2015-07-23 11:45:52','2015-07-23 11:45:52',NULL,1197,'Joden vergassen','RIGHT'),
	(1201,'2015-07-23 14:45:12','2015-07-23 14:45:12',NULL,NULL,'Piet','LEFT'),
	(1202,'2015-07-23 14:45:12','2015-07-23 14:45:12',NULL,1201,'Blauw','RIGHT'),
	(1203,'2015-07-23 14:45:12','2015-07-23 14:45:12',NULL,1201,'Paars','RIGHT'),
	(1204,'2015-07-23 14:45:12','2015-07-23 14:45:12',NULL,1201,'Groen','RIGHT'),
	(1205,'2015-07-23 14:45:13','2015-07-23 14:45:13',NULL,NULL,'Klaas','LEFT'),
	(1206,'2015-07-23 14:45:13','2015-07-23 14:45:13',NULL,1205,'Rood','RIGHT'),
	(1207,'2015-07-23 14:45:13','2015-07-23 14:45:13',NULL,1205,'Zwart','RIGHT'),
	(1208,'2015-07-23 14:45:13','2015-07-23 14:45:13',NULL,1205,'Geel','RIGHT'),
	(1209,'2015-07-23 14:47:03','2015-07-23 14:47:03',NULL,NULL,'1','LEFT'),
	(1210,'2015-07-23 14:47:03','2015-07-23 14:47:03',NULL,1209,'2','RIGHT'),
	(1211,'2015-07-23 14:47:04','2015-07-23 14:47:04',NULL,NULL,'3','LEFT'),
	(1212,'2015-07-23 14:47:04','2015-07-23 14:47:04',NULL,1211,'4','RIGHT'),
	(1213,'2015-08-06 08:34:48','2015-08-06 08:34:48',NULL,NULL,'Test','LEFT'),
	(1214,'2015-08-06 08:34:48','2015-08-06 08:34:48',NULL,1213,'Klaas','RIGHT'),
	(1215,'2015-08-06 08:34:49','2015-08-06 08:34:49',NULL,1213,'Jan','RIGHT'),
	(1216,'2015-08-06 08:34:49','2015-08-06 08:34:49',NULL,1213,'Piet','RIGHT'),
	(1217,'2015-08-06 08:34:49','2015-08-06 08:34:49',NULL,NULL,'Test2','LEFT'),
	(1218,'2015-08-06 08:34:49','2015-08-06 08:34:49',NULL,1217,'Klaas2','RIGHT'),
	(1219,'2015-08-06 08:34:49','2015-08-06 08:34:49',NULL,1217,'Jan2','RIGHT'),
	(1220,'2015-08-06 08:34:49','2015-08-06 08:34:49',NULL,1217,'Piet2','RIGHT'),
	(1221,'2015-08-06 08:54:33','2015-08-06 08:54:33',NULL,NULL,'Zoogdieren','LEFT'),
	(1222,'2015-08-06 08:54:34','2015-08-06 08:54:34',NULL,1221,'Olifant','RIGHT'),
	(1223,'2015-08-06 08:54:34','2015-08-06 08:54:34',NULL,1221,'Paard','RIGHT'),
	(1224,'2015-08-06 08:54:34','2015-08-06 08:54:34',NULL,NULL,'Insecten','LEFT'),
	(1225,'2015-08-06 08:54:34','2015-08-06 08:54:34',NULL,1224,'Dit','RIGHT'),
	(1226,'2015-08-06 08:54:34','2015-08-06 08:54:34',NULL,1224,'Dat','RIGHT'),
	(1227,'2015-08-06 08:54:34','2015-08-06 08:54:34',NULL,1224,'Mier','RIGHT'),
	(1228,'2015-08-06 08:59:02','2015-08-06 08:59:02',NULL,NULL,'1','LEFT'),
	(1229,'2015-08-06 08:59:03','2015-08-06 08:59:03',NULL,1228,'2','RIGHT'),
	(1230,'2015-08-06 08:59:03','2015-08-06 08:59:03',NULL,NULL,'3','LEFT'),
	(1231,'2015-08-06 08:59:03','2015-08-06 08:59:03',NULL,1230,'4','RIGHT'),
	(1232,'2015-08-06 10:18:42','2015-08-06 10:18:42',NULL,NULL,'asd','LEFT'),
	(1233,'2015-08-06 10:18:42','2015-08-06 10:18:42',NULL,1232,'asd','RIGHT'),
	(1234,'2015-08-06 10:18:42','2015-08-06 10:18:42',NULL,NULL,'132','LEFT'),
	(1235,'2015-08-06 10:18:42','2015-08-06 10:18:42',NULL,1234,'123','RIGHT'),
	(1236,'2015-08-06 10:18:56','2015-08-06 10:18:56',NULL,NULL,'asd','LEFT'),
	(1237,'2015-08-06 10:18:56','2015-08-06 10:18:56',NULL,1236,'asdasd','RIGHT'),
	(1238,'2015-08-06 10:18:56','2015-08-06 10:18:56',NULL,NULL,'asd','LEFT'),
	(1239,'2015-08-06 10:18:56','2015-08-06 10:18:56',NULL,1238,'asd','RIGHT'),
	(1240,'2015-08-06 14:34:31','2015-08-06 14:36:24','2015-08-06 14:36:24',NULL,'klinker','LEFT'),
	(1241,'2015-08-06 14:34:32','2015-08-06 14:36:24','2015-08-06 14:36:24',1240,'a','RIGHT'),
	(1242,'2015-08-06 14:34:32','2015-08-06 14:36:24','2015-08-06 14:36:24',1240,'e','RIGHT'),
	(1243,'2015-08-06 14:34:32','2015-08-06 14:36:24','2015-08-06 14:36:24',1240,'i','RIGHT'),
	(1244,'2015-08-06 14:34:32','2015-08-06 14:36:24','2015-08-06 14:36:24',1240,'o','RIGHT'),
	(1245,'2015-08-06 14:34:32','2015-08-06 14:36:24','2015-08-06 14:36:24',1240,'u','RIGHT'),
	(1246,'2015-08-06 14:34:32','2015-08-06 14:36:24','2015-08-06 14:36:24',NULL,'medeklinker','LEFT'),
	(1247,'2015-08-06 14:34:32','2015-08-06 14:36:24','2015-08-06 14:36:24',1246,'b','RIGHT'),
	(1248,'2015-08-06 14:34:32','2015-08-06 14:36:24','2015-08-06 14:36:24',1246,'c','RIGHT'),
	(1249,'2015-08-06 14:34:32','2015-08-06 14:36:24','2015-08-06 14:36:24',1246,'d','RIGHT'),
	(1250,'2015-08-06 14:34:32','2015-08-06 14:36:25','2015-08-06 14:36:25',1246,'f','RIGHT'),
	(1251,'2015-08-06 14:34:32','2015-08-06 14:36:25','2015-08-06 14:36:25',1246,'g','RIGHT'),
	(1252,'2015-08-06 14:34:32','2015-08-06 14:36:25','2015-08-06 14:36:25',1246,'h','RIGHT'),
	(1253,'2015-08-06 14:34:32','2015-08-06 14:36:25','2015-08-06 14:36:25',1246,'j','RIGHT'),
	(1254,'2015-08-06 14:34:32','2015-08-06 14:36:25','2015-08-06 14:36:25',1246,'k','RIGHT'),
	(1255,'2015-08-06 14:34:32','2015-08-06 14:36:25','2015-08-06 14:36:25',1246,'l','RIGHT'),
	(1256,'2015-08-06 14:34:32','2015-08-06 14:36:25','2015-08-06 14:36:25',1246,'m','RIGHT'),
	(1257,'2015-08-06 14:34:32','2015-08-06 14:36:25','2015-08-06 14:36:25',1246,'n','RIGHT'),
	(1258,'2015-08-06 14:34:32','2015-08-06 14:36:25','2015-08-06 14:36:25',1246,'p','RIGHT'),
	(1259,'2015-08-06 14:34:32','2015-08-06 14:36:25','2015-08-06 14:36:25',1246,'q','RIGHT'),
	(1260,'2015-08-06 14:34:32','2015-08-06 14:36:25','2015-08-06 14:36:25',1246,'r','RIGHT'),
	(1261,'2015-08-06 14:34:32','2015-08-06 14:36:25','2015-08-06 14:36:25',1246,'s','RIGHT'),
	(1262,'2015-08-06 14:34:32','2015-08-06 14:36:25','2015-08-06 14:36:25',1246,'t','RIGHT'),
	(1263,'2015-08-06 14:34:32','2015-08-06 14:36:25','2015-08-06 14:36:25',1246,'v','RIGHT'),
	(1264,'2015-08-06 14:34:33','2015-08-06 14:36:25','2015-08-06 14:36:25',1246,'w','RIGHT'),
	(1265,'2015-08-06 14:34:33','2015-08-06 14:36:25','2015-08-06 14:36:25',1246,'x','RIGHT'),
	(1266,'2015-08-06 14:34:33','2015-08-06 14:36:25','2015-08-06 14:36:25',1246,'y','RIGHT'),
	(1267,'2015-08-06 14:34:33','2015-08-06 14:36:25','2015-08-06 14:36:25',1246,'z','RIGHT'),
	(1268,'2015-08-06 14:36:25','2015-08-06 14:36:25',NULL,NULL,'klinker','LEFT'),
	(1269,'2015-08-06 14:36:25','2015-08-06 14:36:25',NULL,1268,'a','RIGHT'),
	(1270,'2015-08-06 14:36:25','2015-08-06 14:36:25',NULL,1268,'e','RIGHT'),
	(1271,'2015-08-06 14:36:25','2015-08-06 14:36:25',NULL,1268,'i','RIGHT'),
	(1272,'2015-08-06 14:36:25','2015-08-06 14:36:25',NULL,1268,'o','RIGHT'),
	(1273,'2015-08-06 14:36:25','2015-08-06 14:36:25',NULL,1268,'u','RIGHT'),
	(1274,'2015-08-06 14:36:25','2015-08-06 14:36:25',NULL,NULL,'medeklinkers','LEFT'),
	(1275,'2015-08-06 14:36:25','2015-08-06 14:36:25',NULL,1274,'b','RIGHT'),
	(1276,'2015-08-06 14:36:25','2015-08-06 14:36:25',NULL,1274,'c','RIGHT'),
	(1277,'2015-08-06 14:36:25','2015-08-06 14:36:25',NULL,1274,'d','RIGHT'),
	(1278,'2015-08-06 14:36:25','2015-08-06 14:36:25',NULL,1274,'f','RIGHT'),
	(1279,'2015-08-06 14:36:25','2015-08-06 14:36:25',NULL,1274,'g','RIGHT'),
	(1280,'2015-08-06 14:36:25','2015-08-06 14:36:25',NULL,1274,'h','RIGHT'),
	(1281,'2015-08-06 14:36:25','2015-08-06 14:36:25',NULL,1274,'j','RIGHT'),
	(1282,'2015-08-06 14:36:25','2015-08-06 14:36:25',NULL,1274,'k','RIGHT'),
	(1283,'2015-08-06 14:36:25','2015-08-06 14:36:25',NULL,1274,'l','RIGHT'),
	(1284,'2015-08-06 14:36:25','2015-08-06 14:36:25',NULL,1274,'m','RIGHT'),
	(1285,'2015-08-06 14:36:25','2015-08-06 14:36:25',NULL,1274,'n','RIGHT'),
	(1286,'2015-08-06 14:36:25','2015-08-06 14:36:25',NULL,1274,'p','RIGHT'),
	(1287,'2015-08-06 14:36:25','2015-08-06 14:36:25',NULL,1274,'q','RIGHT'),
	(1288,'2015-08-06 14:36:25','2015-08-06 14:36:25',NULL,1274,'r','RIGHT'),
	(1289,'2015-08-06 14:36:25','2015-08-06 14:36:25',NULL,1274,'s','RIGHT'),
	(1290,'2015-08-06 14:36:25','2015-08-06 14:36:25',NULL,1274,'t','RIGHT'),
	(1291,'2015-08-06 14:36:26','2015-08-06 14:36:26',NULL,1274,'v','RIGHT'),
	(1292,'2015-08-06 14:36:26','2015-08-06 14:36:26',NULL,1274,'w','RIGHT'),
	(1293,'2015-08-06 14:36:26','2015-08-06 14:36:26',NULL,1274,'x','RIGHT'),
	(1294,'2015-08-06 14:36:26','2015-08-06 14:36:26',NULL,1274,'y','RIGHT'),
	(1295,'2015-08-06 14:36:26','2015-08-06 14:36:26',NULL,1274,'z','RIGHT'),
	(1296,'2015-08-06 14:37:19','2015-08-06 14:37:19',NULL,NULL,'zwart','LEFT'),
	(1297,'2015-08-06 14:37:19','2015-08-06 14:37:19',NULL,1296,'wit','RIGHT'),
	(1298,'2015-08-06 14:37:19','2015-08-06 14:37:19',NULL,NULL,'links','LEFT'),
	(1299,'2015-08-06 14:37:19','2015-08-06 14:37:19',NULL,1298,'rechts','RIGHT'),
	(1300,'2015-08-19 10:06:25','2015-08-19 10:06:25',NULL,NULL,'Bril','LEFT'),
	(1301,'2015-08-19 10:06:25','2015-08-19 10:06:25',NULL,1300,'Ogen','RIGHT'),
	(1302,'2015-08-19 10:06:25','2015-08-19 10:06:25',NULL,NULL,'Gehoorapparaat','LEFT'),
	(1303,'2015-08-19 10:06:25','2015-08-19 10:06:25',NULL,1302,'Oren','RIGHT'),
	(1304,'2015-08-19 10:06:25','2015-08-19 10:06:25',NULL,NULL,'Speurhond','LEFT'),
	(1305,'2015-08-19 10:06:25','2015-08-19 10:06:25',NULL,1304,'Neus','RIGHT'),
	(1306,'2015-08-19 10:14:12','2015-08-19 13:55:41','2015-08-19 13:55:41',NULL,'Letters','LEFT'),
	(1307,'2015-08-19 10:14:12','2015-08-19 13:55:41','2015-08-19 13:55:41',1306,'A','RIGHT'),
	(1308,'2015-08-19 10:14:12','2015-08-19 13:55:41','2015-08-19 13:55:41',1306,'D','RIGHT'),
	(1309,'2015-08-19 10:14:12','2015-08-19 13:55:41','2015-08-19 13:55:41',1306,'K','RIGHT'),
	(1310,'2015-08-19 10:14:13','2015-08-19 13:55:41','2015-08-19 13:55:41',1306,'Q','RIGHT'),
	(1311,'2015-08-19 10:14:13','2015-08-19 13:55:41','2015-08-19 13:55:41',NULL,'Cijfers','LEFT'),
	(1312,'2015-08-19 10:14:13','2015-08-19 13:55:41','2015-08-19 13:55:41',1311,'1','RIGHT'),
	(1313,'2015-08-19 10:14:13','2015-08-19 13:55:41','2015-08-19 13:55:41',1311,'4','RIGHT'),
	(1314,'2015-08-19 10:14:13','2015-08-19 13:55:41','2015-08-19 13:55:41',1311,'5','RIGHT'),
	(1315,'2015-08-19 10:14:13','2015-08-19 13:55:41','2015-08-19 13:55:41',1311,'0','RIGHT'),
	(1316,'2015-08-19 10:14:13','2015-08-19 13:55:41','2015-08-19 13:55:41',NULL,'Getallen','LEFT'),
	(1317,'2015-08-19 10:14:13','2015-08-19 13:55:41','2015-08-19 13:55:41',1316,'666','RIGHT'),
	(1318,'2015-08-19 10:14:13','2015-08-19 13:55:41','2015-08-19 13:55:41',1316,'XI','RIGHT'),
	(1319,'2015-08-19 10:14:13','2015-08-19 13:55:41','2015-08-19 13:55:41',1316,'10','RIGHT'),
	(1320,'2015-08-19 10:14:13','2015-08-19 13:55:41','2015-08-19 13:55:41',1316,'MCM','RIGHT'),
	(1321,'2015-08-19 13:55:41','2015-08-19 13:55:41',NULL,NULL,'Letters','LEFT'),
	(1322,'2015-08-19 13:55:41','2015-08-19 13:55:41',NULL,1321,'Q','RIGHT'),
	(1323,'2015-08-19 13:55:41','2015-08-19 13:55:41',NULL,1321,'K','RIGHT'),
	(1324,'2015-08-19 13:55:41','2015-08-19 13:55:41',NULL,1321,'D','RIGHT'),
	(1325,'2015-08-19 13:55:41','2015-08-19 13:55:41',NULL,1321,'A','RIGHT'),
	(1326,'2015-08-19 13:55:41','2015-08-19 13:55:41',NULL,NULL,'Getallen','LEFT'),
	(1327,'2015-08-19 13:55:41','2015-08-19 13:55:41',NULL,1326,'10','RIGHT'),
	(1328,'2015-08-19 13:55:41','2015-08-19 13:55:41',NULL,1326,'XI','RIGHT'),
	(1329,'2015-08-19 13:55:41','2015-08-19 13:55:41',NULL,1326,'666','RIGHT'),
	(1330,'2015-08-19 13:55:41','2015-08-19 13:55:41',NULL,1326,'MCM','RIGHT'),
	(1331,'2015-08-19 13:55:41','2015-08-19 13:55:41',NULL,NULL,'Cijfers','LEFT'),
	(1332,'2015-08-19 13:55:41','2015-08-19 13:55:41',NULL,1331,'0','RIGHT'),
	(1333,'2015-08-19 13:55:41','2015-08-19 13:55:41',NULL,1331,'5','RIGHT'),
	(1334,'2015-08-19 13:55:41','2015-08-19 13:55:41',NULL,1331,'4','RIGHT'),
	(1335,'2015-08-19 13:55:42','2015-08-19 13:55:42',NULL,1331,'1','RIGHT'),
	(1336,'2015-08-28 06:41:24','2015-08-28 06:41:24',NULL,NULL,'combineer','LEFT'),
	(1337,'2015-08-28 06:41:24','2015-08-28 06:41:24',NULL,1336,'vraag','RIGHT'),
	(1338,'2015-08-28 06:41:24','2015-08-28 06:41:24',NULL,NULL,'is','LEFT'),
	(1339,'2015-08-28 06:41:24','2015-08-28 06:41:24',NULL,1338,'gemaakt','RIGHT'),
	(1340,'2015-08-28 06:41:58','2015-08-28 06:41:58',NULL,NULL,'Letters','LEFT'),
	(1341,'2015-08-28 06:41:58','2015-08-28 06:41:58',NULL,1340,'a','RIGHT'),
	(1342,'2015-08-28 06:41:58','2015-08-28 06:41:58',NULL,1340,'b','RIGHT'),
	(1343,'2015-08-28 06:41:58','2015-08-28 06:41:58',NULL,1340,'c','RIGHT'),
	(1344,'2015-08-28 06:41:58','2015-08-28 06:41:58',NULL,1340,'d','RIGHT'),
	(1345,'2015-08-28 06:41:58','2015-08-28 06:41:58',NULL,NULL,'Cijfers','LEFT'),
	(1346,'2015-08-28 06:41:58','2015-08-28 06:41:58',NULL,1345,'1','RIGHT'),
	(1347,'2015-08-28 06:41:58','2015-08-28 06:41:58',NULL,1345,'2','RIGHT'),
	(1348,'2015-08-28 06:41:59','2015-08-28 06:41:59',NULL,1345,'3','RIGHT'),
	(1349,'2015-08-28 06:41:59','2015-08-28 06:41:59',NULL,1345,'4','RIGHT'),
	(1350,'2015-09-01 11:33:27','2015-09-01 11:33:27',NULL,NULL,'Klinkers','LEFT'),
	(1351,'2015-09-01 11:33:28','2015-09-01 11:33:28',NULL,1350,'AEO','RIGHT'),
	(1352,'2015-09-01 11:33:28','2015-09-01 11:33:28',NULL,NULL,'Cijfers','LEFT'),
	(1353,'2015-09-01 11:33:28','2015-09-01 11:33:28',NULL,1352,'135','RIGHT'),
	(1354,'2015-09-01 11:33:28','2015-09-01 11:33:28',NULL,NULL,'Geld','LEFT'),
	(1355,'2015-09-01 11:33:28','2015-09-01 11:33:28',NULL,1354,'$$$','RIGHT'),
	(1356,'2015-09-01 11:36:33','2015-09-01 11:36:33',NULL,NULL,'Huiskamer','LEFT'),
	(1357,'2015-09-01 11:36:33','2015-09-01 11:36:33',NULL,1356,'Bankstel','RIGHT'),
	(1358,'2015-09-01 11:36:33','2015-09-01 11:36:33',NULL,1356,'Tafel','RIGHT'),
	(1359,'2015-09-01 11:36:33','2015-09-01 11:36:33',NULL,NULL,'Slaapkamer','LEFT'),
	(1360,'2015-09-01 11:36:33','2015-09-01 11:36:33',NULL,1359,'Bed','RIGHT'),
	(1361,'2015-09-01 11:36:33','2015-09-01 11:36:33',NULL,1359,'Nachtkastje','RIGHT'),
	(1362,'2015-09-01 11:36:33','2015-09-01 11:36:33',NULL,1359,'Sextoys','RIGHT'),
	(1363,'2015-09-01 11:36:33','2015-09-01 11:36:33',NULL,NULL,'Badkamer','LEFT'),
	(1364,'2015-09-01 11:36:33','2015-09-01 11:36:33',NULL,1363,'Tandenborstel','RIGHT'),
	(1365,'2015-09-01 11:36:33','2015-09-01 11:36:33',NULL,1363,'Handdoek','RIGHT'),
	(1366,'2015-09-01 11:36:33','2015-09-01 11:36:33',NULL,1363,'Zeep','RIGHT'),
	(1367,'2015-09-03 17:17:34','2015-09-03 17:17:34',NULL,NULL,'we','LEFT'),
	(1368,'2015-09-03 17:17:34','2015-09-03 17:17:34',NULL,1367,'e','RIGHT'),
	(1369,'2015-09-03 17:17:34','2015-09-03 17:17:34',NULL,NULL,'e3','LEFT'),
	(1370,'2015-09-03 17:17:34','2015-09-03 17:17:34',NULL,1369,'e','RIGHT'),
	(1371,'2015-09-09 11:15:41','2015-09-09 11:15:41',NULL,NULL,'Ja','LEFT'),
	(1372,'2015-09-09 11:15:41','2015-09-09 11:15:41',NULL,1371,'nee','RIGHT'),
	(1373,'2015-09-09 11:15:41','2015-09-09 11:15:41',NULL,NULL,'Groot','LEFT'),
	(1374,'2015-09-09 11:15:41','2015-09-09 11:15:41',NULL,1373,'klein','RIGHT'),
	(1375,'2015-09-15 14:51:30','2015-09-15 14:51:30',NULL,NULL,'links','LEFT'),
	(1376,'2015-09-15 14:51:30','2015-09-15 14:51:30',NULL,1375,'rechts','RIGHT'),
	(1377,'2015-09-15 14:51:30','2015-09-15 14:51:30',NULL,NULL,'beneden','LEFT'),
	(1378,'2015-09-15 14:51:30','2015-09-15 14:51:30',NULL,1377,'boven','RIGHT'),
	(1379,'2015-09-16 11:21:31','2015-09-16 11:21:31',NULL,NULL,'Wel in de longen','LEFT'),
	(1380,'2015-09-16 11:21:31','2015-09-16 11:21:31',NULL,1379,'longblaasjes','RIGHT'),
	(1381,'2015-09-16 11:21:31','2015-09-16 11:21:31',NULL,1379,'bronchie','RIGHT'),
	(1382,'2015-09-16 11:21:31','2015-09-16 11:21:31',NULL,1379,'luchtpijptakje','RIGHT'),
	(1383,'2015-09-16 11:21:31','2015-09-16 11:21:31',NULL,NULL,'Niet in de longen','LEFT'),
	(1384,'2015-09-16 11:21:31','2015-09-16 11:21:31',NULL,1383,'strottenhoofd','RIGHT'),
	(1385,'2015-09-16 11:21:31','2015-09-16 11:21:31',NULL,1383,'keelholte','RIGHT'),
	(1386,'2015-09-16 11:21:31','2015-09-16 11:21:31',NULL,1383,'neusholte','RIGHT'),
	(1387,'2015-09-16 11:21:31','2015-09-16 11:21:31',NULL,1383,'luchtpijp','RIGHT'),
	(1388,'2015-09-28 09:54:18','2015-09-28 09:54:18',NULL,NULL,'Lamarck','LEFT'),
	(1389,'2015-09-28 09:54:18','2015-09-28 09:54:18',NULL,1388,'Aanpassing aan de omgeving, opgedaan tijdens het leven, worden doorgegeven aan een volgende generatie.','RIGHT'),
	(1390,'2015-09-28 09:54:18','2015-09-28 09:54:18',NULL,NULL,'Linnaeus','LEFT'),
	(1391,'2015-09-28 09:54:18','2015-09-28 09:54:18',NULL,1390,'Formuleerde het begrip soort. ','RIGHT'),
	(1392,'2015-09-28 09:54:18','2015-09-28 09:54:18',NULL,NULL,'Lyel','LEFT'),
	(1393,'2015-09-28 09:54:18','2015-09-28 09:54:18',NULL,1392,'Geoloog, geloofde dat de aarde door langzame processen ontstaan was.','RIGHT'),
	(1394,'2015-09-28 09:54:18','2015-09-28 09:54:18',NULL,NULL,'Crick','LEFT'),
	(1395,'2015-09-28 09:54:18','2015-09-28 09:54:18',NULL,1394,'Eén van de wetenschappers die de DNA structuur ontrafelde.','RIGHT'),
	(1396,'2015-10-01 12:55:09','2015-10-01 12:55:09',NULL,NULL,'Charles Darwin','LEFT'),
	(1397,'2015-10-01 12:55:09','2015-10-01 12:55:09',NULL,1396,'Grondlegger van de hedendaagse evolutietheorie.','RIGHT'),
	(1398,'2015-10-01 12:55:09','2015-10-01 12:55:09',NULL,NULL,'Cuvier','LEFT'),
	(1399,'2015-10-01 12:55:09','2015-10-01 12:55:09',NULL,1398,'Grondlegger van het catastrofisme.','RIGHT'),
	(1400,'2015-10-01 12:55:09','2015-10-01 12:55:09',NULL,NULL,'Lamarck','LEFT'),
	(1401,'2015-10-01 12:55:09','2015-10-01 12:55:09',NULL,1400,'Aanpassing aan de omgeving, opgedaan tijdens het leven, worden doorgegeven aan een volgende generatie.','RIGHT'),
	(1402,'2015-10-01 12:55:09','2015-10-01 12:55:09',NULL,NULL,'Linnaeus','LEFT'),
	(1403,'2015-10-01 12:55:10','2015-10-01 12:55:10',NULL,1402,'Formuleerde het begrip soort','RIGHT'),
	(1404,'2015-10-01 12:55:10','2015-10-01 12:55:10',NULL,NULL,'Rosalind Franklin','LEFT'),
	(1405,'2015-10-01 12:55:10','2015-10-01 12:55:10',NULL,1404,'Maakte met een speciale techniek röntgenopnames van DNA-moleculen, waarop een spiraal te zien was.','RIGHT'),
	(1406,'2015-10-01 12:55:10','2015-10-01 12:55:10',NULL,NULL,'Charles Lyell','LEFT'),
	(1407,'2015-10-01 12:55:10','2015-10-01 12:55:10',NULL,1406,'Geoloog, geloofde dat de aarde door langzame processen ontstaan was.','RIGHT'),
	(1408,'2015-10-01 12:55:10','2015-10-01 12:55:10',NULL,NULL,'Watson','LEFT'),
	(1409,'2015-10-01 12:55:10','2015-10-01 12:55:10',NULL,1408,'Eén van de wetenschappers die de DNA structuur ontrafelde.','RIGHT'),
	(1410,'2015-10-29 18:50:50','2015-10-29 18:50:50',NULL,NULL,'Tesla','LEFT'),
	(1411,'2015-10-29 18:50:50','2015-10-29 18:50:50',NULL,1410,'Model S','RIGHT'),
	(1412,'2015-10-29 18:50:50','2015-10-29 18:50:50',NULL,NULL,'Alfa Romeo','LEFT'),
	(1413,'2015-10-29 18:50:50','2015-10-29 18:50:50',NULL,1412,'MiTo Junior','RIGHT'),
	(1414,'2015-10-29 18:50:50','2015-10-29 18:50:50',NULL,NULL,'Bugatti','LEFT'),
	(1415,'2015-10-29 18:50:50','2015-10-29 18:50:50',NULL,1414,'Veyron','RIGHT'),
	(1416,'2015-11-03 20:04:21','2015-11-03 20:04:21',NULL,NULL,'Groepen die vooral mineralen leveren.','LEFT'),
	(1417,'2015-11-03 20:04:21','2015-11-03 20:04:21',NULL,1416,'Groep 2','RIGHT'),
	(1418,'2015-11-03 20:04:21','2015-11-03 20:04:21',NULL,1416,'Groep 5','RIGHT'),
	(1419,'2015-11-03 20:04:21','2015-11-03 20:04:21',NULL,NULL,'Groepen die weinig tot geen mineralen leveren.','LEFT'),
	(1420,'2015-11-03 20:04:21','2015-11-03 20:04:21',NULL,1419,'Groep 1','RIGHT'),
	(1421,'2015-11-03 20:04:21','2015-11-03 20:04:21',NULL,1419,'Groep 3','RIGHT'),
	(1422,'2015-11-03 20:04:21','2015-11-03 20:04:21',NULL,1419,'Groep 4','RIGHT'),
	(1423,'2015-11-03 20:06:26','2015-11-03 20:06:26',NULL,NULL,'Van deze groep(en) heb je dagelijks één of meer voedingsmiddelen nodig.','LEFT'),
	(1424,'2015-11-03 20:06:26','2015-11-03 20:06:26',NULL,1423,'Groep 1','RIGHT'),
	(1425,'2015-11-03 20:06:26','2015-11-03 20:06:26',NULL,1423,'Groep 2','RIGHT'),
	(1426,'2015-11-03 20:06:26','2015-11-03 20:06:26',NULL,1423,'Groep 3','RIGHT'),
	(1427,'2015-11-03 20:06:26','2015-11-03 20:06:26',NULL,1423,'Groep 4','RIGHT'),
	(1428,'2015-11-03 20:06:26','2015-11-03 20:06:26',NULL,1423,'Groep 5','RIGHT'),
	(1429,'2015-11-03 20:06:26','2015-11-03 20:06:26',NULL,NULL,'Van deze groep(en) heb je niet één of meerdere voedingsmiddelen nodig.','LEFT'),
	(1430,'2015-12-08 12:30:51','2015-12-08 12:30:51',NULL,NULL,'Monocultuur','LEFT'),
	(1431,'2015-12-08 12:30:51','2015-12-08 12:30:51',NULL,1430,'Eén soort gewas verbouwen','RIGHT'),
	(1432,'2015-12-08 12:30:51','2015-12-08 12:30:51',NULL,NULL,'Peulvruchten','LEFT'),
	(1433,'2015-12-08 12:30:51','2015-12-08 12:30:51',NULL,1432,'Planten die veel stikstof in de bodem brengen','RIGHT'),
	(1434,'2015-12-08 12:30:51','2015-12-08 12:30:51',NULL,NULL,'Groenbemesting','LEFT'),
	(1435,'2015-12-08 12:30:51','2015-12-08 12:30:51',NULL,1434,'Effectief middel om de opbrengst te verhogen','RIGHT'),
	(1436,'2015-12-09 11:33:14','2015-12-09 11:33:14',NULL,NULL,'Malthus','LEFT'),
	(1437,'2015-12-09 11:33:14','2015-12-09 11:33:14',NULL,1436,'De hoeveelheid geproduceerd voedsel neemt volgens een lineair verband toe, terwijl de wereldbevolking toeneemt volgens een exponentieel verband.','RIGHT'),
	(1438,'2015-12-09 11:33:14','2015-12-09 11:33:14',NULL,NULL,'Club van Rome','LEFT'),
	(1439,'2015-12-09 11:33:14','2015-12-09 11:33:14',NULL,1438,'Natuurlijke hulpbronnen zoals aardolie en aardgas zullen bij het huidige verbruik voor het einde van de 20e eeuw uitgeput raken.','RIGHT'),
	(1440,'2015-12-09 11:33:14','2015-12-09 11:33:14',NULL,1438,'Toenemende industrialisatie zal tot een steeds grotere milieuvervuiling leiden.','RIGHT'),
	(1441,'2016-01-06 13:09:07','2016-01-06 13:09:07',NULL,NULL,'letters','LEFT'),
	(1442,'2016-01-06 13:09:07','2016-01-06 13:09:07',NULL,1441,'A','RIGHT'),
	(1443,'2016-01-06 13:09:07','2016-01-06 13:09:07',NULL,1441,'B','RIGHT'),
	(1444,'2016-01-06 13:09:07','2016-01-06 13:09:07',NULL,1441,'C','RIGHT'),
	(1445,'2016-01-06 13:09:07','2016-01-06 13:09:07',NULL,NULL,'cijfers','LEFT'),
	(1446,'2016-01-06 13:09:07','2016-01-06 13:09:07',NULL,1445,'1','RIGHT'),
	(1447,'2016-01-06 13:09:07','2016-01-06 13:09:07',NULL,1445,'2','RIGHT'),
	(1448,'2016-01-06 13:09:07','2016-01-06 13:09:07',NULL,1445,'3','RIGHT'),
	(1449,'2016-01-14 11:54:37','2016-01-14 11:54:37',NULL,NULL,'sdfg','LEFT'),
	(1450,'2016-01-14 11:54:37','2016-01-14 11:54:37',NULL,1449,'sdfg','RIGHT'),
	(1451,'2016-01-14 11:54:37','2016-01-14 11:54:37',NULL,NULL,'sdfgsdfg','LEFT'),
	(1452,'2016-01-14 11:54:37','2016-01-14 11:54:37',NULL,1451,'dfsgsdfgsdfg','RIGHT'),
	(1453,'2016-01-20 13:44:43','2016-01-20 13:44:43',NULL,NULL,'1','LEFT'),
	(1454,'2016-01-20 13:44:43','2016-01-20 13:44:43',NULL,1453,'2','RIGHT'),
	(1455,'2016-01-20 13:44:44','2016-01-20 13:44:44',NULL,NULL,'a','LEFT'),
	(1456,'2016-01-20 13:44:44','2016-01-20 13:44:44',NULL,1455,'b','RIGHT'),
	(1457,'2016-01-20 13:44:44','2016-01-20 13:44:44',NULL,NULL,'m','LEFT'),
	(1458,'2016-01-20 13:44:44','2016-01-20 13:44:44',NULL,1457,'v','RIGHT'),
	(1459,'2016-01-20 13:44:44','2016-01-20 13:44:44',NULL,NULL,'omhoog','LEFT'),
	(1460,'2016-01-20 13:44:44','2016-01-20 13:44:44',NULL,1459,'omlaag','RIGHT'),
	(1461,'2016-02-26 13:28:34','2016-02-26 13:28:34',NULL,NULL,'qwert','LEFT'),
	(1462,'2016-02-26 13:28:34','2016-02-26 13:28:34',NULL,1461,'qwer','RIGHT'),
	(1463,'2016-02-26 13:28:34','2016-02-26 13:28:34',NULL,1461,'qwe','RIGHT'),
	(1464,'2016-02-26 13:28:34','2016-02-26 13:28:34',NULL,1461,'we','RIGHT'),
	(1465,'2016-02-26 13:28:34','2016-02-26 13:28:34',NULL,NULL,'12345','LEFT'),
	(1466,'2016-02-26 13:28:34','2016-02-26 13:28:34',NULL,1465,'23','RIGHT'),
	(1467,'2016-02-26 13:28:34','2016-02-26 13:28:34',NULL,1465,'5','RIGHT'),
	(1468,'2016-02-26 13:28:34','2016-02-26 13:28:34',NULL,1465,'2','RIGHT'),
	(1469,'2016-05-23 07:14:10','2016-05-23 07:14:10',NULL,NULL,'Wel hormonen in het bloed','LEFT'),
	(1470,'2016-05-23 07:14:10','2016-05-23 07:14:10',NULL,1469,'2','RIGHT'),
	(1471,'2016-05-23 07:14:10','2016-05-23 07:14:10',NULL,1469,'3','RIGHT'),
	(1472,'2016-05-23 07:14:10','2016-05-23 07:14:10',NULL,1469,'4','RIGHT'),
	(1473,'2016-05-23 07:14:10','2016-05-23 07:14:10',NULL,1469,'5','RIGHT'),
	(1474,'2016-05-23 07:14:10','2016-05-23 07:14:10',NULL,NULL,'Geen hormonen in het bloed','LEFT'),
	(1475,'2016-05-23 07:53:18','2016-05-23 07:53:18',NULL,NULL,'Hier liggen cellichamen die door het poliovirus worden aangepast.','LEFT'),
	(1476,'2016-05-23 07:53:18','2016-05-23 07:53:18',NULL,1475,'3','RIGHT'),
	(1477,'2016-05-23 07:53:18','2016-05-23 07:53:18',NULL,NULL,'Hier bevinden zich geen cellichamen die door het poliovirus worden aangepast.','LEFT'),
	(1478,'2016-05-23 07:53:18','2016-05-23 07:53:18',NULL,1477,'1','RIGHT'),
	(1479,'2016-05-23 07:53:18','2016-05-23 07:53:18',NULL,1477,'2','RIGHT'),
	(1480,'2016-06-24 14:23:50','2016-06-24 14:23:50',NULL,NULL,'Bio-ethanol','LEFT'),
	(1481,'2016-06-24 14:23:50','2016-06-24 14:23:50',NULL,1480,'De bron voor deze brandstof is plantaardig.','RIGHT'),
	(1482,'2016-06-24 14:23:50','2016-06-24 14:23:50',NULL,NULL,'Bij beide (zowel waterstof als bio-ethanol)','LEFT'),
	(1483,'2016-06-24 14:23:50','2016-06-24 14:23:50',NULL,1482,'Deze brandstof ksn onderdeel uitmaken van een gesloten kringloop en is daarom duurzaam.','RIGHT'),
	(1484,'2016-06-24 14:23:50','2016-06-24 14:23:50',NULL,NULL,'Waterstof','LEFT'),
	(1485,'2016-06-24 14:23:50','2016-06-24 14:23:50',NULL,1484,'De bron van deze brandstof lijkt onuitputtelijk.','RIGHT'),
	(1486,'2016-06-24 15:21:23','2016-06-24 15:21:23',NULL,NULL,'Nicola Tesla (1884)','LEFT'),
	(1487,'2016-06-24 15:21:23','2016-06-24 15:21:23',NULL,1486,'De inductiemotor (electrisch)','RIGHT'),
	(1488,'2016-06-24 15:21:23','2016-06-24 15:21:23',NULL,NULL,'Karl Benz (1887)','LEFT'),
	(1489,'2016-06-24 15:21:23','2016-06-24 15:21:23',NULL,1488,'De benzinemotor','RIGHT'),
	(1490,'2016-06-24 15:21:23','2016-06-24 15:21:23',NULL,NULL,'François Isaac de Rivaz (1807)','LEFT'),
	(1491,'2016-06-24 15:21:23','2016-06-24 15:21:23',NULL,1490,'De verbrandingsmotor','RIGHT'),
	(1492,'2016-06-24 15:21:23','2016-06-24 15:21:23',NULL,NULL,'Ferdinand Verbiest (1670)','LEFT'),
	(1493,'2016-06-24 15:21:23','2016-06-24 15:21:23',NULL,1492,'De automobiel','RIGHT'),
	(1494,'2016-06-24 15:21:23','2016-06-24 15:21:23',NULL,NULL,'Henry Ford (1908)','LEFT'),
	(1495,'2016-06-24 15:21:23','2016-06-24 15:21:23',NULL,1494,'De lopende band (in de fabriek)','RIGHT'),
	(1496,'2017-09-29 12:57:28','2017-09-29 12:57:28',NULL,NULL,'Auto','LEFT'),
	(1497,'2017-09-29 12:57:28','2017-09-29 12:57:28',NULL,1496,'band','RIGHT'),
	(1498,'2017-09-29 12:57:28','2017-09-29 12:57:28',NULL,NULL,'Caravan','LEFT'),
	(1499,'2017-09-29 12:57:28','2017-09-29 12:57:28',NULL,1498,'wiel','RIGHT'),
	(1500,'2017-09-29 13:08:44','2017-09-29 13:08:44',NULL,NULL,'Rood','LEFT'),
	(1501,'2017-09-29 13:08:44','2017-09-29 13:08:44',NULL,1500,'is je arm','RIGHT'),
	(1502,'2017-09-29 13:08:44','2017-09-29 13:08:44',NULL,1500,'is je voet','RIGHT'),
	(1503,'2017-09-29 13:08:44','2017-09-29 13:08:44',NULL,NULL,'Paars','LEFT'),
	(1504,'2017-09-29 13:08:44','2017-09-29 13:08:44',NULL,1503,'is je teen','RIGHT'),
	(1505,'2017-09-29 13:08:44','2017-09-29 13:08:44',NULL,1503,'is je hand','RIGHT'),
	(1506,'2017-11-01 08:42:10','2017-11-01 08:43:05','2017-11-01 08:43:05',NULL,'Rotterdam','LEFT'),
	(1507,'2017-11-01 08:42:10','2017-11-01 08:43:05','2017-11-01 08:43:05',1506,'Euromast','RIGHT'),
	(1508,'2017-11-01 08:42:10','2017-11-01 08:43:05','2017-11-01 08:43:05',NULL,'Maastricht','LEFT'),
	(1509,'2017-11-01 08:42:10','2017-11-01 08:43:05','2017-11-01 08:43:05',1508,'Het Vrijthof','RIGHT'),
	(1510,'2017-11-01 08:42:10','2017-11-01 08:43:05','2017-11-01 08:43:05',NULL,'Eindhoven','LEFT'),
	(1511,'2017-11-01 08:42:10','2017-11-01 08:43:05','2017-11-01 08:43:05',1510,'Philips','RIGHT'),
	(1512,'2017-11-01 08:42:10','2017-11-01 08:43:05','2017-11-01 08:43:05',NULL,'Amsterdam','LEFT'),
	(1513,'2017-11-01 08:42:10','2017-11-01 08:43:05','2017-11-01 08:43:05',1512,'De walletjes','RIGHT'),
	(1514,'2017-11-01 08:42:10','2017-11-01 08:43:05','2017-11-01 08:43:05',NULL,'New York','LEFT'),
	(1515,'2017-11-01 08:42:11','2017-11-01 08:43:05','2017-11-01 08:43:05',1514,'Wallstreet','RIGHT'),
	(1516,'2017-11-01 08:43:05','2017-11-08 09:43:44','2017-11-08 09:43:44',NULL,'Rotterdam','LEFT'),
	(1517,'2017-11-01 08:43:05','2017-11-08 09:43:44','2017-11-08 09:43:44',1516,'Euromast','RIGHT'),
	(1518,'2017-11-01 08:43:05','2017-11-08 09:43:44','2017-11-08 09:43:44',NULL,'New York','LEFT'),
	(1519,'2017-11-01 08:43:05','2017-11-08 09:43:44','2017-11-08 09:43:44',1518,'Wallstreet','RIGHT'),
	(1520,'2017-11-01 08:43:05','2017-11-08 09:43:44','2017-11-08 09:43:44',NULL,'Amsterdam','LEFT'),
	(1521,'2017-11-01 08:43:05','2017-11-08 09:43:44','2017-11-08 09:43:44',1520,'De walletjes','RIGHT'),
	(1522,'2017-11-01 08:43:05','2017-11-08 09:43:44','2017-11-08 09:43:44',NULL,'Eindhoven','LEFT'),
	(1523,'2017-11-01 08:43:05','2017-11-08 09:43:44','2017-11-08 09:43:44',1522,'Philips','RIGHT'),
	(1524,'2017-11-01 08:43:05','2017-11-08 09:43:44','2017-11-08 09:43:44',NULL,'Maastricht','LEFT'),
	(1525,'2017-11-01 08:43:05','2017-11-08 09:43:44','2017-11-08 09:43:44',1524,'Het Vrijthof','RIGHT'),
	(1526,'2017-11-01 08:44:18','2017-11-01 08:44:18',NULL,NULL,'Rood','LEFT'),
	(1527,'2017-11-01 08:44:18','2017-11-01 08:44:18',NULL,1526,'Baksteen','RIGHT'),
	(1528,'2017-11-01 08:44:18','2017-11-01 08:44:18',NULL,1526,'Ferrari','RIGHT'),
	(1529,'2017-11-01 08:44:18','2017-11-01 08:44:18',NULL,1526,'Tomaat','RIGHT'),
	(1530,'2017-11-01 08:44:18','2017-11-01 08:44:18',NULL,NULL,'Goud','LEFT'),
	(1531,'2017-11-01 08:44:18','2017-11-01 08:44:18',NULL,1530,'Lamborghini','RIGHT'),
	(1532,'2017-11-01 08:44:18','2017-11-01 08:44:18',NULL,1530,'Trouwring','RIGHT'),
	(1533,'2017-11-01 08:44:18','2017-11-01 08:44:18',NULL,1530,'Bling bling','RIGHT'),
	(1534,'2017-11-01 08:55:43','2017-11-01 08:55:43',NULL,NULL,'Saudi Arabia','LEFT'),
	(1535,'2017-11-01 08:55:43','2017-11-01 08:55:43',NULL,1534,'Jeddah','RIGHT'),
	(1536,'2017-11-01 08:55:43','2017-11-01 08:55:43',NULL,NULL,'Egypt','LEFT'),
	(1537,'2017-11-01 08:55:43','2017-11-01 08:55:43',NULL,1536,'Sharm el Sheich','RIGHT'),
	(1538,'2017-11-01 08:55:43','2017-11-01 08:55:43',NULL,NULL,'Suriname','LEFT'),
	(1539,'2017-11-01 08:55:43','2017-11-01 08:55:43',NULL,1538,'Paramaribo','RIGHT'),
	(1540,'2017-11-01 08:55:43','2017-11-01 08:55:43',NULL,NULL,'Morocco','LEFT'),
	(1541,'2017-11-01 08:55:43','2017-11-01 08:55:43',NULL,1540,'Agadir','RIGHT'),
	(1542,'2017-11-01 08:55:43','2017-11-01 08:55:43',NULL,NULL,'France','LEFT'),
	(1543,'2017-11-01 08:55:43','2017-11-01 08:55:43',NULL,1542,'Aras','RIGHT'),
	(1544,'2017-11-01 08:55:43','2017-11-01 08:55:43',NULL,NULL,'Catalonia','LEFT'),
	(1545,'2017-11-01 08:55:43','2017-11-01 08:55:43',NULL,1544,'Barcelona','RIGHT'),
	(1546,'2017-11-01 08:56:47','2017-11-01 08:56:47',NULL,NULL,'Ingrid van Engelshoven (D66) ','LEFT'),
	(1547,'2017-11-01 08:56:47','2017-11-01 08:56:47',NULL,1546,'Onderwijs','RIGHT'),
	(1548,'2017-11-01 08:56:47','2017-11-01 08:56:47',NULL,NULL,'Eric Wiebes (VVD)','LEFT'),
	(1549,'2017-11-01 08:56:47','2017-11-01 08:56:47',NULL,1548,'Economische Zaken en Klimaat','RIGHT'),
	(1550,'2017-11-01 08:56:47','2017-11-01 08:56:47',NULL,NULL,'Hugo de Jonge (CDA) ','LEFT'),
	(1551,'2017-11-01 08:56:47','2017-11-01 08:56:47',NULL,1550,'Vicepremier. Volksgezondheid, Welzijn en Sport','RIGHT'),
	(1552,'2017-11-01 08:56:47','2017-11-01 08:56:47',NULL,NULL,' Ank Bijleveld (CDA) ','LEFT'),
	(1553,'2017-11-01 08:56:47','2017-11-01 08:56:47',NULL,1552,'Defensie','RIGHT'),
	(1554,'2017-11-01 08:58:22','2017-11-23 09:45:52','2017-11-23 09:45:52',NULL,'Kingdom','LEFT'),
	(1555,'2017-11-01 08:58:22','2017-11-23 09:45:52','2017-11-23 09:45:52',1554,'The Netherlands','RIGHT'),
	(1556,'2017-11-01 08:58:22','2017-11-23 09:45:52','2017-11-23 09:45:52',1554,'Saudi Arabia','RIGHT'),
	(1557,'2017-11-01 08:58:22','2017-11-23 09:45:52','2017-11-23 09:45:52',1554,'Jordan','RIGHT'),
	(1558,'2017-11-01 08:58:23','2017-11-23 09:45:52','2017-11-23 09:45:52',1554,'Belgium','RIGHT'),
	(1559,'2017-11-01 08:58:23','2017-11-23 09:45:52','2017-11-23 09:45:52',1554,'Malaysia','RIGHT'),
	(1560,'2017-11-01 08:58:23','2017-11-23 09:45:52','2017-11-23 09:45:52',NULL,'Republic','LEFT'),
	(1561,'2017-11-01 08:58:23','2017-11-23 09:45:52','2017-11-23 09:45:52',1560,'Indonesia','RIGHT'),
	(1562,'2017-11-01 08:58:23','2017-11-23 09:45:52','2017-11-23 09:45:52',1560,'Singapore','RIGHT'),
	(1563,'2017-11-01 08:58:23','2017-11-23 09:45:52','2017-11-23 09:45:52',1560,'Zanzibar','RIGHT'),
	(1564,'2017-11-01 08:58:23','2017-11-23 09:45:52','2017-11-23 09:45:52',1560,'France','RIGHT'),
	(1565,'2017-11-01 08:58:23','2017-11-23 09:45:52','2017-11-23 09:45:52',1560,'North Korea','RIGHT'),
	(1566,'2017-11-01 08:58:24','2017-11-01 08:58:24',NULL,NULL,'Kingdom','LEFT'),
	(1567,'2017-11-01 08:58:24','2017-11-01 08:58:24',NULL,1566,'The Netherlands','RIGHT'),
	(1568,'2017-11-01 08:58:24','2017-11-01 08:58:24',NULL,1566,'Saudi Arabia','RIGHT'),
	(1569,'2017-11-01 08:58:24','2017-11-01 08:58:24',NULL,1566,'Jordan','RIGHT'),
	(1570,'2017-11-01 08:58:24','2017-11-01 08:58:24',NULL,1566,'Belgium','RIGHT'),
	(1571,'2017-11-01 08:58:24','2017-11-01 08:58:24',NULL,1566,'Malaysia','RIGHT'),
	(1572,'2017-11-01 08:58:24','2017-11-01 08:58:24',NULL,NULL,'Republic','LEFT'),
	(1573,'2017-11-01 08:58:24','2017-11-01 08:58:24',NULL,1572,'Indonesia','RIGHT'),
	(1574,'2017-11-01 08:58:24','2017-11-01 08:58:24',NULL,1572,'Singapore','RIGHT'),
	(1575,'2017-11-01 08:58:24','2017-11-01 08:58:24',NULL,1572,'Zanzibar','RIGHT'),
	(1576,'2017-11-01 08:58:24','2017-11-01 08:58:24',NULL,1572,'France','RIGHT'),
	(1577,'2017-11-01 08:58:24','2017-11-01 08:58:24',NULL,1572,'North Korea','RIGHT'),
	(1578,'2017-11-08 09:43:44','2017-11-17 09:44:02','2017-11-17 09:44:02',NULL,'Rotterdam','LEFT'),
	(1579,'2017-11-08 09:43:44','2017-11-17 09:44:02','2017-11-17 09:44:02',1578,'Euromast','RIGHT'),
	(1580,'2017-11-08 09:43:44','2017-11-17 09:44:02','2017-11-17 09:44:02',NULL,'Maastricht','LEFT'),
	(1581,'2017-11-08 09:43:44','2017-11-17 09:44:02','2017-11-17 09:44:02',1580,'Het Vrijthof','RIGHT'),
	(1582,'2017-11-08 09:43:44','2017-11-17 09:44:02','2017-11-17 09:44:02',NULL,'Eindhoven','LEFT'),
	(1583,'2017-11-08 09:43:44','2017-11-17 09:44:02','2017-11-17 09:44:02',1582,'Philips','RIGHT'),
	(1584,'2017-11-08 09:43:44','2017-11-17 09:44:02','2017-11-17 09:44:02',NULL,'Amsterdam','LEFT'),
	(1585,'2017-11-08 09:43:44','2017-11-17 09:44:02','2017-11-17 09:44:02',1584,'De walletjes','RIGHT'),
	(1586,'2017-11-08 09:43:44','2017-11-17 09:44:02','2017-11-17 09:44:02',NULL,'New York','LEFT'),
	(1587,'2017-11-08 09:43:44','2017-11-17 09:44:02','2017-11-17 09:44:02',1586,'Wallstreet','RIGHT'),
	(1588,'2017-11-17 09:44:02','2017-11-17 09:45:13','2017-11-17 09:45:13',NULL,'Rotterdam','LEFT'),
	(1589,'2017-11-17 09:44:02','2017-11-17 09:45:13','2017-11-17 09:45:13',1588,'Euromast','RIGHT'),
	(1590,'2017-11-17 09:44:02','2017-11-17 09:45:13','2017-11-17 09:45:13',NULL,'New York','LEFT'),
	(1591,'2017-11-17 09:44:02','2017-11-17 09:45:13','2017-11-17 09:45:13',1590,'Wallstreet','RIGHT'),
	(1592,'2017-11-17 09:44:03','2017-11-17 09:45:13','2017-11-17 09:45:13',NULL,'Amsterdam','LEFT'),
	(1593,'2017-11-17 09:44:03','2017-11-17 09:45:13','2017-11-17 09:45:13',1592,'De walletjes','RIGHT'),
	(1594,'2017-11-17 09:44:03','2017-11-17 09:45:13','2017-11-17 09:45:13',NULL,'Eindhoven','LEFT'),
	(1595,'2017-11-17 09:44:03','2017-11-17 09:45:13','2017-11-17 09:45:13',1594,'Philips','RIGHT'),
	(1596,'2017-11-17 09:44:03','2017-11-17 09:45:13','2017-11-17 09:45:13',NULL,'Maastricht','LEFT'),
	(1597,'2017-11-17 09:44:03','2017-11-17 09:45:13','2017-11-17 09:45:13',1596,'Het Vrijthof','RIGHT'),
	(1598,'2017-11-17 09:45:13','2017-11-17 09:45:13',NULL,NULL,'Rotterdam','LEFT'),
	(1599,'2017-11-17 09:45:13','2017-11-17 09:45:13',NULL,1598,'Euromast','RIGHT'),
	(1600,'2017-11-17 09:45:13','2017-11-17 09:45:13',NULL,NULL,'Maastricht','LEFT'),
	(1601,'2017-11-17 09:45:13','2017-11-17 09:45:13',NULL,1600,'Het Vrijthof','RIGHT'),
	(1602,'2017-11-17 09:45:13','2017-11-17 09:45:13',NULL,NULL,'Eindhoven','LEFT'),
	(1603,'2017-11-17 09:45:13','2017-11-17 09:45:13',NULL,1602,'Philips','RIGHT'),
	(1604,'2017-11-17 09:45:13','2017-11-17 09:45:13',NULL,NULL,'Amsterdam','LEFT'),
	(1605,'2017-11-17 09:45:13','2017-11-17 09:45:13',NULL,1604,'De walletjes','RIGHT'),
	(1606,'2017-11-17 09:45:13','2017-11-17 09:45:13',NULL,NULL,'New York','LEFT'),
	(1607,'2017-11-17 09:45:13','2017-11-17 09:45:13',NULL,1606,'Wallstreet','RIGHT'),
	(1608,'2017-11-17 15:06:13','2017-11-17 15:06:13',NULL,NULL,'Rood','LEFT'),
	(1609,'2017-11-17 15:06:13','2017-11-17 15:06:13',NULL,1608,'Tomaat','RIGHT'),
	(1610,'2017-11-17 15:06:13','2017-11-17 15:06:13',NULL,NULL,'Bruin','LEFT'),
	(1611,'2017-11-17 15:06:13','2017-11-17 15:06:13',NULL,1610,'banaan','RIGHT'),
	(1612,'2017-11-17 15:06:13','2017-11-17 15:06:13',NULL,NULL,'Groen','LEFT'),
	(1613,'2017-11-17 15:06:13','2017-11-17 15:06:13',NULL,1612,'peer','RIGHT'),
	(1614,'2017-11-17 15:06:13','2017-11-17 15:06:13',NULL,NULL,'Telefoon','LEFT'),
	(1615,'2017-11-17 15:06:14','2017-11-17 15:06:14',NULL,1614,'bruin','RIGHT'),
	(1616,'2017-11-17 15:08:12','2017-11-17 15:08:12',NULL,NULL,'Tuin','LEFT'),
	(1617,'2017-11-17 15:08:12','2017-11-17 15:08:12',NULL,1616,'Kabouter','RIGHT'),
	(1618,'2017-11-17 15:08:12','2017-11-17 15:08:12',NULL,1616,'Tuinslang','RIGHT'),
	(1619,'2017-11-17 15:08:12','2017-11-17 15:08:12',NULL,1616,'Kiezelstenen','RIGHT'),
	(1620,'2017-11-17 15:08:12','2017-11-17 15:08:12',NULL,NULL,'Kelder','LEFT'),
	(1621,'2017-11-17 15:08:12','2017-11-17 15:08:12',NULL,1620,'Schimmel','RIGHT'),
	(1622,'2017-11-17 15:08:12','2017-11-17 15:08:12',NULL,1620,'Gereedschap','RIGHT'),
	(1623,'2017-11-18 14:16:37','2017-11-18 14:16:37',NULL,NULL,'Praktische voordelen','LEFT'),
	(1624,'2017-11-18 14:16:37','2017-11-18 14:16:37',NULL,1623,'tijdsbesparing','RIGHT'),
	(1625,'2017-11-18 14:16:37','2017-11-18 14:16:37',NULL,1623,'toets analyse','RIGHT'),
	(1626,'2017-11-18 14:16:37','2017-11-18 14:16:37',NULL,1623,'besparing van papier','RIGHT'),
	(1627,'2017-11-18 14:16:37','2017-11-18 14:16:37',NULL,1623,'plaats- en tijd onafhankelijk','RIGHT'),
	(1628,'2017-11-18 14:16:37','2017-11-18 14:16:37',NULL,NULL,'Didactische voordelen','LEFT'),
	(1629,'2017-11-18 14:16:37','2017-11-18 14:16:37',NULL,1628,'eigen niveau en tempo','RIGHT'),
	(1630,'2017-11-18 14:16:37','2017-11-18 14:16:37',NULL,1628,'adaptief mogelijk','RIGHT'),
	(1631,'2017-11-18 14:16:37','2017-11-18 14:16:37',NULL,1628,'directe feedback','RIGHT'),
	(1632,'2017-11-18 14:16:37','2017-11-18 14:16:37',NULL,1628,'combinatie van beeld, geluid en tekst','RIGHT'),
	(1633,'2017-11-22 13:21:59','2017-11-22 13:21:59',NULL,NULL,'    voiture','LEFT'),
	(1634,'2017-11-22 13:21:59','2017-11-22 13:21:59',NULL,1633,'roue','RIGHT'),
	(1635,'2017-11-22 13:21:59','2017-11-22 13:21:59',NULL,1633,'envoyer','RIGHT'),
	(1636,'2017-11-22 13:22:00','2017-11-22 13:22:00',NULL,1633,'essuie-glace','RIGHT'),
	(1637,'2017-11-22 13:22:00','2017-11-22 13:22:00',NULL,NULL,'    traîneau','LEFT'),
	(1638,'2017-11-22 13:22:00','2017-11-22 13:22:00',NULL,1637,'renne','RIGHT'),
	(1639,'2017-11-22 13:22:00','2017-11-22 13:22:00',NULL,1637,'froid','RIGHT'),
	(1640,'2017-11-22 13:22:00','2017-11-22 13:22:00',NULL,NULL,'    voiture','LEFT'),
	(1641,'2017-11-22 13:22:00','2017-11-22 13:22:00',NULL,1640,'roue','RIGHT'),
	(1642,'2017-11-22 13:22:01','2017-11-22 13:22:01',NULL,1640,'envoyer','RIGHT'),
	(1643,'2017-11-22 13:22:01','2017-11-22 13:22:01',NULL,1640,'essuie-glace','RIGHT'),
	(1644,'2017-11-22 13:22:01','2017-11-22 13:22:01',NULL,NULL,'    traîneau','LEFT'),
	(1645,'2017-11-22 13:22:01','2017-11-22 13:22:01',NULL,1644,'renne','RIGHT'),
	(1646,'2017-11-22 13:22:01','2017-11-22 13:22:01',NULL,1644,'froid','RIGHT'),
	(1647,'2017-11-23 09:45:53','2017-11-23 09:45:53',NULL,NULL,'Kingdom','LEFT'),
	(1648,'2017-11-23 09:45:53','2017-11-23 09:45:53',NULL,1647,'Malaysia','RIGHT'),
	(1649,'2017-11-23 09:45:53','2017-11-23 09:45:53',NULL,1647,'Belgium','RIGHT'),
	(1650,'2017-11-23 09:45:53','2017-11-23 09:45:53',NULL,1647,'Jordan','RIGHT'),
	(1651,'2017-11-23 09:45:53','2017-11-23 09:45:53',NULL,1647,'Saudi Arabia','RIGHT'),
	(1652,'2017-11-23 09:45:53','2017-11-23 09:45:53',NULL,1647,'The Netherlands','RIGHT'),
	(1653,'2017-11-23 09:45:53','2017-11-23 09:45:53',NULL,NULL,'Republic','LEFT'),
	(1654,'2017-11-23 09:45:53','2017-11-23 09:45:53',NULL,1653,'France','RIGHT'),
	(1655,'2017-11-23 09:45:53','2017-11-23 09:45:53',NULL,1653,'Zanzibar','RIGHT'),
	(1656,'2017-11-23 09:45:54','2017-11-23 09:45:54',NULL,1653,'Singapore','RIGHT'),
	(1657,'2017-11-23 09:45:54','2017-11-23 09:45:54',NULL,1653,'Indonesia','RIGHT'),
	(1658,'2017-11-23 09:45:54','2017-11-23 09:45:54',NULL,1653,'North Korea','RIGHT'),
	(1659,'2017-11-28 16:08:13','2017-11-28 16:17:37','2017-11-28 16:17:37',NULL,'Welke wel','LEFT'),
	(1660,'2017-11-28 16:08:13','2017-11-28 16:17:37','2017-11-28 16:17:37',1659,'passer','RIGHT'),
	(1661,'2017-11-28 16:08:13','2017-11-28 16:17:37','2017-11-28 16:17:37',1659,'geodriehoek','RIGHT'),
	(1662,'2017-11-28 16:08:13','2017-11-28 16:17:37','2017-11-28 16:17:37',1659,'potlood','RIGHT'),
	(1663,'2017-11-28 16:08:13','2017-11-28 16:17:37','2017-11-28 16:17:37',NULL,'Welke niet','LEFT'),
	(1664,'2017-11-28 16:08:13','2017-11-28 16:17:37','2017-11-28 16:17:37',1663,'pen','RIGHT'),
	(1665,'2017-11-28 16:08:13','2017-11-28 16:17:37','2017-11-28 16:17:37',1663,'voetbalschoenen','RIGHT'),
	(1666,'2017-11-28 16:17:37','2017-11-28 16:17:37',NULL,NULL,'Welke wel','LEFT'),
	(1667,'2017-11-28 16:17:37','2017-11-28 16:17:37',NULL,1666,'passer','RIGHT'),
	(1668,'2017-11-28 16:17:37','2017-11-28 16:17:37',NULL,1666,'geodriehoek','RIGHT'),
	(1669,'2017-11-28 16:17:37','2017-11-28 16:17:37',NULL,1666,'potlood','RIGHT'),
	(1670,'2017-11-28 16:17:37','2017-11-28 16:17:37',NULL,NULL,'Welke niet','LEFT'),
	(1671,'2017-11-28 16:17:37','2017-11-28 16:17:37',NULL,1670,'pen','RIGHT'),
	(1672,'2017-11-28 16:17:38','2017-11-28 16:17:38',NULL,1670,'voetbalschoenen','RIGHT'),
	(1673,'2017-11-28 16:17:38','2017-11-28 16:17:38',NULL,1670,'microscoop','RIGHT'),
	(1674,'2017-11-30 15:18:56','2017-11-30 15:43:06','2017-11-30 15:43:06',NULL,'Rood','LEFT'),
	(1675,'2017-11-30 15:18:56','2017-11-30 15:43:06','2017-11-30 15:43:06',1674,'tomaat','RIGHT'),
	(1676,'2017-11-30 15:18:56','2017-11-30 15:43:06','2017-11-30 15:43:06',NULL,'groen','LEFT'),
	(1677,'2017-11-30 15:18:56','2017-11-30 15:43:06','2017-11-30 15:43:06',1676,'komkommer','RIGHT'),
	(1678,'2017-11-30 15:18:56','2017-11-30 15:43:06','2017-11-30 15:43:06',NULL,'geel','LEFT'),
	(1679,'2017-11-30 15:18:56','2017-11-30 15:43:06','2017-11-30 15:43:06',1678,'banaan','RIGHT'),
	(1680,'2017-11-30 15:37:59','2017-11-30 15:37:59',NULL,NULL,'het vliegt','LEFT'),
	(1681,'2017-11-30 15:37:59','2017-11-30 15:37:59',NULL,1680,'Vliegtuig','RIGHT'),
	(1682,'2017-11-30 15:37:59','2017-11-30 15:37:59',NULL,1680,'Vogel','RIGHT'),
	(1683,'2017-11-30 15:37:59','2017-11-30 15:37:59',NULL,1680,'Superman','RIGHT'),
	(1684,'2017-11-30 15:37:59','2017-11-30 15:37:59',NULL,NULL,'het vliegt niet','LEFT'),
	(1685,'2017-11-30 15:37:59','2017-11-30 15:37:59',NULL,1684,'auto','RIGHT'),
	(1686,'2017-11-30 15:37:59','2017-11-30 15:37:59',NULL,1684,'fiets','RIGHT'),
	(1687,'2017-11-30 15:37:59','2017-11-30 15:37:59',NULL,1684,'mens','RIGHT'),
	(1688,'2017-11-30 15:43:06','2017-11-30 15:43:06',NULL,NULL,'Rood','LEFT'),
	(1689,'2017-11-30 15:43:06','2017-11-30 15:43:06',NULL,1688,'tomaat','RIGHT'),
	(1690,'2017-11-30 15:43:06','2017-11-30 15:43:06',NULL,NULL,'groen','LEFT'),
	(1691,'2017-11-30 15:43:06','2017-11-30 15:43:06',NULL,1690,'komkommer','RIGHT'),
	(1692,'2017-11-30 15:44:22','2017-11-30 15:44:22',NULL,NULL,'goud','LEFT'),
	(1693,'2017-11-30 15:44:22','2017-11-30 15:44:22',NULL,1692,'gouden ring','RIGHT'),
	(1694,'2017-11-30 15:44:22','2017-11-30 15:44:22',NULL,NULL,'zilver','LEFT'),
	(1695,'2017-11-30 15:44:22','2017-11-30 15:44:22',NULL,1694,'zilveren armband','RIGHT'),
	(1696,'2017-11-30 17:33:31','2017-11-30 17:33:58','2017-11-30 17:33:58',NULL,'links','LEFT'),
	(1697,'2017-11-30 17:33:31','2017-11-30 17:33:58','2017-11-30 17:33:58',1696,'rechts','RIGHT'),
	(1698,'2017-11-30 17:33:31','2017-11-30 17:33:58','2017-11-30 17:33:58',NULL,'wit','LEFT'),
	(1699,'2017-11-30 17:33:31','2017-11-30 17:33:58','2017-11-30 17:33:58',1698,'zwart','RIGHT'),
	(1700,'2017-11-30 17:33:58','2017-11-30 17:33:58',NULL,NULL,'links','LEFT'),
	(1701,'2017-11-30 17:33:58','2017-11-30 17:33:58',NULL,1700,'rechts','RIGHT'),
	(1702,'2017-11-30 17:33:58','2017-11-30 17:33:58',NULL,NULL,'tafel','LEFT'),
	(1703,'2017-11-30 17:33:59','2017-11-30 17:33:59',NULL,1702,'stoel','RIGHT'),
	(1704,'2017-11-30 17:33:59','2017-11-30 17:33:59',NULL,NULL,'wit','LEFT'),
	(1705,'2017-11-30 17:33:59','2017-11-30 17:33:59',NULL,1704,'zwart','RIGHT'),
	(1706,'2017-11-30 18:12:13','2017-11-30 18:12:36','2017-11-30 18:12:36',NULL,'A','LEFT'),
	(1707,'2017-11-30 18:12:13','2017-11-30 18:12:36','2017-11-30 18:12:36',1706,'Aap','RIGHT'),
	(1708,'2017-11-30 18:12:13','2017-11-30 18:12:36','2017-11-30 18:12:36',NULL,'B','LEFT'),
	(1709,'2017-11-30 18:12:13','2017-11-30 18:12:36','2017-11-30 18:12:36',1708,'Beer','RIGHT'),
	(1710,'2017-11-30 18:12:14','2017-11-30 18:12:36','2017-11-30 18:12:36',NULL,'D','LEFT'),
	(1711,'2017-11-30 18:12:14','2017-11-30 18:12:36','2017-11-30 18:12:36',1710,'Das','RIGHT'),
	(1712,'2017-11-30 18:12:36','2017-11-30 18:12:36',NULL,NULL,'A','LEFT'),
	(1713,'2017-11-30 18:12:36','2017-11-30 18:12:36',NULL,1712,'Aapje','RIGHT'),
	(1714,'2017-11-30 18:12:36','2017-11-30 18:12:36',NULL,NULL,'B','LEFT'),
	(1715,'2017-11-30 18:12:36','2017-11-30 18:12:36',NULL,1714,'Beertje','RIGHT'),
	(1716,'2017-11-30 18:12:36','2017-11-30 18:12:36',NULL,NULL,'D','LEFT'),
	(1717,'2017-11-30 18:12:36','2017-11-30 18:12:36',NULL,1716,'Dasje','RIGHT'),
	(1718,'2017-11-30 18:21:35','2017-11-30 18:21:35',NULL,NULL,'1','LEFT'),
	(1719,'2017-11-30 18:21:35','2017-11-30 18:21:35',NULL,1718,'100','RIGHT'),
	(1720,'2017-11-30 18:21:35','2017-11-30 18:21:35',NULL,NULL,'2','LEFT'),
	(1721,'2017-11-30 18:21:35','2017-11-30 18:21:35',NULL,1720,'200','RIGHT'),
	(1722,'2017-11-30 18:44:44','2017-11-30 18:48:39','2017-11-30 18:48:39',NULL,'AB','LEFT'),
	(1723,'2017-11-30 18:44:44','2017-11-30 18:48:39','2017-11-30 18:48:39',1722,'BA','RIGHT'),
	(1724,'2017-11-30 18:44:44','2017-11-30 18:48:39','2017-11-30 18:48:39',NULL,'Letters','LEFT'),
	(1725,'2017-11-30 18:44:44','2017-11-30 18:48:39','2017-11-30 18:48:39',1724,'sretteL','RIGHT'),
	(1726,'2017-11-30 18:44:44','2017-11-30 18:48:39','2017-11-30 18:48:39',NULL,'Testing','LEFT'),
	(1727,'2017-11-30 18:44:44','2017-11-30 18:48:39','2017-11-30 18:48:39',1726,'gnitseT','RIGHT'),
	(1728,'2017-11-30 18:48:39','2017-11-30 18:52:07','2017-11-30 18:52:07',NULL,'AB','LEFT'),
	(1729,'2017-11-30 18:48:40','2017-11-30 18:52:07','2017-11-30 18:52:07',1728,'BA','RIGHT'),
	(1730,'2017-11-30 18:48:40','2017-11-30 18:52:07','2017-11-30 18:52:07',NULL,'123','LEFT'),
	(1731,'2017-11-30 18:48:40','2017-11-30 18:52:07','2017-11-30 18:52:07',1730,'321','RIGHT'),
	(1732,'2017-11-30 18:48:40','2017-11-30 18:52:07','2017-11-30 18:52:07',NULL,'Letters','LEFT'),
	(1733,'2017-11-30 18:48:40','2017-11-30 18:52:07','2017-11-30 18:52:07',1732,'sretteL','RIGHT'),
	(1734,'2017-11-30 18:48:40','2017-11-30 18:52:07','2017-11-30 18:52:07',NULL,'Testing','LEFT'),
	(1735,'2017-11-30 18:48:40','2017-11-30 18:52:07','2017-11-30 18:52:07',1734,'gnitseT','RIGHT'),
	(1736,'2017-11-30 18:52:07','2017-11-30 18:52:07',NULL,NULL,'123','LEFT'),
	(1737,'2017-11-30 18:52:07','2017-11-30 18:52:07',NULL,1736,'321','RIGHT'),
	(1738,'2017-11-30 18:52:07','2017-11-30 18:52:07',NULL,NULL,'Letters','LEFT'),
	(1739,'2017-11-30 18:52:07','2017-11-30 18:52:07',NULL,1738,'sretteL','RIGHT'),
	(1740,'2017-11-30 18:52:08','2017-11-30 18:52:08',NULL,NULL,'Testing','LEFT'),
	(1741,'2017-11-30 18:52:08','2017-11-30 18:52:08',NULL,1740,'gnitseT','RIGHT'),
	(1742,'2017-12-01 09:13:18','2017-12-01 09:13:48','2017-12-01 09:13:48',NULL,'1','LEFT'),
	(1743,'2017-12-01 09:13:18','2017-12-01 09:13:48','2017-12-01 09:13:48',1742,'1','RIGHT'),
	(1744,'2017-12-01 09:13:18','2017-12-01 09:13:48','2017-12-01 09:13:48',NULL,'2','LEFT'),
	(1745,'2017-12-01 09:13:19','2017-12-01 09:13:48','2017-12-01 09:13:48',1744,'2','RIGHT'),
	(1746,'2017-12-01 09:13:48','2017-12-01 09:14:29','2017-12-01 09:14:29',NULL,'1','LEFT'),
	(1747,'2017-12-01 09:13:48','2017-12-01 09:14:29','2017-12-01 09:14:29',1746,'1','RIGHT'),
	(1748,'2017-12-01 09:13:48','2017-12-01 09:14:29','2017-12-01 09:14:29',NULL,'3','LEFT'),
	(1749,'2017-12-01 09:13:48','2017-12-01 09:14:29','2017-12-01 09:14:29',1748,'3','RIGHT'),
	(1750,'2017-12-01 09:13:49','2017-12-01 09:14:29','2017-12-01 09:14:29',NULL,'2','LEFT'),
	(1751,'2017-12-01 09:13:49','2017-12-01 09:14:29','2017-12-01 09:14:29',1750,'2','RIGHT'),
	(1752,'2017-12-01 09:14:29','2017-12-01 09:27:51','2017-12-01 09:27:51',NULL,'1','LEFT'),
	(1753,'2017-12-01 09:14:29','2017-12-01 09:27:51','2017-12-01 09:27:51',1752,'1','RIGHT'),
	(1754,'2017-12-01 09:14:30','2017-12-01 09:27:51','2017-12-01 09:27:51',NULL,'4','LEFT'),
	(1755,'2017-12-01 09:14:31','2017-12-01 09:27:51','2017-12-01 09:27:51',1754,'4','RIGHT'),
	(1756,'2017-12-01 09:14:31','2017-12-01 09:27:51','2017-12-01 09:27:51',NULL,'3','LEFT'),
	(1757,'2017-12-01 09:14:32','2017-12-01 09:27:51','2017-12-01 09:27:51',1756,'3','RIGHT'),
	(1758,'2017-12-01 09:14:33','2017-12-01 09:27:51','2017-12-01 09:27:51',NULL,'2','LEFT'),
	(1759,'2017-12-01 09:14:34','2017-12-01 09:27:51','2017-12-01 09:27:51',1758,'2','RIGHT'),
	(1760,'2017-12-01 09:27:51','2017-12-01 09:27:51',NULL,NULL,'1','LEFT'),
	(1761,'2017-12-01 09:27:51','2017-12-01 09:27:51',NULL,1760,'1','RIGHT'),
	(1762,'2017-12-01 09:27:51','2017-12-01 09:27:51',NULL,NULL,'5','LEFT'),
	(1763,'2017-12-01 09:27:51','2017-12-01 09:27:51',NULL,1762,'5','RIGHT'),
	(1764,'2017-12-01 09:27:51','2017-12-01 09:27:51',NULL,NULL,'4','LEFT'),
	(1765,'2017-12-01 09:27:51','2017-12-01 09:27:51',NULL,1764,'4','RIGHT'),
	(1766,'2017-12-01 09:27:51','2017-12-01 09:27:51',NULL,NULL,'3','LEFT'),
	(1767,'2017-12-01 09:27:51','2017-12-01 09:27:51',NULL,1766,'3','RIGHT'),
	(1768,'2017-12-01 09:27:51','2017-12-01 09:27:51',NULL,NULL,'2','LEFT'),
	(1769,'2017-12-01 09:27:51','2017-12-01 09:27:51',NULL,1768,'2','RIGHT'),
	(1770,'2017-12-01 09:33:01','2017-12-01 09:34:31','2017-12-01 09:34:31',NULL,'8','LEFT'),
	(1771,'2017-12-01 09:33:01','2017-12-01 09:34:31','2017-12-01 09:34:31',1770,'8','RIGHT'),
	(1772,'2017-12-01 09:33:01','2017-12-01 09:34:31','2017-12-01 09:34:31',NULL,'9','LEFT'),
	(1773,'2017-12-01 09:33:01','2017-12-01 09:34:31','2017-12-01 09:34:31',1772,'9','RIGHT'),
	(1774,'2017-12-01 09:34:31','2017-12-01 09:37:12','2017-12-01 09:37:12',NULL,'8','LEFT'),
	(1775,'2017-12-01 09:34:31','2017-12-01 09:37:12','2017-12-01 09:37:12',1774,'8','RIGHT'),
	(1776,'2017-12-01 09:34:31','2017-12-01 09:37:12','2017-12-01 09:37:12',NULL,'10','LEFT'),
	(1777,'2017-12-01 09:34:31','2017-12-01 09:37:12','2017-12-01 09:37:12',1776,'10','RIGHT'),
	(1778,'2017-12-01 09:34:31','2017-12-01 09:37:12','2017-12-01 09:37:12',NULL,'9','LEFT'),
	(1779,'2017-12-01 09:34:31','2017-12-01 09:37:12','2017-12-01 09:37:12',1778,'9','RIGHT'),
	(1780,'2017-12-01 09:37:12','2017-12-01 09:37:12',NULL,NULL,'8','LEFT'),
	(1781,'2017-12-01 09:37:12','2017-12-01 09:37:12',NULL,1780,'8','RIGHT'),
	(1782,'2017-12-01 09:37:12','2017-12-01 09:37:12',NULL,NULL,'11','LEFT'),
	(1783,'2017-12-01 09:37:12','2017-12-01 09:37:12',NULL,1782,'11','RIGHT'),
	(1784,'2017-12-01 09:37:12','2017-12-01 09:37:12',NULL,NULL,'10','LEFT'),
	(1785,'2017-12-01 09:37:12','2017-12-01 09:37:12',NULL,1784,'10','RIGHT'),
	(1786,'2017-12-01 09:37:12','2017-12-01 09:37:12',NULL,NULL,'9','LEFT'),
	(1787,'2017-12-01 09:37:12','2017-12-01 09:37:12',NULL,1786,'9','RIGHT'),
	(1788,'2017-12-01 09:54:01','2017-12-01 09:54:31','2017-12-01 09:54:31',NULL,'13','LEFT'),
	(1789,'2017-12-01 09:54:01','2017-12-01 09:54:31','2017-12-01 09:54:31',1788,'13','RIGHT'),
	(1790,'2017-12-01 09:54:02','2017-12-01 09:54:31','2017-12-01 09:54:31',NULL,'14','LEFT'),
	(1791,'2017-12-01 09:54:02','2017-12-01 09:54:31','2017-12-01 09:54:31',1790,'14','RIGHT'),
	(1792,'2017-12-01 09:54:02','2017-12-01 09:54:31','2017-12-01 09:54:31',NULL,'15','LEFT'),
	(1793,'2017-12-01 09:54:02','2017-12-01 09:54:31','2017-12-01 09:54:31',1792,'15','RIGHT'),
	(1794,'2017-12-01 09:54:31','2017-12-01 09:54:31',NULL,NULL,'13','LEFT'),
	(1795,'2017-12-01 09:54:32','2017-12-01 09:54:32',NULL,1794,'13','RIGHT'),
	(1796,'2017-12-01 09:54:32','2017-12-01 09:54:32',NULL,NULL,'16','LEFT'),
	(1797,'2017-12-01 09:54:32','2017-12-01 09:54:32',NULL,1796,'16','RIGHT'),
	(1798,'2017-12-01 09:54:32','2017-12-01 09:54:32',NULL,NULL,'14','LEFT'),
	(1799,'2017-12-01 09:54:32','2017-12-01 09:54:32',NULL,1798,'14','RIGHT'),
	(1800,'2017-12-01 09:54:32','2017-12-01 09:54:32',NULL,NULL,'15','LEFT'),
	(1801,'2017-12-01 09:54:32','2017-12-01 09:54:32',NULL,1800,'15','RIGHT'),
	(1802,'2018-01-02 09:50:48','2018-01-02 09:52:15','2018-01-02 09:52:15',NULL,'1','LEFT'),
	(1803,'2018-01-02 09:50:48','2018-01-02 09:52:15','2018-01-02 09:52:15',1802,'10','RIGHT'),
	(1804,'2018-01-02 09:50:48','2018-01-02 09:52:15','2018-01-02 09:52:15',1802,'100','RIGHT'),
	(1805,'2018-01-02 09:50:48','2018-01-02 09:52:15','2018-01-02 09:52:15',1802,'1000','RIGHT'),
	(1806,'2018-01-02 09:50:48','2018-01-02 09:52:15','2018-01-02 09:52:15',1802,'10000','RIGHT'),
	(1807,'2018-01-02 09:50:48','2018-01-02 09:52:15','2018-01-02 09:52:15',NULL,'2','LEFT'),
	(1808,'2018-01-02 09:50:48','2018-01-02 09:52:15','2018-01-02 09:52:15',1807,'20','RIGHT'),
	(1809,'2018-01-02 09:50:48','2018-01-02 09:52:15','2018-01-02 09:52:15',1807,'200','RIGHT'),
	(1810,'2018-01-02 09:50:48','2018-01-02 09:52:15','2018-01-02 09:52:15',1807,'2000','RIGHT'),
	(1811,'2018-01-02 09:50:48','2018-01-02 09:52:15','2018-01-02 09:52:15',1807,'20000','RIGHT'),
	(1812,'2018-01-02 09:52:15','2018-01-02 09:52:15',NULL,NULL,'1','LEFT'),
	(1813,'2018-01-02 09:52:15','2018-01-02 09:52:15',NULL,1812,'100000','RIGHT'),
	(1814,'2018-01-02 09:52:15','2018-01-02 09:52:15',NULL,1812,'10000','RIGHT'),
	(1815,'2018-01-02 09:52:15','2018-01-02 09:52:15',NULL,1812,'1000','RIGHT'),
	(1816,'2018-01-02 09:52:15','2018-01-02 09:52:15',NULL,1812,'100','RIGHT'),
	(1817,'2018-01-02 09:52:15','2018-01-02 09:52:15',NULL,1812,'10','RIGHT'),
	(1818,'2018-01-02 09:52:15','2018-01-02 09:52:15',NULL,NULL,'2','LEFT'),
	(1819,'2018-01-02 09:52:15','2018-01-02 09:52:15',NULL,1818,'200000','RIGHT'),
	(1820,'2018-01-02 09:52:15','2018-01-02 09:52:15',NULL,1818,'2000','RIGHT'),
	(1821,'2018-01-02 09:52:15','2018-01-02 09:52:15',NULL,1818,'200','RIGHT'),
	(1822,'2018-01-02 09:52:15','2018-01-02 09:52:15',NULL,1818,'20','RIGHT'),
	(1823,'2018-01-02 09:52:15','2018-01-02 09:52:15',NULL,1818,'20000','RIGHT'),
	(1824,'2018-01-02 14:08:51','2018-01-02 14:08:51',NULL,NULL,'1','LEFT'),
	(1825,'2018-01-02 14:08:51','2018-01-02 14:08:51',NULL,1824,'1','RIGHT'),
	(1826,'2018-01-02 14:08:51','2018-01-02 14:08:51',NULL,NULL,'2','LEFT'),
	(1827,'2018-01-02 14:08:51','2018-01-02 14:08:51',NULL,1826,'2','RIGHT'),
	(1828,'2018-01-02 14:09:28','2018-01-02 14:09:28',NULL,NULL,'tussen 2 en 5','LEFT'),
	(1829,'2018-01-02 14:09:28','2018-01-02 14:09:28',NULL,1828,'3','RIGHT'),
	(1830,'2018-01-02 14:09:28','2018-01-02 14:09:28',NULL,1828,'4','RIGHT'),
	(1831,'2018-01-02 14:09:28','2018-01-02 14:09:28',NULL,NULL,'tussen 6 en 10','LEFT'),
	(1832,'2018-01-02 14:09:28','2018-01-02 14:09:28',NULL,1831,'7','RIGHT'),
	(1833,'2018-01-02 14:09:28','2018-01-02 14:09:28',NULL,1831,'8','RIGHT'),
	(1834,'2018-01-02 14:09:28','2018-01-02 14:09:28',NULL,1831,'9','RIGHT'),
	(1835,'2018-01-02 14:15:37','2018-01-02 14:15:37',NULL,NULL,'1','LEFT'),
	(1836,'2018-01-02 14:15:37','2018-01-02 14:15:37',NULL,1835,'1','RIGHT'),
	(1837,'2018-01-02 14:15:37','2018-01-02 14:15:37',NULL,NULL,'2','LEFT'),
	(1838,'2018-01-02 14:15:37','2018-01-02 14:15:37',NULL,1837,'2','RIGHT'),
	(1839,'2018-01-02 14:15:37','2018-01-02 14:15:37',NULL,NULL,'3','LEFT'),
	(1840,'2018-01-02 14:15:37','2018-01-02 14:15:37',NULL,1839,'3','RIGHT'),
	(1841,'2018-01-02 14:15:55','2018-01-02 14:15:55',NULL,NULL,'tussen 2 en 5','LEFT'),
	(1842,'2018-01-02 14:15:55','2018-01-02 14:15:55',NULL,1841,'3','RIGHT'),
	(1843,'2018-01-02 14:15:55','2018-01-02 14:15:55',NULL,1841,'4','RIGHT'),
	(1844,'2018-01-02 14:15:55','2018-01-02 14:15:55',NULL,NULL,'tussen 1 en 3','LEFT'),
	(1845,'2018-01-02 14:15:55','2018-01-02 14:15:55',NULL,1844,'2','RIGHT'),
	(1846,'2018-01-02 14:15:55','2018-01-02 14:15:55',NULL,NULL,'tussen 6 en 10','LEFT'),
	(1847,'2018-01-02 14:15:55','2018-01-02 14:15:55',NULL,1846,'7','RIGHT'),
	(1848,'2018-01-02 14:15:55','2018-01-02 14:15:55',NULL,1846,'8','RIGHT'),
	(1849,'2018-01-02 14:15:55','2018-01-02 14:15:55',NULL,1846,'9','RIGHT'),
	(1850,'2018-01-02 16:35:45','2018-01-02 16:35:45',NULL,NULL,'1','LEFT'),
	(1851,'2018-01-02 16:35:45','2018-01-02 16:35:45',NULL,1850,'1','RIGHT'),
	(1852,'2018-01-02 16:35:45','2018-01-02 16:35:45',NULL,NULL,'2','LEFT'),
	(1853,'2018-01-02 16:35:45','2018-01-02 16:35:45',NULL,1852,'2','RIGHT'),
	(1854,'2018-01-02 16:35:45','2018-01-02 16:35:45',NULL,NULL,'3','LEFT'),
	(1855,'2018-01-02 16:35:45','2018-01-02 16:35:45',NULL,1854,'3','RIGHT'),
	(1856,'2018-01-02 16:35:54','2018-01-02 16:35:54',NULL,NULL,'1','LEFT'),
	(1857,'2018-01-02 16:35:54','2018-01-02 16:35:54',NULL,1856,'1','RIGHT'),
	(1858,'2018-01-02 16:35:54','2018-01-02 16:35:54',NULL,NULL,'4','LEFT'),
	(1859,'2018-01-02 16:35:54','2018-01-02 16:35:54',NULL,1858,'4','RIGHT'),
	(1860,'2018-01-02 16:35:54','2018-01-02 16:35:54',NULL,NULL,'2','LEFT'),
	(1861,'2018-01-02 16:35:54','2018-01-02 16:35:54',NULL,1860,'2','RIGHT'),
	(1862,'2018-01-02 16:35:54','2018-01-02 16:35:54',NULL,NULL,'3','LEFT'),
	(1863,'2018-01-02 16:35:54','2018-01-02 16:35:54',NULL,1862,'3','RIGHT'),
	(1864,'2018-01-02 16:36:24','2018-01-02 16:36:24',NULL,NULL,'1','LEFT'),
	(1865,'2018-01-02 16:36:24','2018-01-02 16:36:24',NULL,1864,'1','RIGHT'),
	(1866,'2018-01-02 16:36:24','2018-01-02 16:36:24',NULL,1864,'10','RIGHT'),
	(1867,'2018-01-02 16:36:24','2018-01-02 16:36:24',NULL,1864,'100','RIGHT'),
	(1868,'2018-01-02 16:36:25','2018-01-02 16:36:25',NULL,1864,'1000','RIGHT'),
	(1869,'2018-01-02 16:36:25','2018-01-02 16:36:25',NULL,NULL,'2','LEFT'),
	(1870,'2018-01-02 16:36:25','2018-01-02 16:36:25',NULL,1869,'2','RIGHT'),
	(1871,'2018-01-02 16:36:25','2018-01-02 16:36:25',NULL,1869,'20','RIGHT'),
	(1872,'2018-01-02 16:36:25','2018-01-02 16:36:25',NULL,1869,'200','RIGHT'),
	(1873,'2018-01-02 16:36:25','2018-01-02 16:36:25',NULL,1869,'2000','RIGHT'),
	(1874,'2018-01-02 16:44:34','2018-01-02 16:44:34',NULL,NULL,'1','LEFT'),
	(1875,'2018-01-02 16:44:34','2018-01-02 16:44:34',NULL,1874,'1','RIGHT'),
	(1876,'2018-01-02 16:44:34','2018-01-02 16:44:34',NULL,NULL,'5','LEFT'),
	(1877,'2018-01-02 16:44:34','2018-01-02 16:44:34',NULL,1876,'5','RIGHT'),
	(1878,'2018-01-02 16:44:34','2018-01-02 16:44:34',NULL,NULL,'4','LEFT'),
	(1879,'2018-01-02 16:44:34','2018-01-02 16:44:34',NULL,1878,'4','RIGHT'),
	(1880,'2018-01-02 16:44:35','2018-01-02 16:44:35',NULL,NULL,'2','LEFT'),
	(1881,'2018-01-02 16:44:35','2018-01-02 16:44:35',NULL,1880,'2','RIGHT'),
	(1882,'2018-01-02 16:44:35','2018-01-02 16:44:35',NULL,NULL,'3','LEFT'),
	(1883,'2018-01-02 16:44:35','2018-01-02 16:44:35',NULL,1882,'3','RIGHT'),
	(1884,'2018-01-02 16:46:49','2018-01-02 16:46:49',NULL,NULL,'1','LEFT'),
	(1885,'2018-01-02 16:46:49','2018-01-02 16:46:49',NULL,1884,'10000','RIGHT'),
	(1886,'2018-01-02 16:46:49','2018-01-02 16:46:49',NULL,1884,'1000','RIGHT'),
	(1887,'2018-01-02 16:46:49','2018-01-02 16:46:49',NULL,1884,'100','RIGHT'),
	(1888,'2018-01-02 16:46:49','2018-01-02 16:46:49',NULL,1884,'10','RIGHT'),
	(1889,'2018-01-02 16:46:49','2018-01-02 16:46:49',NULL,1884,'1','RIGHT'),
	(1890,'2018-01-02 16:46:49','2018-01-02 16:46:49',NULL,NULL,'3','LEFT'),
	(1891,'2018-01-02 16:46:49','2018-01-02 16:46:49',NULL,1890,'3','RIGHT'),
	(1892,'2018-01-02 16:46:49','2018-01-02 16:46:49',NULL,1890,'30','RIGHT'),
	(1893,'2018-01-02 16:46:49','2018-01-02 16:46:49',NULL,1890,'300','RIGHT'),
	(1894,'2018-01-02 16:46:50','2018-01-02 16:46:50',NULL,1890,'3000','RIGHT'),
	(1895,'2018-01-02 16:46:50','2018-01-02 16:46:50',NULL,NULL,'2','LEFT'),
	(1896,'2018-01-02 16:46:50','2018-01-02 16:46:50',NULL,1895,'200','RIGHT'),
	(1897,'2018-01-02 16:46:50','2018-01-02 16:46:50',NULL,1895,'20','RIGHT'),
	(1898,'2018-01-02 16:46:50','2018-01-02 16:46:50',NULL,1895,'2','RIGHT'),
	(1899,'2018-01-02 16:46:50','2018-01-02 16:46:50',NULL,1895,'2000','RIGHT'),
	(1900,'2018-01-02 16:46:50','2018-01-02 16:46:50',NULL,1895,'20000','RIGHT'),
	(1901,'2018-01-02 16:47:29','2018-01-02 16:47:29',NULL,NULL,'1','LEFT'),
	(1902,'2018-01-02 16:47:29','2018-01-02 16:47:29',NULL,1901,'1','RIGHT'),
	(1903,'2018-01-02 16:47:29','2018-01-02 16:47:29',NULL,1901,'10','RIGHT'),
	(1904,'2018-01-02 16:47:29','2018-01-02 16:47:29',NULL,1901,'100','RIGHT'),
	(1905,'2018-01-02 16:47:29','2018-01-02 16:47:29',NULL,1901,'1000','RIGHT'),
	(1906,'2018-01-02 16:47:29','2018-01-02 16:47:29',NULL,1901,'10000','RIGHT'),
	(1907,'2018-01-02 16:47:29','2018-01-02 16:47:29',NULL,NULL,'3','LEFT'),
	(1908,'2018-01-02 16:47:29','2018-01-02 16:47:29',NULL,1907,'3','RIGHT'),
	(1909,'2018-01-02 16:47:29','2018-01-02 16:47:29',NULL,1907,'30','RIGHT'),
	(1910,'2018-01-02 16:47:29','2018-01-02 16:47:29',NULL,1907,'300','RIGHT'),
	(1911,'2018-01-02 16:47:29','2018-01-02 16:47:29',NULL,1907,'3000','RIGHT'),
	(1912,'2018-01-02 16:47:29','2018-01-02 16:47:29',NULL,NULL,'2','LEFT'),
	(1913,'2018-01-02 16:47:29','2018-01-02 16:47:29',NULL,1912,'2000','RIGHT'),
	(1914,'2018-01-02 16:47:29','2018-01-02 16:47:29',NULL,1912,'2','RIGHT'),
	(1915,'2018-01-02 16:47:29','2018-01-02 16:47:29',NULL,1912,'20','RIGHT'),
	(1916,'2018-01-02 16:47:29','2018-01-02 16:47:29',NULL,1912,'200','RIGHT'),
	(1917,'2018-01-02 16:47:29','2018-01-02 16:47:29',NULL,1912,'20000','RIGHT'),
	(1918,'2018-01-03 14:03:22','2018-01-03 14:03:22',NULL,NULL,'vliegtuig','LEFT'),
	(1919,'2018-01-03 14:03:22','2018-01-03 14:03:22',NULL,1918,'vleugel','RIGHT'),
	(1920,'2018-01-03 14:03:22','2018-01-03 14:03:22',NULL,NULL,'ruimteschip','LEFT'),
	(1921,'2018-01-03 14:03:22','2018-01-03 14:03:22',NULL,1920,'zuurstoftank','RIGHT'),
	(1922,'2018-01-03 14:03:22','2018-01-03 14:03:22',NULL,NULL,'auto','LEFT'),
	(1923,'2018-01-03 14:03:22','2018-01-03 14:03:22',NULL,1922,'ruitenwisser','RIGHT'),
	(1924,'2018-01-03 14:05:40','2018-01-03 14:05:40',NULL,NULL,'Nederlandse','LEFT'),
	(1925,'2018-01-03 14:05:40','2018-01-03 14:05:40',NULL,1924,'Willem van Hanegem','RIGHT'),
	(1926,'2018-01-03 14:05:40','2018-01-03 14:05:40',NULL,1924,'Vengaboys','RIGHT'),
	(1927,'2018-01-03 14:05:40','2018-01-03 14:05:40',NULL,NULL,'Amerikaanse','LEFT'),
	(1928,'2018-01-03 14:05:40','2018-01-03 14:05:40',NULL,1927,'Donald trump','RIGHT'),
	(1929,'2018-01-03 14:05:40','2018-01-03 14:05:40',NULL,NULL,'Britse','LEFT'),
	(1930,'2018-01-03 14:05:40','2018-01-03 14:05:40',NULL,1929,'Robbie Williams','RIGHT'),
	(1931,'2018-01-03 14:05:40','2018-01-03 14:05:40',NULL,1929,'Freddie Mercury','RIGHT'),
	(1932,'2018-01-03 16:52:38','2018-01-03 16:52:38',NULL,NULL,'vliegtuig','LEFT'),
	(1933,'2018-01-03 16:52:38','2018-01-03 16:52:38',NULL,1932,'vleugel','RIGHT'),
	(1934,'2018-01-03 16:52:38','2018-01-03 16:52:38',NULL,NULL,'!: Aanpassing op origineel item #​2451​','LEFT'),
	(1935,'2018-01-03 16:52:38','2018-01-03 16:52:38',NULL,1934,'!: Aanpassing op origineel item #​2451​','RIGHT'),
	(1936,'2018-01-03 16:52:38','2018-01-03 16:52:38',NULL,NULL,'ruimteschip','LEFT'),
	(1937,'2018-01-03 16:52:38','2018-01-03 16:52:38',NULL,1936,'zuurstoftank','RIGHT'),
	(1938,'2018-01-03 16:53:04','2018-01-03 16:53:04',NULL,NULL,'Nederlandse','LEFT'),
	(1939,'2018-01-03 16:53:04','2018-01-03 16:53:04',NULL,1938,'Willem van Hanegem','RIGHT'),
	(1940,'2018-01-03 16:53:04','2018-01-03 16:53:04',NULL,1938,'Vengaboys','RIGHT'),
	(1941,'2018-01-03 16:53:04','2018-01-03 16:53:04',NULL,NULL,'Amerikaanse','LEFT'),
	(1942,'2018-01-03 16:53:04','2018-01-03 16:53:04',NULL,1941,'Donald trump','RIGHT'),
	(1943,'2018-01-03 16:53:04','2018-01-03 16:53:04',NULL,1941,'!: Aanpassing op origineel item #​24512​','RIGHT'),
	(1944,'2018-01-03 16:53:04','2018-01-03 16:53:04',NULL,NULL,'Britse','LEFT'),
	(1945,'2018-01-03 16:53:04','2018-01-03 16:53:04',NULL,1944,'Robbie Williams','RIGHT'),
	(1946,'2018-01-03 16:53:04','2018-01-03 16:53:04',NULL,1944,'Freddie Mercury','RIGHT'),
	(1947,'2018-01-03 17:06:30','2018-01-03 17:06:30',NULL,NULL,'Nederlandse','LEFT'),
	(1948,'2018-01-03 17:06:30','2018-01-03 17:06:30',NULL,1947,'Willem van Hanegem','RIGHT'),
	(1949,'2018-01-03 17:06:30','2018-01-03 17:06:30',NULL,1947,'Vengaboys','RIGHT'),
	(1950,'2018-01-03 17:06:30','2018-01-03 17:06:30',NULL,NULL,'!: Aanpassing op origineel item binnen de originele toets #​2452​','LEFT'),
	(1951,'2018-01-03 17:06:31','2018-01-03 17:06:31',NULL,1950,'Donald trump','RIGHT'),
	(1952,'2018-01-03 17:06:31','2018-01-03 17:06:31',NULL,1950,'!: Aanpassing op origineel item binnen de originele toets #​2452​','RIGHT'),
	(1953,'2018-01-03 17:06:31','2018-01-03 17:06:31',NULL,NULL,'Britse','LEFT'),
	(1954,'2018-01-03 17:06:31','2018-01-03 17:06:31',NULL,1953,'Robbie Williams','RIGHT'),
	(1955,'2018-01-03 17:06:31','2018-01-03 17:06:31',NULL,1953,'Freddie Mercury','RIGHT');

/*!40000 ALTER TABLE `matching_question_answers_5_1_2018` ENABLE KEYS */;
UNLOCK TABLES;


# Dump of table matching_questions
# ------------------------------------------------------------

DROP TABLE IF EXISTS `matching_questions`;

CREATE TABLE `matching_questions` (
  `id` int(10) unsigned NOT NULL,
  `created_at` timestamp NOT NULL DEFAULT '0000-00-00 00:00:00',
  `updated_at` timestamp NOT NULL DEFAULT '0000-00-00 00:00:00',
  `deleted_at` timestamp NULL DEFAULT NULL,
  `subtype` varchar(45) COLLATE utf8_unicode_ci NOT NULL DEFAULT '',
  PRIMARY KEY (`id`),
  KEY `fk_matching_questions_questions1_idx` (`id`),
  CONSTRAINT `fk_matching_questions_questions1` FOREIGN KEY (`id`) REFERENCES `questions` (`id`) ON DELETE CASCADE ON UPDATE CASCADE
) ENGINE=InnoDB DEFAULT CHARSET=utf8 COLLATE=utf8_unicode_ci;

TRUNCATE TABLE `answers`;

LOCK TABLES `matching_questions` WRITE;
/*!40000 ALTER TABLE `matching_questions` DISABLE KEYS */;

INSERT INTO `matching_questions` (`id`, `created_at`, `updated_at`, `deleted_at`, `subtype`)
VALUES
	(17,'2019-02-25 11:26:39','2019-02-25 11:26:39',NULL,'Matching');

/*!40000 ALTER TABLE `matching_questions` ENABLE KEYS */;
UNLOCK TABLES;


# Dump of table mentors
# ------------------------------------------------------------

DROP TABLE IF EXISTS `mentors`;

CREATE TABLE `mentors` (
  `school_class_id` int(10) unsigned NOT NULL,
  `user_id` int(10) unsigned NOT NULL,
  `created_at` timestamp NOT NULL DEFAULT '0000-00-00 00:00:00',
  `updated_at` timestamp NOT NULL DEFAULT '0000-00-00 00:00:00',
  `deleted_at` timestamp NULL DEFAULT NULL,
  PRIMARY KEY (`school_class_id`,`user_id`),
  KEY `fk_mentors_school_classes1_idx` (`school_class_id`),
  KEY `fk_mentors_users1_idx` (`user_id`),
  CONSTRAINT `fk_mentors_school_classes1` FOREIGN KEY (`school_class_id`) REFERENCES `school_classes` (`id`) ON DELETE CASCADE ON UPDATE CASCADE,
  CONSTRAINT `fk_mentors_users1` FOREIGN KEY (`user_id`) REFERENCES `users` (`id`) ON DELETE CASCADE ON UPDATE CASCADE
) ENGINE=InnoDB DEFAULT CHARSET=utf8 COLLATE=utf8_unicode_ci;

TRUNCATE TABLE `answers`;

LOCK TABLES `mentors` WRITE;
/*!40000 ALTER TABLE `mentors` DISABLE KEYS */;

INSERT INTO `mentors` (`school_class_id`, `user_id`, `created_at`, `updated_at`, `deleted_at`)
VALUES
	(1,1486,'2018-12-21 17:03:38','2018-12-21 17:03:42','2018-12-21 17:03:42'),
	(1,1496,'2018-12-21 17:03:46','2018-12-21 17:03:46',NULL);

/*!40000 ALTER TABLE `mentors` ENABLE KEYS */;
UNLOCK TABLES;


# Dump of table message_receivers
# ------------------------------------------------------------

DROP TABLE IF EXISTS `message_receivers`;

CREATE TABLE `message_receivers` (
  `id` int(10) unsigned NOT NULL AUTO_INCREMENT,
  `created_at` timestamp NOT NULL DEFAULT '0000-00-00 00:00:00',
  `updated_at` timestamp NOT NULL DEFAULT '0000-00-00 00:00:00',
  `deleted_at` timestamp NULL DEFAULT NULL,
  `message_id` int(10) unsigned NOT NULL,
  `user_id` int(10) unsigned NOT NULL,
  `type` enum('TO','CC','BCC') COLLATE utf8_unicode_ci NOT NULL,
  `read` tinyint(1) NOT NULL,
  PRIMARY KEY (`id`),
  KEY `fk_message_receivers_messages1_idx` (`message_id`),
  KEY `fk_message_receivers_users1_idx` (`user_id`),
  CONSTRAINT `fk_message_receivers_messages1` FOREIGN KEY (`message_id`) REFERENCES `messages` (`id`) ON DELETE CASCADE ON UPDATE CASCADE
) ENGINE=InnoDB DEFAULT CHARSET=utf8 COLLATE=utf8_unicode_ci;

TRUNCATE TABLE `answers`;

# Dump of table messages
# ------------------------------------------------------------

DROP TABLE IF EXISTS `messages`;

CREATE TABLE `messages` (
  `id` int(10) unsigned NOT NULL AUTO_INCREMENT,
  `created_at` timestamp NOT NULL DEFAULT '0000-00-00 00:00:00',
  `updated_at` timestamp NOT NULL DEFAULT '0000-00-00 00:00:00',
  `deleted_at` timestamp NULL DEFAULT NULL,
  `user_id` int(10) unsigned NOT NULL,
  `subject` varchar(255) COLLATE utf8_unicode_ci NOT NULL,
  `message` text COLLATE utf8_unicode_ci,
  PRIMARY KEY (`id`),
  KEY `fk_messages_users1_idx` (`user_id`)
) ENGINE=InnoDB DEFAULT CHARSET=utf8 COLLATE=utf8_unicode_ci;

TRUNCATE TABLE `answers`;

# Dump of table migrations
# ------------------------------------------------------------

DROP TABLE IF EXISTS `migrations`;

CREATE TABLE `migrations` (
  `migration` varchar(255) COLLATE utf8_unicode_ci NOT NULL,
  `batch` int(11) NOT NULL
) ENGINE=InnoDB DEFAULT CHARSET=utf8 COLLATE=utf8_unicode_ci;

TRUNCATE TABLE `answers`;

LOCK TABLES `migrations` WRITE;
/*!40000 ALTER TABLE `migrations` DISABLE KEYS */;

INSERT INTO `migrations` (`migration`, `batch`)
VALUES
	('2014_10_12_100000_create_password_resets_table',1),
	('2015_03_11_081125_create_answer_ratings_table',1),
	('2015_03_11_081125_create_answers_table',1),
	('2015_03_11_081125_create_attachments_table',1),
	('2015_03_11_081125_create_completion_question_answers_table',1),
	('2015_03_11_081125_create_completion_questions_table',1),
	('2015_03_11_081125_create_database_questions_table',1),
	('2015_03_11_081125_create_drawing_questions_table',1),
	('2015_03_11_081125_create_education_levels_table',1),
	('2015_03_11_081125_create_invigilators_table',1),
	('2015_03_11_081125_create_licenses_table',1),
	('2015_03_11_081125_create_matching_question_answers_table',1),
	('2015_03_11_081125_create_matching_questions_table',1),
	('2015_03_11_081125_create_multiple_choice_question_answers_table',1),
	('2015_03_11_081125_create_multiple_choice_questions_table',1),
	('2015_03_11_081125_create_open_questions_table',1),
	('2015_03_11_081125_create_periods_table',1),
	('2015_03_11_081125_create_question_groups_table',1),
	('2015_03_11_081125_create_questions_table',1),
	('2015_03_11_081125_create_ranking_question_answers_table',1),
	('2015_03_11_081125_create_ranking_questions_table',1),
	('2015_03_11_081125_create_roles_table',1),
	('2015_03_11_081125_create_sales_organizations_table',1),
	('2015_03_11_081125_create_school_classes_table',1),
	('2015_03_11_081125_create_school_location_ips_table',1),
	('2015_03_11_081125_create_school_locations_table',1),
	('2015_03_11_081125_create_school_years_table',1),
	('2015_03_11_081125_create_schools_table',1),
	('2015_03_11_081125_create_sections_table',1),
	('2015_03_11_081125_create_students_table',1),
	('2015_03_11_081125_create_subjects_table',1),
	('2015_03_11_081125_create_tag_relations_table',1),
	('2015_03_11_081125_create_tags_table',1),
	('2015_03_11_081125_create_teachers_table',1),
	('2015_03_11_081125_create_test_kinds_table',1),
	('2015_03_11_081125_create_test_participants_table',1),
	('2015_03_11_081125_create_test_rating_participants_table',1),
	('2015_03_11_081125_create_test_ratings_table',1),
	('2015_03_11_081125_create_test_take_event_types_table',1),
	('2015_03_11_081125_create_test_take_events_table',1),
	('2015_03_11_081125_create_test_take_statuses_table',1),
	('2015_03_11_081125_create_test_takes_table',1),
	('2015_03_11_081125_create_tests_table',1),
	('2015_03_11_081125_create_umbrella_organizations_table',1),
	('2015_03_11_081125_create_user_roles_table',1),
	('2015_03_11_081125_create_users_table',1),
	('2015_03_11_081128_add_foreign_keys_to_answer_ratings_table',1),
	('2015_03_11_081128_add_foreign_keys_to_answers_table',1),
	('2015_03_11_081128_add_foreign_keys_to_attachments_table',1),
	('2015_03_11_081128_add_foreign_keys_to_completion_question_answers_table',1),
	('2015_03_11_081128_add_foreign_keys_to_completion_questions_table',1),
	('2015_03_11_081128_add_foreign_keys_to_drawing_questions_table',1),
	('2015_03_11_081128_add_foreign_keys_to_invigilators_table',1),
	('2015_03_11_081128_add_foreign_keys_to_licenses_table',1),
	('2015_03_11_081128_add_foreign_keys_to_matching_question_answers_table',1),
	('2015_03_11_081128_add_foreign_keys_to_matching_questions_table',1),
	('2015_03_11_081128_add_foreign_keys_to_multiple_choice_question_answers_table',1),
	('2015_03_11_081128_add_foreign_keys_to_multiple_choice_questions_table',1),
	('2015_03_11_081128_add_foreign_keys_to_open_questions_table',1),
	('2015_03_11_081128_add_foreign_keys_to_periods_table',1),
	('2015_03_11_081128_add_foreign_keys_to_question_groups_table',1),
	('2015_03_11_081128_add_foreign_keys_to_questions_table',1),
	('2015_03_11_081128_add_foreign_keys_to_ranking_question_answers_table',1),
	('2015_03_11_081128_add_foreign_keys_to_ranking_questions_table',1),
	('2015_03_11_081128_add_foreign_keys_to_school_classes_table',1),
	('2015_03_11_081128_add_foreign_keys_to_school_location_ips_table',1),
	('2015_03_11_081128_add_foreign_keys_to_school_locations_table',1),
	('2015_03_11_081128_add_foreign_keys_to_schools_table',1),
	('2015_03_11_081128_add_foreign_keys_to_students_table',1),
	('2015_03_11_081128_add_foreign_keys_to_subjects_table',1),
	('2015_03_11_081128_add_foreign_keys_to_tag_relations_table',1),
	('2015_03_11_081128_add_foreign_keys_to_teachers_table',1),
	('2015_03_11_081128_add_foreign_keys_to_test_participants_table',1),
	('2015_03_11_081128_add_foreign_keys_to_test_rating_participants_table',1),
	('2015_03_11_081128_add_foreign_keys_to_test_ratings_table',1),
	('2015_03_11_081128_add_foreign_keys_to_test_take_events_table',1),
	('2015_03_11_081128_add_foreign_keys_to_test_takes_table',1),
	('2015_03_11_081128_add_foreign_keys_to_tests_table',1),
	('2015_03_11_081128_add_foreign_keys_to_user_roles_table',1),
	('2015_03_11_081128_add_foreign_keys_to_users_table',1),
	('2015_03_11_081129_fixing_laravels_shortcomings1',1),
	('2015_03_16_142954_update_drawing_questions_add_grid_field',2),
	('2015_04_09_132611_change_core_architecture',3),
	('2015_04_30_103345_phase_b_part1_changes',3),
	('2015_05_21_134521_phase_b_part3_changes',4),
	('2015_06_01_113249_phase_b_part4_changes',5),
	('2015_06_01_113250_phase_b_part5_changes',6),
	('2015_06_01_113251_phase_b_part6_changes',7),
	('2015_06_01_113252_phase_b_part7_changes',7),
	('2015_06_01_113253_phase_b_part8_changes',8),
	('2015_06_01_113254_phase_b_part9_changes',9),
	('2015_06_01_113255_phase_b_part10_changes',9),
	('2015_06_01_113256_phase_b_part11_changes',10),
	('2015_06_01_113257_phase_b_part12_changes',10),
	('2015_06_01_113258_phase_b_part13_changes',11),
	('2015_06_01_113259_phase_b_part14_changes',11),
	('2015_06_01_113300_phase_b_part15_changes',11),
	('2015_08_27_143024_create_jobs_table',12),
	('2015_06_01_113301_phase_b_part16_changes',13),
	('2015_06_01_113302_phase_b_part17_changes',14),
	('2015_06_01_113303_phase_b_part18_changes',15),
	('2015_09_08_140317_phase_c_part01_changes',16),
	('2015_10_30_093146_create_failed_jobs_table',17),
	('2015_11_02_095418_add_tests_discussed_counter',18),
	('2015_11_17_154142_extend_attainments',19),
	('2016_07_28_124905_add_discussed_user_id_on_test_take',20),
	('2018_12_20_160256_create_logs_table',21),
	('2019_07_10_114633_jobs_queue_reserved_reserved_at_index_for_laravel_5_3',22);

/*!40000 ALTER TABLE `migrations` ENABLE KEYS */;
UNLOCK TABLES;


# Dump of table multiple_choice_question_answer_links
# ------------------------------------------------------------

DROP TABLE IF EXISTS `multiple_choice_question_answer_links`;

CREATE TABLE `multiple_choice_question_answer_links` (
  `multiple_choice_question_id` int(10) unsigned NOT NULL,
  `multiple_choice_question_answer_id` int(10) unsigned NOT NULL,
  `created_at` timestamp NOT NULL DEFAULT '0000-00-00 00:00:00',
  `updated_at` timestamp NOT NULL DEFAULT '0000-00-00 00:00:00',
  `deleted_at` timestamp NULL DEFAULT NULL,
  `order` int(10) unsigned NOT NULL,
  PRIMARY KEY (`multiple_choice_question_id`,`multiple_choice_question_answer_id`),
  KEY `fk_multiple_choice_question_answer_links_multiple_choice_qu_idx1` (`multiple_choice_question_id`),
  CONSTRAINT `fk_multiple_choice_question_answer_links_multiple_choice_ques2` FOREIGN KEY (`multiple_choice_question_id`) REFERENCES `multiple_choice_questions` (`id`) ON DELETE CASCADE ON UPDATE CASCADE
) ENGINE=InnoDB DEFAULT CHARSET=utf8 COLLATE=utf8_unicode_ci;

TRUNCATE TABLE `answers`;

LOCK TABLES `multiple_choice_question_answer_links` WRITE;
/*!40000 ALTER TABLE `multiple_choice_question_answer_links` DISABLE KEYS */;

INSERT INTO `multiple_choice_question_answer_links` (`multiple_choice_question_id`, `multiple_choice_question_answer_id`, `created_at`, `updated_at`, `deleted_at`, `order`)
VALUES
	(16,1,'2019-02-25 11:25:22','2019-02-25 11:25:22',NULL,1),
	(16,2,'2019-02-25 11:25:22','2019-02-25 11:25:22',NULL,2),
	(16,3,'2019-02-25 11:25:22','2019-02-25 11:25:22',NULL,3),
	(20,4,'2019-02-27 11:02:49','2019-02-27 11:02:49',NULL,1),
	(20,5,'2019-02-27 11:02:49','2019-02-27 11:02:49',NULL,2);

/*!40000 ALTER TABLE `multiple_choice_question_answer_links` ENABLE KEYS */;
UNLOCK TABLES;


# Dump of table multiple_choice_question_answers
# ------------------------------------------------------------

DROP TABLE IF EXISTS `multiple_choice_question_answers`;

CREATE TABLE `multiple_choice_question_answers` (
  `id` int(10) unsigned NOT NULL AUTO_INCREMENT,
  `created_at` timestamp NOT NULL DEFAULT '0000-00-00 00:00:00',
  `updated_at` timestamp NOT NULL DEFAULT '0000-00-00 00:00:00',
  `deleted_at` timestamp NULL DEFAULT NULL,
  `answer` varchar(255) COLLATE utf8_unicode_ci DEFAULT NULL,
  `score` int(11) DEFAULT NULL,
  PRIMARY KEY (`id`)
) ENGINE=InnoDB DEFAULT CHARSET=utf8 COLLATE=utf8_unicode_ci;

TRUNCATE TABLE `answers`;

LOCK TABLES `multiple_choice_question_answers` WRITE;
/*!40000 ALTER TABLE `multiple_choice_question_answers` DISABLE KEYS */;

INSERT INTO `multiple_choice_question_answers` (`id`, `created_at`, `updated_at`, `deleted_at`, `answer`, `score`)
VALUES
	(1,'2019-02-25 11:25:22','2019-02-25 11:25:22',NULL,'Dit is correct',4),
	(2,'2019-02-25 11:25:22','2019-02-25 11:25:22',NULL,'Niet correct 1',0),
	(3,'2019-02-25 11:25:22','2019-02-25 11:25:22',NULL,'Niet correct 2',0),
	(4,'2019-02-27 11:02:49','2019-02-27 11:02:49',NULL,'juist',2),
	(5,'2019-02-27 11:02:49','2019-02-27 11:02:49',NULL,'onjuist',0);

/*!40000 ALTER TABLE `multiple_choice_question_answers` ENABLE KEYS */;
UNLOCK TABLES;


# Dump of table multiple_choice_question_answers_5_1_2018
# ------------------------------------------------------------

DROP TABLE IF EXISTS `multiple_choice_question_answers_5_1_2018`;

CREATE TABLE `multiple_choice_question_answers_5_1_2018` (
  `id` int(10) unsigned NOT NULL AUTO_INCREMENT,
  `created_at` timestamp NOT NULL DEFAULT '0000-00-00 00:00:00',
  `updated_at` timestamp NOT NULL DEFAULT '0000-00-00 00:00:00',
  `deleted_at` timestamp NULL DEFAULT NULL,
  `answer` varchar(255) COLLATE utf8_unicode_ci DEFAULT NULL,
  `score` int(11) DEFAULT NULL,
  PRIMARY KEY (`id`)
) ENGINE=InnoDB DEFAULT CHARSET=utf8 COLLATE=utf8_unicode_ci;

TRUNCATE TABLE `answers`;

LOCK TABLES `multiple_choice_question_answers_5_1_2018` WRITE;
/*!40000 ALTER TABLE `multiple_choice_question_answers_5_1_2018` DISABLE KEYS */;

INSERT INTO `multiple_choice_question_answers_5_1_2018` (`id`, `created_at`, `updated_at`, `deleted_at`, `answer`, `score`)
VALUES
	(1,'2015-02-10 14:26:15','2015-02-10 14:26:15',NULL,NULL,NULL),
	(2,'2015-02-10 14:26:15','2015-02-10 14:26:15',NULL,NULL,NULL),
	(3,'2015-02-10 14:26:15','2015-02-10 14:26:15',NULL,NULL,NULL),
	(4,'2015-02-10 14:26:33','2015-02-10 14:26:33',NULL,NULL,NULL),
	(5,'2015-02-10 14:26:33','2015-02-10 14:26:33',NULL,NULL,NULL),
	(6,'2015-02-10 14:26:33','2015-02-10 14:26:33',NULL,NULL,NULL),
	(7,'2015-02-10 14:27:04','2015-02-10 14:27:04',NULL,NULL,NULL),
	(8,'2015-02-10 14:27:04','2015-02-10 14:27:04',NULL,NULL,NULL),
	(9,'2015-02-10 14:27:04','2015-02-10 14:27:04',NULL,NULL,NULL),
	(10,'2015-02-10 14:28:27','2015-02-10 14:28:27',NULL,'Optie 1',5),
	(11,'2015-02-10 14:28:27','2015-02-10 14:28:27',NULL,'Optie 2',10),
	(12,'2015-02-10 14:28:27','2015-02-10 14:28:27',NULL,'Optie 3',7),
	(13,'2015-02-10 14:28:33','2015-02-10 14:28:33',NULL,'Optie 1',5),
	(14,'2015-02-10 14:28:33','2015-02-10 14:28:33',NULL,'Optie 2',10),
	(15,'2015-02-10 14:28:33','2015-02-10 14:28:33',NULL,'Optie 3',7),
	(16,'2015-02-10 14:29:50','2015-02-10 14:29:50',NULL,'Optie 1',5),
	(17,'2015-02-10 14:29:51','2015-02-10 14:29:51',NULL,'Optie 2',10),
	(18,'2015-02-10 14:29:51','2015-02-10 14:29:51',NULL,'Optie 3',7),
	(19,'2015-02-10 14:36:02','2015-02-10 14:36:02',NULL,'Tom',10),
	(20,'2015-02-10 14:36:02','2015-02-10 14:36:02',NULL,'Sander',5),
	(21,'2015-02-10 14:44:00','2015-02-10 14:44:00',NULL,'Sander',10),
	(22,'2015-02-10 14:44:00','2015-02-10 14:44:00',NULL,'Tom',6),
	(23,'2015-02-10 14:44:00','2015-02-10 14:44:00',NULL,'Robin',3),
	(24,'2015-02-10 14:44:17','2015-02-10 14:44:17',NULL,'sdfgdg',10),
	(25,'2015-02-10 17:15:57','2015-02-10 17:15:57',NULL,'Venus',0),
	(26,'2015-02-10 17:15:57','2015-02-10 17:15:57',NULL,'Mars',0),
	(27,'2015-02-10 17:15:57','2015-02-10 17:15:57',NULL,'Jupiter',0),
	(28,'2015-02-10 17:15:57','2015-02-10 17:15:57',NULL,'Saturnus',1),
	(29,'2015-02-10 17:19:43','2015-02-10 17:19:43',NULL,'Goofy',0),
	(30,'2015-02-10 17:19:43','2015-02-10 17:19:43',NULL,'Mickey Mouse',0),
	(31,'2015-02-10 17:19:43','2015-02-10 17:19:43',NULL,'Pluto',10),
	(32,'2015-02-11 11:09:52','2015-02-11 11:09:52',NULL,'daarom',2),
	(33,'2015-02-11 11:09:52','2015-02-11 11:09:52',NULL,'of daarom',3),
	(34,'2015-02-11 11:11:37','2015-02-11 11:11:37',NULL,'ffdd',3),
	(35,'2015-02-11 11:11:37','2015-02-11 11:11:37',NULL,'ggffd',7),
	(36,'2015-02-12 08:11:23','2015-02-12 08:11:23',NULL,'1',0),
	(37,'2015-02-12 08:11:23','2015-02-12 08:11:23',NULL,'10',0),
	(38,'2015-02-12 08:11:23','2015-02-12 08:11:23',NULL,'43',1),
	(39,'2015-02-12 08:11:23','2015-02-12 08:11:23',NULL,'Allemaal!',2),
	(40,'2015-02-12 12:57:55','2015-02-12 14:21:42','2015-02-12 14:21:42','A',1),
	(41,'2015-02-12 12:57:55','2015-02-12 14:21:42','2015-02-12 14:21:42','B',2),
	(42,'2015-02-12 12:57:56','2015-02-12 14:21:42','2015-02-12 14:21:42','C',3),
	(43,'2015-02-12 13:01:05','2015-02-12 14:21:42','2015-02-12 14:21:42','A',1),
	(44,'2015-02-12 13:01:05','2015-02-12 14:21:42','2015-02-12 14:21:42','B',2),
	(45,'2015-02-12 13:01:05','2015-02-12 14:21:42','2015-02-12 14:21:42','C',3),
	(46,'2015-02-12 13:01:28','2015-02-12 14:21:42','2015-02-12 14:21:42','A',1),
	(47,'2015-02-12 13:01:28','2015-02-12 14:21:42','2015-02-12 14:21:42','B',2),
	(48,'2015-02-12 13:02:22','2015-02-12 14:21:42','2015-02-12 14:21:42','A',1),
	(49,'2015-02-12 13:02:22','2015-02-12 14:21:42','2015-02-12 14:21:42','B',2),
	(50,'2015-02-12 13:02:44','2015-02-12 14:21:42','2015-02-12 14:21:42','A',1),
	(51,'2015-02-12 13:02:44','2015-02-12 14:21:42','2015-02-12 14:21:42','B',2),
	(52,'2015-02-12 13:03:40','2015-02-12 14:21:42','2015-02-12 14:21:42','A',1),
	(53,'2015-02-12 13:03:40','2015-02-12 14:21:42','2015-02-12 14:21:42','B',2),
	(54,'2015-02-12 13:04:19','2015-02-12 14:21:42','2015-02-12 14:21:42','A',1),
	(55,'2015-02-12 13:04:19','2015-02-12 14:21:42','2015-02-12 14:21:42','B',2),
	(56,'2015-02-12 13:04:53','2015-02-12 14:21:42','2015-02-12 14:21:42','A',1),
	(57,'2015-02-12 13:04:53','2015-02-12 14:21:42','2015-02-12 14:21:42','B',2),
	(58,'2015-02-12 13:04:53','2015-02-12 14:21:42','2015-02-12 14:21:42','C',3),
	(59,'2015-02-12 14:17:29','2015-02-12 14:21:42','2015-02-12 14:21:42','A',1),
	(60,'2015-02-12 14:17:29','2015-02-12 14:21:42','2015-02-12 14:21:42','B',2),
	(61,'2015-02-12 14:17:29','2015-02-12 14:21:42','2015-02-12 14:21:42','C',3),
	(62,'2015-02-12 14:18:22','2015-02-12 14:21:42','2015-02-12 14:21:42','A',1),
	(63,'2015-02-12 14:18:22','2015-02-12 14:21:42','2015-02-12 14:21:42','B',2),
	(64,'2015-02-12 14:18:22','2015-02-12 14:21:42','2015-02-12 14:21:42','C',3),
	(65,'2015-02-12 14:18:41','2015-02-12 14:21:42','2015-02-12 14:21:42','A',1),
	(66,'2015-02-12 14:18:41','2015-02-12 14:21:42','2015-02-12 14:21:42','B',2),
	(67,'2015-02-12 14:18:41','2015-02-12 14:21:42','2015-02-12 14:21:42','C',3),
	(68,'2015-02-12 14:19:19','2015-02-12 14:21:42','2015-02-12 14:21:42','A',1),
	(69,'2015-02-12 14:19:20','2015-02-12 14:21:42','2015-02-12 14:21:42','B',2),
	(70,'2015-02-12 14:19:20','2015-02-12 14:21:42','2015-02-12 14:21:42','C',3),
	(71,'2015-02-12 14:19:20','2015-02-12 14:21:42','2015-02-12 14:21:42','A',1),
	(72,'2015-02-12 14:19:20','2015-02-12 14:21:42','2015-02-12 14:21:42','B',2),
	(73,'2015-02-12 14:19:20','2015-02-12 14:21:42','2015-02-12 14:21:42','C',3),
	(74,'2015-02-12 14:19:20','2015-02-12 14:21:42','2015-02-12 14:21:42','A',1),
	(75,'2015-02-12 14:19:20','2015-02-12 14:21:42','2015-02-12 14:21:42','B',2),
	(76,'2015-02-12 14:19:20','2015-02-12 14:21:42','2015-02-12 14:21:42','A',1),
	(77,'2015-02-12 14:19:20','2015-02-12 14:21:42','2015-02-12 14:21:42','B',2),
	(78,'2015-02-12 14:21:42','2015-02-12 14:21:54','2015-02-12 14:21:54','A',1),
	(79,'2015-02-12 14:21:42','2015-02-12 14:21:54','2015-02-12 14:21:54','B',2),
	(80,'2015-02-12 14:21:42','2015-02-12 14:21:54','2015-02-12 14:21:54','C',3),
	(81,'2015-02-12 14:21:42','2015-02-12 14:21:54','2015-02-12 14:21:54','A',1),
	(82,'2015-02-12 14:21:43','2015-02-12 14:21:54','2015-02-12 14:21:54','B',2),
	(83,'2015-02-12 14:21:43','2015-02-12 14:21:54','2015-02-12 14:21:54','C',3),
	(84,'2015-02-12 14:21:43','2015-02-12 14:21:54','2015-02-12 14:21:54','A',1),
	(85,'2015-02-12 14:21:43','2015-02-12 14:21:54','2015-02-12 14:21:54','B',2),
	(86,'2015-02-12 14:21:43','2015-02-12 14:21:54','2015-02-12 14:21:54','A',1),
	(87,'2015-02-12 14:21:43','2015-02-12 14:21:54','2015-02-12 14:21:54','B',2),
	(88,'2015-02-12 14:21:54','2015-02-12 14:24:47','2015-02-12 14:24:47','A',1),
	(89,'2015-02-12 14:21:54','2015-02-12 14:24:47','2015-02-12 14:24:47','B',2),
	(90,'2015-02-12 14:21:54','2015-02-12 14:24:47','2015-02-12 14:24:47','C',3),
	(91,'2015-02-12 14:23:47','2015-02-12 14:24:47','2015-02-12 14:24:47','A',1),
	(92,'2015-02-12 14:23:47','2015-02-12 14:24:47','2015-02-12 14:24:47','B',2),
	(93,'2015-02-12 14:23:47','2015-02-12 14:24:47','2015-02-12 14:24:47','C',3),
	(94,'2015-02-12 14:24:47','2015-02-12 14:25:02','2015-02-12 14:25:02','A',1),
	(95,'2015-02-12 14:24:47','2015-02-12 14:25:02','2015-02-12 14:25:02','B',2),
	(96,'2015-02-12 14:24:47','2015-02-12 14:25:02','2015-02-12 14:25:02','C',3),
	(97,'2015-02-12 14:24:47','2015-02-12 14:25:02','2015-02-12 14:25:02','A',1),
	(98,'2015-02-12 14:24:47','2015-02-12 14:25:02','2015-02-12 14:25:02','B',2),
	(99,'2015-02-12 14:24:47','2015-02-12 14:25:02','2015-02-12 14:25:02','C',3),
	(100,'2015-02-12 14:25:03','2015-02-12 14:25:03',NULL,'A',1),
	(101,'2015-02-12 14:25:03','2015-02-12 14:25:03',NULL,'B',2),
	(102,'2015-02-12 14:25:03','2015-02-12 14:25:03',NULL,'C',3),
	(103,'2015-02-12 14:46:44','2015-02-12 14:47:38','2015-02-12 14:47:38','dfgdfg',5),
	(104,'2015-02-12 14:46:44','2015-02-12 14:47:38','2015-02-12 14:47:38','sfdgsdfgsd',3),
	(105,'2015-02-12 14:47:38','2015-02-12 14:47:50','2015-02-12 14:47:50','dfgdfg',5),
	(106,'2015-02-12 14:47:38','2015-02-12 14:47:50','2015-02-12 14:47:50','sfdgsdfgsd',3),
	(107,'2015-02-12 14:47:38','2015-02-12 14:47:50','2015-02-12 14:47:50','hgfdfgh',7),
	(108,'2015-02-12 14:47:50','2015-02-12 14:47:51',NULL,'dfgdfg',5),
	(109,'2015-02-12 14:47:51','2015-02-12 14:47:51',NULL,'sfdgsdfgsd',3),
	(110,'2015-02-12 14:47:51','2015-02-12 14:47:51',NULL,'hgfdfgh',7),
	(111,'2015-02-12 15:13:36','2015-02-12 15:27:55','2015-02-12 15:27:55','A',0),
	(112,'2015-02-12 15:13:36','2015-02-12 15:27:55','2015-02-12 15:27:55','B',1),
	(113,'2015-02-12 15:13:36','2015-02-12 15:27:55','2015-02-12 15:27:55','C',0),
	(114,'2015-02-12 15:27:55','2015-02-14 09:45:34','2015-02-14 09:45:34','A',0),
	(115,'2015-02-12 15:27:55','2015-02-14 09:45:34','2015-02-14 09:45:34','B',1),
	(116,'2015-02-12 15:27:55','2015-02-14 09:45:34','2015-02-14 09:45:34','C',4),
	(117,'2015-02-12 19:37:24','2015-02-13 11:45:34','2015-02-13 11:45:34','Omdat er geen bananen groeien.',0),
	(118,'2015-02-12 19:37:24','2015-02-13 11:45:34','2015-02-13 11:45:34','Omdat wegmisbruikers niet te zien is op de lokale tv.',1),
	(119,'2015-02-12 19:37:24','2015-02-13 11:45:34','2015-02-13 11:45:34','Snoepautomaten geven alleen maar mars.',2),
	(120,'2015-02-12 19:37:24','2015-02-13 11:45:34','2015-02-13 11:45:34','Omdat daarom',4),
	(121,'2015-02-13 11:45:34','2015-02-13 11:45:34',NULL,'Omdat er geen bananen groeien.',0),
	(122,'2015-02-13 11:45:34','2015-02-13 11:45:34',NULL,'Omdat wegmisbruikers niet te zien is op de lokale tv.',1),
	(123,'2015-02-13 11:45:34','2015-02-13 11:45:34',NULL,'Snoepautomaten geven alleen maar mars.',2),
	(124,'2015-02-13 11:45:34','2015-02-13 11:45:34',NULL,'Omdat daarom',8),
	(125,'2015-02-14 09:45:34','2015-02-14 09:45:35','2015-02-14 09:45:35','A',0),
	(126,'2015-02-14 09:45:34','2015-02-14 09:45:35','2015-02-14 09:45:35','B',1),
	(127,'2015-02-14 09:45:34','2015-02-14 09:45:35','2015-02-14 09:45:35','C',4),
	(128,'2015-02-14 09:45:35','2015-02-14 09:45:35',NULL,'A',0),
	(129,'2015-02-14 09:45:35','2015-02-14 09:45:35',NULL,'B',1),
	(130,'2015-02-14 09:45:35','2015-02-14 09:45:35',NULL,'C',4),
	(131,'2015-02-14 09:47:27','2015-02-14 09:47:27',NULL,'a',2),
	(132,'2015-02-14 09:47:27','2015-02-14 09:47:27',NULL,'b',4),
	(133,'2015-02-14 09:47:27','2015-02-14 09:47:27',NULL,'c',6),
	(134,'2015-02-16 07:06:22','2015-02-16 07:06:22',NULL,'a',1),
	(135,'2015-02-16 07:06:22','2015-02-16 07:06:22',NULL,'b',2),
	(136,'2015-02-16 07:06:22','2015-02-16 07:06:22',NULL,'c',3),
	(137,'2015-03-03 12:48:02','2015-03-03 12:48:02',NULL,'asdsa',1),
	(138,'2015-03-03 12:48:02','2015-03-03 12:48:02',NULL,'asdad',1),
	(139,'2015-03-03 13:05:57','2015-03-03 13:09:12','2015-03-03 13:09:12','Alleen Safia heeft gelijk.',1),
	(140,'2015-03-03 13:05:57','2015-03-03 13:09:12','2015-03-03 13:09:12','Alleen Lotte heeft gelijk.',1),
	(141,'2015-03-03 13:05:57','2015-03-03 13:09:12','2015-03-03 13:09:12','Ze hebben beide gelijk.',1),
	(142,'2015-03-03 13:05:57','2015-03-03 13:09:12','2015-03-03 13:09:12','Geen van beide heeft gelijk.',1),
	(143,'2015-03-03 13:08:55','2015-03-03 13:08:56',NULL,'Goed',1),
	(144,'2015-03-03 13:08:56','2015-03-03 13:08:56',NULL,'Fout',0),
	(145,'2015-03-03 13:09:12','2015-03-03 13:09:12',NULL,'Alleen Safia heeft gelijk.',0),
	(146,'2015-03-03 13:09:12','2015-03-03 13:09:12',NULL,'Alleen Lotte heeft gelijk.',0),
	(147,'2015-03-03 13:09:12','2015-03-03 13:09:12',NULL,'Ze hebben beide gelijk.',0),
	(148,'2015-03-03 13:09:12','2015-03-03 13:09:12',NULL,'Geen van beide heeft gelijk.',1),
	(149,'2015-03-03 13:09:13','2015-03-03 13:09:13',NULL,'voedingsvezels',0),
	(150,'2015-03-03 13:09:13','2015-03-03 13:09:13',NULL,'energierijke stoffen',0),
	(151,'2015-03-03 13:09:13','2015-03-03 13:09:13',NULL,'bouwstoffen',1),
	(152,'2015-03-03 13:09:13','2015-03-03 13:09:13',NULL,'beschermende stoffen',0),
	(153,'2015-03-03 13:10:09','2015-03-03 13:10:32','2015-03-03 13:10:32','Waar',1),
	(154,'2015-03-03 13:10:09','2015-03-03 13:10:32','2015-03-03 13:10:32','Niet waar',0),
	(155,'2015-03-03 13:10:32','2015-03-03 13:10:32',NULL,'Goed',1),
	(156,'2015-03-03 13:10:32','2015-03-03 13:10:32',NULL,'Fout',0),
	(157,'2015-03-03 13:10:52','2015-03-03 13:10:52',NULL,'Goed',1),
	(158,'2015-03-03 13:10:52','2015-03-03 13:10:52',NULL,'Fout',0),
	(159,'2015-03-03 13:11:14','2015-03-03 13:11:14',NULL,'Goed',0),
	(160,'2015-03-03 13:11:14','2015-03-03 13:11:14',NULL,'Fout',1),
	(161,'2015-03-03 13:11:33','2015-03-03 13:11:33',NULL,'Goed',1),
	(162,'2015-03-03 13:11:33','2015-03-03 13:11:33',NULL,'Fout',0),
	(163,'2015-03-03 13:12:00','2015-03-03 13:12:00',NULL,'Goed',1),
	(164,'2015-03-03 13:12:00','2015-03-03 13:12:00',NULL,'Fout',0),
	(165,'2015-03-03 13:14:10','2015-03-03 13:14:10',NULL,'Goed',1),
	(166,'2015-03-03 13:14:10','2015-03-03 13:14:10',NULL,'Fout',0),
	(167,'2015-03-03 13:14:30','2015-03-03 13:14:30',NULL,'Goed',1),
	(168,'2015-03-03 13:14:30','2015-03-03 13:14:30',NULL,'Fout',0),
	(169,'2015-03-03 13:15:44','2015-03-03 13:15:44',NULL,'Alleen Machiel heeft gelijk',0),
	(170,'2015-03-03 13:15:44','2015-03-03 13:15:44',NULL,'Alleen Shanna heeft gelijk',1),
	(171,'2015-03-03 13:15:44','2015-03-03 13:15:44',NULL,'Machiel en Shanna hebben beide gelijk',0),
	(172,'2015-03-03 13:15:44','2015-03-03 13:15:44',NULL,'Géén van beide heeft gelijk',0),
	(173,'2015-03-03 13:15:52','2015-03-03 13:15:52',NULL,'Goed',1),
	(174,'2015-03-03 13:15:52','2015-03-03 13:15:52',NULL,'Fout',0),
	(175,'2015-03-03 13:16:12','2015-03-03 13:16:12',NULL,'Goed',0),
	(176,'2015-03-03 13:16:12','2015-03-03 13:16:12',NULL,'Fout',1),
	(177,'2015-03-03 13:16:33','2015-03-03 13:16:33',NULL,'Goed',0),
	(178,'2015-03-03 13:16:33','2015-03-03 13:16:33',NULL,'Fout',1),
	(179,'2015-03-03 13:16:57','2015-03-03 13:16:57',NULL,'Goed',0),
	(180,'2015-03-03 13:16:57','2015-03-03 13:16:57',NULL,'Fout',1),
	(181,'2015-03-03 13:17:15','2015-03-03 13:17:15',NULL,'Goed',1),
	(182,'2015-03-03 13:17:15','2015-03-03 13:17:15',NULL,'Fout',0),
	(183,'2015-03-03 13:17:58','2015-03-03 13:17:58',NULL,'melk, kaas, vezels, margarine',0),
	(184,'2015-03-03 13:17:58','2015-03-03 13:17:58',NULL,'melk, kaas, appel, margarine',1),
	(185,'2015-03-03 13:17:58','2015-03-03 13:17:58',NULL,'kaas, appel, margarine, glucose',0),
	(186,'2015-03-03 13:17:58','2015-03-03 13:17:58',NULL,'glucose, kaas, rijst, suiker',0),
	(187,'2015-03-03 13:20:34','2015-03-03 13:20:34',NULL,'Goed',1),
	(188,'2015-03-03 13:20:34','2015-03-03 13:20:34',NULL,'Fout',0),
	(189,'2015-03-03 13:20:53','2015-03-03 13:20:53',NULL,'Goed',0),
	(190,'2015-03-03 13:20:53','2015-03-03 13:20:53',NULL,'Fout',1),
	(191,'2015-03-03 13:21:10','2015-03-03 13:21:10',NULL,'Goed',1),
	(192,'2015-03-03 13:21:10','2015-03-03 13:21:10',NULL,'Fout',1),
	(193,'2015-03-03 13:21:28','2015-03-03 13:21:28',NULL,'Goed',1),
	(194,'2015-03-03 13:21:28','2015-03-03 13:21:28',NULL,'Fout',0),
	(195,'2015-03-03 13:22:07','2015-03-03 13:22:07',NULL,'Goed',0),
	(196,'2015-03-03 13:22:07','2015-03-03 13:22:07',NULL,'Fout',1),
	(197,'2015-03-03 13:22:49','2015-03-03 13:22:49',NULL,'Beide hebben gelijk.',1),
	(198,'2015-03-03 13:22:49','2015-03-03 13:22:49',NULL,'Yoshua heeft gelijk.',0),
	(199,'2015-03-03 13:22:49','2015-03-03 13:22:49',NULL,'Benjamin heeft gelijk.',0),
	(200,'2015-03-03 13:22:49','2015-03-03 13:22:49',NULL,'Beide hebben ongelijk.',0),
	(201,'2015-03-03 13:24:21','2015-03-03 13:24:21',NULL,'tussen P en S',1),
	(202,'2015-03-03 13:24:21','2015-03-03 13:24:21',NULL,'tussen P en T',0),
	(203,'2015-03-03 13:24:21','2015-03-03 13:24:21',NULL,'tussen R en T',0),
	(204,'2015-03-03 13:24:21','2015-03-03 13:24:21',NULL,'tussen R en S',0),
	(205,'2015-03-03 13:34:50','2015-03-03 13:34:50',NULL,'buikspieren en middenrifspieren ',5),
	(206,'2015-03-03 13:34:50','2015-03-03 13:34:50',NULL,'buikspieren en tussenribspieren ',0),
	(207,'2015-03-03 13:34:50','2015-03-03 13:34:50',NULL,'middenrifspieren en tussenribspieren ',0),
	(208,'2015-03-03 13:38:09','2015-03-03 13:38:09',NULL,'aorta en longslagader',1),
	(209,'2015-03-03 13:38:09','2015-03-03 13:38:09',NULL,'hoofdader en longslagader',0),
	(210,'2015-03-03 13:38:09','2015-03-03 13:38:09',NULL,'holle ader en longhaarvaten',0),
	(211,'2015-03-03 13:38:09','2015-03-03 13:38:09',NULL,'longslagader en longhaarvaten',0),
	(212,'2015-03-03 13:43:35','2015-03-03 14:43:25','2015-03-03 14:43:25','Knooppunten van lymfevaten met rode bloedcellen die ziekteverwekkers bestrijden.',4),
	(213,'2015-03-03 13:43:35','2015-03-03 14:43:25','2015-03-03 14:43:25','Knooppunten van lymfevaten met witte bloedcellen die ziekteverwekkers bestrijden.',0),
	(214,'2015-03-03 13:43:35','2015-03-03 14:43:25','2015-03-03 14:43:25','Knooppunten van haarvaten met rode bloedcellen die ziekteverwekkers bestrijden.',0),
	(215,'2015-03-03 13:43:35','2015-03-03 14:43:25','2015-03-03 14:43:25','Knooppunten van haarvaten met witte bloedcellen die ziekteverwekkers bestrijden.',0),
	(216,'2015-03-03 13:45:13','2015-03-03 13:45:13',NULL,'bloed ',5),
	(217,'2015-03-03 13:45:13','2015-03-03 13:45:13',NULL,'lymfe ',2),
	(218,'2015-03-03 13:45:13','2015-03-03 13:45:13',NULL,'weefselvloeistof',2),
	(219,'2015-03-03 14:43:25','2015-03-03 14:43:25',NULL,'Knooppunten van lymfevaten met rode bloedcellen die ziekteverwekkers bestrijden.',4),
	(220,'2015-03-03 14:43:25','2015-03-03 14:43:25',NULL,'Knooppunten van lymfevaten met witte bloedcellen die ziekteverwekkers bestrijden.',0),
	(221,'2015-03-03 14:43:25','2015-03-03 14:43:25',NULL,'Knooppunten van haarvaten met rode bloedcellen die ziekteverwekkers bestrijden.',0),
	(222,'2015-03-03 14:43:25','2015-03-03 14:43:25',NULL,'Knooppunten van haarvaten met witte bloedcellen die ziekteverwekkers bestrijden.',0),
	(223,'2015-03-03 15:19:30','2015-03-03 15:19:30',NULL,'Knooppunten van lymfevaten met rode bloedcellen die ziekteverwekkers bestrijden.',4),
	(224,'2015-03-03 15:19:30','2015-03-03 15:19:30',NULL,'Knooppunten van lymfevaten met witte bloedcellen die ziekteverwekkers bestrijden.',0),
	(225,'2015-03-03 15:19:30','2015-03-03 15:19:30',NULL,'Knooppunten van haarvaten met rode bloedcellen die ziekteverwekkers bestrijden.',0),
	(226,'2015-03-03 15:19:30','2015-03-03 15:19:30',NULL,'Knooppunten van haarvaten met witte bloedcellen die ziekteverwekkers bestrijden.',0),
	(227,'2015-03-04 08:02:57','2015-03-04 15:18:31','2015-03-04 15:18:31','a',5),
	(228,'2015-03-04 08:02:57','2015-03-04 15:18:31','2015-03-04 15:18:31','b',5),
	(229,'2015-03-04 08:02:58','2015-03-04 15:18:31','2015-03-04 15:18:31','c',5),
	(230,'2015-03-04 14:14:46','2015-03-04 14:14:46',NULL,'Knooppunten van lymfevaten met rode bloedcellen die ziekteverwekkers bestrijden.',4),
	(231,'2015-03-04 14:14:46','2015-03-04 14:14:46',NULL,'Knooppunten van lymfevaten met witte bloedcellen die ziekteverwekkers bestrijden.',0),
	(232,'2015-03-04 14:14:46','2015-03-04 14:14:46',NULL,'Knooppunten van haarvaten met rode bloedcellen die ziekteverwekkers bestrijden.',0),
	(233,'2015-03-04 14:14:46','2015-03-04 14:14:46',NULL,'Knooppunten van haarvaten met witte bloedcellen die ziekteverwekkers bestrijden.',0),
	(234,'2015-03-04 14:15:27','2015-03-04 14:15:27',NULL,'Knooppunten van lymfevaten met rode bloedcellen die ziekteverwekkers bestrijden.',4),
	(235,'2015-03-04 14:15:27','2015-03-04 14:15:27',NULL,'Knooppunten van lymfevaten met witte bloedcellen die ziekteverwekkers bestrijden.',0),
	(236,'2015-03-04 14:15:27','2015-03-04 14:15:27',NULL,'Knooppunten van haarvaten met rode bloedcellen die ziekteverwekkers bestrijden.',0),
	(237,'2015-03-04 14:15:27','2015-03-04 14:15:27',NULL,'Knooppunten van haarvaten met witte bloedcellen die ziekteverwekkers bestrijden.',0),
	(238,'2015-03-04 14:24:05','2015-03-04 14:24:05',NULL,'voedingsvezels',0),
	(239,'2015-03-04 14:24:05','2015-03-04 14:24:05',NULL,'energierijke stoffen',0),
	(240,'2015-03-04 14:24:05','2015-03-04 14:24:05',NULL,'bouwstoffen',1),
	(241,'2015-03-04 14:24:05','2015-03-04 14:24:05',NULL,'beschermende stoffen',0),
	(242,'2015-03-04 14:24:05','2015-03-04 14:24:05',NULL,'Alleen Machiel heeft gelijk',0),
	(243,'2015-03-04 14:24:05','2015-03-04 14:24:05',NULL,'Alleen Shanna heeft gelijk',1),
	(244,'2015-03-04 14:24:05','2015-03-04 14:24:05',NULL,'Machiel en Shanna hebben beide gelijk',0),
	(245,'2015-03-04 14:24:05','2015-03-04 14:24:05',NULL,'Géén van beide heeft gelijk',0),
	(246,'2015-03-04 14:24:05','2015-03-04 14:24:05',NULL,'melk, kaas, vezels, margarine',0),
	(247,'2015-03-04 14:24:05','2015-03-04 14:24:05',NULL,'melk, kaas, appel, margarine',1),
	(248,'2015-03-04 14:24:05','2015-03-04 14:24:05',NULL,'kaas, appel, margarine, glucose',0),
	(249,'2015-03-04 14:24:05','2015-03-04 14:24:05',NULL,'glucose, kaas, rijst, suiker',0),
	(250,'2015-03-04 15:18:31','2015-03-04 15:18:32',NULL,'a',5),
	(251,'2015-03-04 15:18:32','2015-03-04 15:18:32',NULL,'b',5),
	(252,'2015-03-04 15:18:32','2015-03-04 15:18:32',NULL,'c',5),
	(253,'2015-03-04 15:18:32','2015-03-04 15:18:32',NULL,'d',0),
	(254,'2015-03-04 15:51:04','2015-03-04 15:51:04',NULL,',kjh',1),
	(255,'2015-03-04 15:51:04','2015-03-04 15:51:04',NULL,'`[olih',0),
	(256,'2015-03-04 15:55:24','2015-03-04 15:55:24',NULL,'Goed',1),
	(257,'2015-03-04 15:55:24','2015-03-04 15:55:24',NULL,'Fout',0),
	(258,'2015-03-04 15:55:24','2015-03-04 15:55:24',NULL,'Goed',1),
	(259,'2015-03-04 15:55:24','2015-03-04 15:55:24',NULL,'Fout',0),
	(260,'2015-03-04 15:55:24','2015-03-04 15:55:24',NULL,'Goed',1),
	(261,'2015-03-04 15:55:24','2015-03-04 15:55:24',NULL,'Fout',0),
	(262,'2015-03-04 15:55:24','2015-03-04 15:55:24',NULL,'Goed',0),
	(263,'2015-03-04 15:55:24','2015-03-04 15:55:24',NULL,'Fout',1),
	(264,'2015-03-04 15:55:24','2015-03-04 15:55:24',NULL,'Goed',1),
	(265,'2015-03-04 15:55:24','2015-03-04 15:55:24',NULL,'Fout',0),
	(266,'2015-03-04 15:55:24','2015-03-04 15:55:24',NULL,'Goed',1),
	(267,'2015-03-04 15:55:24','2015-03-04 15:55:24',NULL,'Fout',0),
	(268,'2015-03-04 15:55:24','2015-03-04 15:55:24',NULL,'Goed',1),
	(269,'2015-03-04 15:55:24','2015-03-04 15:55:24',NULL,'Fout',0),
	(270,'2015-03-04 15:55:24','2015-03-04 15:55:24',NULL,'Goed',1),
	(271,'2015-03-04 15:55:24','2015-03-04 15:55:24',NULL,'Fout',0),
	(272,'2015-03-04 15:55:24','2015-03-04 15:55:24',NULL,'Goed',1),
	(273,'2015-03-04 15:55:24','2015-03-04 15:55:24',NULL,'Fout',0),
	(274,'2015-03-04 15:55:24','2015-03-04 15:55:24',NULL,'Goed',0),
	(275,'2015-03-04 15:55:24','2015-03-04 15:55:24',NULL,'Fout',1),
	(276,'2015-03-04 15:55:24','2015-03-04 15:55:24',NULL,'Goed',0),
	(277,'2015-03-04 15:55:24','2015-03-04 15:55:24',NULL,'Fout',1),
	(278,'2015-03-04 15:55:24','2015-03-04 15:55:24',NULL,'Goed',0),
	(279,'2015-03-04 15:55:24','2015-03-04 15:55:24',NULL,'Fout',1),
	(280,'2015-03-04 15:55:24','2015-03-04 15:55:24',NULL,'Goed',1),
	(281,'2015-03-04 15:55:24','2015-03-04 15:55:24',NULL,'Fout',0),
	(282,'2015-03-04 15:55:24','2015-03-04 15:55:24',NULL,'Goed',1),
	(283,'2015-03-04 15:55:24','2015-03-04 15:55:24',NULL,'Fout',0),
	(284,'2015-03-04 15:55:24','2015-03-04 15:55:24',NULL,'Goed',0),
	(285,'2015-03-04 15:55:24','2015-03-04 15:55:24',NULL,'Fout',1),
	(286,'2015-03-04 15:55:24','2015-03-04 15:55:24',NULL,'Goed',1),
	(287,'2015-03-04 15:55:24','2015-03-04 15:55:24',NULL,'Fout',1),
	(288,'2015-03-04 15:55:24','2015-03-04 15:55:24',NULL,'Goed',1),
	(289,'2015-03-04 15:55:24','2015-03-04 15:55:24',NULL,'Fout',0),
	(290,'2015-03-04 15:55:24','2015-03-04 15:55:24',NULL,'Goed',0),
	(291,'2015-03-04 15:55:24','2015-03-04 15:55:24',NULL,'Fout',1),
	(292,'2015-03-04 15:55:24','2015-03-04 15:55:24',NULL,'tussen P en S',1),
	(293,'2015-03-04 15:55:24','2015-03-04 15:55:24',NULL,'tussen P en T',0),
	(294,'2015-03-04 15:55:24','2015-03-04 15:55:24',NULL,'tussen R en T',0),
	(295,'2015-03-04 15:55:24','2015-03-04 15:55:24',NULL,'tussen R en S',0),
	(296,'2015-03-04 15:55:24','2015-03-04 15:55:24',NULL,'buikspieren en middenrifspieren ',5),
	(297,'2015-03-04 15:55:24','2015-03-04 15:55:24',NULL,'buikspieren en tussenribspieren ',0),
	(298,'2015-03-04 15:55:24','2015-03-04 15:55:24',NULL,'middenrifspieren en tussenribspieren ',0),
	(299,'2015-03-04 15:55:24','2015-03-04 15:55:24',NULL,'aorta en longslagader',1),
	(300,'2015-03-04 15:55:24','2015-03-04 15:55:24',NULL,'hoofdader en longslagader',0),
	(301,'2015-03-04 15:55:24','2015-03-04 15:55:24',NULL,'holle ader en longhaarvaten',0),
	(302,'2015-03-04 15:55:24','2015-03-04 15:55:24',NULL,'longslagader en longhaarvaten',0),
	(303,'2015-03-04 15:55:24','2015-03-04 15:55:24',NULL,'Alleen Safia heeft gelijk.',0),
	(304,'2015-03-04 15:55:24','2015-03-04 15:55:24',NULL,'Alleen Lotte heeft gelijk.',0),
	(305,'2015-03-04 15:55:24','2015-03-04 15:55:24',NULL,'Ze hebben beide gelijk.',0),
	(306,'2015-03-04 15:55:24','2015-03-04 15:55:24',NULL,'Geen van beide heeft gelijk.',1),
	(307,'2015-03-04 15:55:24','2015-03-04 15:55:24',NULL,'Beide hebben gelijk.',1),
	(308,'2015-03-04 15:55:24','2015-03-04 15:55:24',NULL,'Yoshua heeft gelijk.',0),
	(309,'2015-03-04 15:55:24','2015-03-04 15:55:24',NULL,'Benjamin heeft gelijk.',0),
	(310,'2015-03-04 15:55:24','2015-03-04 15:55:24',NULL,'Beide hebben ongelijk.',0),
	(311,'2015-03-04 15:55:24','2015-03-04 15:55:24',NULL,'Knooppunten van lymfevaten met rode bloedcellen die ziekteverwekkers bestrijden.',4),
	(312,'2015-03-04 15:55:24','2015-03-04 15:55:24',NULL,'Knooppunten van lymfevaten met witte bloedcellen die ziekteverwekkers bestrijden.',0),
	(313,'2015-03-04 15:55:24','2015-03-04 15:55:24',NULL,'Knooppunten van haarvaten met rode bloedcellen die ziekteverwekkers bestrijden.',0),
	(314,'2015-03-04 15:55:24','2015-03-04 15:55:24',NULL,'Knooppunten van haarvaten met witte bloedcellen die ziekteverwekkers bestrijden.',0),
	(315,'2015-03-04 15:55:24','2015-03-04 15:55:24',NULL,'bloed ',5),
	(316,'2015-03-04 15:55:24','2015-03-04 15:55:24',NULL,'lymfe ',2),
	(317,'2015-03-04 15:55:24','2015-03-04 15:55:24',NULL,'weefselvloeistof',2),
	(318,'2015-03-04 15:58:17','2015-03-04 15:58:17',NULL,'Ja',1),
	(319,'2015-03-04 15:58:17','2015-03-04 15:58:17',NULL,'Nee',0),
	(320,'2015-03-05 20:42:53','2015-03-05 20:42:53',NULL,'voedingsvezels',0),
	(321,'2015-03-05 20:42:53','2015-03-05 20:42:53',NULL,'energierijke stoffen',0),
	(322,'2015-03-05 20:42:53','2015-03-05 20:42:53',NULL,'bouwstoffen',1),
	(323,'2015-03-05 20:42:53','2015-03-05 20:42:53',NULL,'beschermende stoffen',0),
	(324,'2015-03-05 20:42:53','2015-03-05 20:42:53',NULL,'Alleen Machiel heeft gelijk',0),
	(325,'2015-03-05 20:42:53','2015-03-05 20:42:53',NULL,'Alleen Shanna heeft gelijk',1),
	(326,'2015-03-05 20:42:53','2015-03-05 20:42:53',NULL,'Machiel en Shanna hebben beide gelijk',0),
	(327,'2015-03-05 20:42:53','2015-03-05 20:42:53',NULL,'Géén van beide heeft gelijk',0),
	(328,'2015-03-05 20:42:53','2015-03-05 20:42:53',NULL,'melk, kaas, vezels, margarine',0),
	(329,'2015-03-05 20:42:53','2015-03-05 20:42:53',NULL,'melk, kaas, appel, margarine',1),
	(330,'2015-03-05 20:42:53','2015-03-05 20:42:53',NULL,'kaas, appel, margarine, glucose',0),
	(331,'2015-03-05 20:42:53','2015-03-05 20:42:53',NULL,'glucose, kaas, rijst, suiker',0),
	(332,'2015-03-06 11:53:40','2015-03-06 11:56:23','2015-03-06 11:56:23','Ja',2),
	(333,'2015-03-06 11:53:40','2015-03-06 11:56:23','2015-03-06 11:56:23','Nee',0),
	(334,'2015-03-06 11:53:40','2015-03-06 11:56:23','2015-03-06 11:56:23','Misschien',1),
	(335,'2015-03-06 11:56:24','2015-03-06 11:56:24',NULL,'Nee, de antwoorden worden niet getoond',0),
	(336,'2015-03-06 11:56:24','2015-03-06 11:56:24',NULL,'Nee, de vraag kan niet opgeslagen worden',0),
	(337,'2015-03-06 11:56:24','2015-03-06 11:56:24',NULL,'Ja',1),
	(338,'2015-03-06 18:27:03','2015-03-06 18:27:03',NULL,'Omdat ',6),
	(339,'2015-03-06 18:27:03','2015-03-06 18:27:03',NULL,'Dus',0),
	(340,'2015-03-06 18:27:03','2015-03-06 18:27:03',NULL,'Niet',0),
	(341,'2015-03-07 09:33:52','2015-03-07 09:33:52',NULL,'Lente',0),
	(342,'2015-03-07 09:33:52','2015-03-07 09:33:52',NULL,'Zomer',0),
	(343,'2015-03-07 09:33:52','2015-03-07 09:33:52',NULL,'Herfst',0),
	(344,'2015-03-07 09:33:52','2015-03-07 09:33:52',NULL,'Winter',1),
	(345,'2015-03-07 09:33:52','2015-03-07 09:33:52',NULL,'Voetbalseizoen',0),
	(346,'2015-03-07 11:37:36','2015-03-07 11:37:36',NULL,'1',1),
	(347,'2015-03-07 11:37:36','2015-03-07 11:37:36',NULL,'2',1),
	(348,'2015-03-07 11:37:36','2015-03-07 11:37:36',NULL,'3',1),
	(349,'2015-03-07 11:37:53','2015-03-07 11:37:53',NULL,'1',1),
	(350,'2015-03-07 11:37:53','2015-03-07 11:37:53',NULL,'2',1),
	(351,'2015-03-07 11:37:53','2015-03-07 11:37:53',NULL,'3',1),
	(352,'2015-03-07 11:46:29','2015-03-07 11:46:29',NULL,'1',1),
	(353,'2015-03-07 11:46:29','2015-03-07 11:46:29',NULL,'2',1),
	(354,'2015-03-07 11:46:29','2015-03-07 11:46:29',NULL,'3',1),
	(355,'2015-03-07 11:46:29','2015-03-07 11:46:29',NULL,'1',1),
	(356,'2015-03-07 11:46:29','2015-03-07 11:46:29',NULL,'2',1),
	(357,'2015-03-07 11:46:29','2015-03-07 11:46:29',NULL,'3',1),
	(358,'2015-03-07 13:26:59','2015-03-07 13:26:59',NULL,'1',1),
	(359,'2015-03-07 13:26:59','2015-03-07 13:26:59',NULL,'2',1),
	(360,'2015-03-07 13:26:59','2015-03-07 13:26:59',NULL,'3',1),
	(361,'2015-03-07 13:26:59','2015-03-07 13:26:59',NULL,'1',1),
	(362,'2015-03-07 13:26:59','2015-03-07 13:26:59',NULL,'2',1),
	(363,'2015-03-07 13:26:59','2015-03-07 13:26:59',NULL,'3',1),
	(364,'2015-03-10 07:52:34','2015-03-10 07:52:41','2015-03-10 07:52:41','a',0),
	(365,'2015-03-10 07:52:34','2015-03-10 07:52:41','2015-03-10 07:52:41','b',1),
	(366,'2015-03-10 07:52:34','2015-03-10 07:52:41','2015-03-10 07:52:41','c',4),
	(367,'2015-03-10 07:52:35','2015-03-10 07:52:41','2015-03-10 07:52:41','d',5),
	(368,'2015-03-10 07:52:41','2015-03-10 07:52:41',NULL,'a',0),
	(369,'2015-03-10 07:52:41','2015-03-10 07:52:41',NULL,'b',1),
	(370,'2015-03-10 07:52:41','2015-03-10 07:52:41',NULL,'c',4),
	(371,'2015-03-10 11:41:24','2015-03-10 14:02:41','2015-03-10 14:02:41','a',1),
	(372,'2015-03-10 11:41:24','2015-03-10 14:02:41','2015-03-10 14:02:41','b',2),
	(373,'2015-03-10 11:41:24','2015-03-10 14:02:41','2015-03-10 14:02:41','c',3),
	(374,'2015-03-10 12:44:11','2015-03-10 12:44:28','2015-03-10 12:44:28','Geweldig!',1),
	(375,'2015-03-10 12:44:11','2015-03-10 12:44:28','2015-03-10 12:44:28','Ziet er leuk uit, ik heb echter nog een afwachtende houding.',1),
	(376,'2015-03-10 12:44:11','2015-03-10 12:44:28','2015-03-10 12:44:28','Hmmm... ik weet het niet.',1),
	(377,'2015-03-10 12:44:11','2015-03-10 12:44:28','2015-03-10 12:44:28','Wil je het eerlijke antwoord?',0),
	(378,'2015-03-10 12:44:11','2015-03-10 12:44:28','2015-03-10 12:44:28','Ronduit slecht!',0),
	(379,'2015-03-10 12:44:11','2015-03-10 12:44:28','2015-03-10 12:44:28','Kan beter.',1),
	(380,'2015-03-10 12:44:28','2015-03-10 12:44:28',NULL,'Geweldig!',1),
	(381,'2015-03-10 12:44:28','2015-03-10 12:44:28',NULL,'Ziet er leuk uit, ik heb echter nog een afwachtende houding.',1),
	(382,'2015-03-10 12:44:28','2015-03-10 12:44:28',NULL,'Hmmm... ik weet het niet.',1),
	(383,'2015-03-10 12:44:28','2015-03-10 12:44:28',NULL,'Wil je het eerlijke antwoord?',0),
	(384,'2015-03-10 12:44:28','2015-03-10 12:44:28',NULL,'Ronduit slecht!',0),
	(385,'2015-03-10 12:44:28','2015-03-10 12:44:28',NULL,'Kan beter.',1),
	(386,'2015-03-10 12:45:47','2015-03-10 12:45:47',NULL,'Juist',0),
	(387,'2015-03-10 12:45:47','2015-03-10 12:45:47',NULL,'Onjuist',1),
	(388,'2015-03-10 12:46:42','2015-03-10 12:46:42',NULL,'Juist',0),
	(389,'2015-03-10 12:46:42','2015-03-10 12:46:42',NULL,'Onjuist',1),
	(390,'2015-03-10 12:47:42','2015-03-10 12:47:42',NULL,'Juist',0),
	(391,'2015-03-10 12:47:42','2015-03-10 12:47:42',NULL,'Onjuist',1),
	(392,'2015-03-10 12:50:18','2015-03-10 12:50:18',NULL,'Juist',1),
	(393,'2015-03-10 12:50:18','2015-03-10 12:50:18',NULL,'Onjuist',0),
	(394,'2015-03-10 12:51:20','2015-03-10 12:51:20',NULL,'Juist',1),
	(395,'2015-03-10 12:51:20','2015-03-10 12:51:20',NULL,'Onjuist',0),
	(396,'2015-03-10 13:01:35','2015-03-10 13:01:35',NULL,'Dhr. Karlas',0),
	(397,'2015-03-10 13:01:35','2015-03-10 13:01:35',NULL,'Mw. Aknibess',1),
	(398,'2015-03-10 13:01:35','2015-03-10 13:01:35',NULL,'Dhr. Remijnse',1),
	(399,'2015-03-10 13:01:35','2015-03-10 13:01:35',NULL,'Mw. Allard',1),
	(400,'2015-03-10 13:03:49','2015-03-10 13:03:49',NULL,'Ardennen',0),
	(401,'2015-03-10 13:03:49','2015-03-10 13:03:49',NULL,'Londen',0),
	(402,'2015-03-10 13:03:49','2015-03-10 13:03:49',NULL,'Elba',0),
	(403,'2015-03-10 13:03:49','2015-03-10 13:03:49',NULL,'Rome',0),
	(404,'2015-03-10 13:03:49','2015-03-10 13:03:49',NULL,'Praag',0),
	(405,'2015-03-10 13:03:49','2015-03-10 13:03:49',NULL,'Outdoor',1),
	(406,'2015-03-10 13:19:06','2015-03-10 13:19:06',NULL,'voedingsvezels',0),
	(407,'2015-03-10 13:19:06','2015-03-10 13:19:06',NULL,'energierijke stoffen',0),
	(408,'2015-03-10 13:19:06','2015-03-10 13:19:06',NULL,'bouwstoffen',1),
	(409,'2015-03-10 13:19:06','2015-03-10 13:19:06',NULL,'beschermende stoffen',0),
	(410,'2015-03-10 13:19:06','2015-03-10 13:19:06',NULL,'Alleen Machiel heeft gelijk',0),
	(411,'2015-03-10 13:19:06','2015-03-10 13:19:06',NULL,'Alleen Shanna heeft gelijk',1),
	(412,'2015-03-10 13:19:06','2015-03-10 13:19:06',NULL,'Machiel en Shanna hebben beide gelijk',0),
	(413,'2015-03-10 13:19:06','2015-03-10 13:19:06',NULL,'Géén van beide heeft gelijk',0),
	(414,'2015-03-10 13:19:06','2015-03-10 13:19:06',NULL,'melk, kaas, vezels, margarine',0),
	(415,'2015-03-10 13:19:06','2015-03-10 13:19:06',NULL,'melk, kaas, appel, margarine',1),
	(416,'2015-03-10 13:19:06','2015-03-10 13:19:06',NULL,'kaas, appel, margarine, glucose',0),
	(417,'2015-03-10 13:19:06','2015-03-10 13:19:06',NULL,'glucose, kaas, rijst, suiker',0),
	(418,'2015-03-10 13:57:17','2015-03-10 13:57:17',NULL,'sdgfsdg',5),
	(419,'2015-03-10 13:57:17','2015-03-10 13:57:17',NULL,'dfdfhg',10),
	(420,'2015-03-10 14:02:41','2015-03-10 14:07:41','2015-03-10 14:07:41','a',1),
	(421,'2015-03-10 14:02:41','2015-03-10 14:07:41','2015-03-10 14:07:41','b',2),
	(422,'2015-03-10 14:02:41','2015-03-10 14:07:41','2015-03-10 14:07:41','c',3),
	(423,'2015-03-10 14:07:41','2015-03-10 14:07:41',NULL,'b',2),
	(424,'2015-03-10 14:07:41','2015-03-10 14:07:41',NULL,'c',3),
	(425,'2015-03-10 14:07:41','2015-03-10 14:07:41',NULL,'a',1),
	(426,'2015-03-10 16:20:22','2015-03-10 16:20:22',NULL,'Juist',0),
	(427,'2015-03-10 16:20:22','2015-03-10 16:20:22',NULL,'Onjuist',1),
	(428,'2015-03-10 16:20:22','2015-03-10 16:20:22',NULL,'Juist',0),
	(429,'2015-03-10 16:20:22','2015-03-10 16:20:22',NULL,'Onjuist',1),
	(430,'2015-03-10 16:20:22','2015-03-10 16:20:22',NULL,'Juist',0),
	(431,'2015-03-10 16:20:22','2015-03-10 16:20:22',NULL,'Onjuist',1),
	(432,'2015-03-10 16:20:22','2015-03-10 16:20:22',NULL,'Juist',1),
	(433,'2015-03-10 16:20:22','2015-03-10 16:20:22',NULL,'Onjuist',0),
	(434,'2015-03-10 16:20:22','2015-03-10 16:20:22',NULL,'Juist',1),
	(435,'2015-03-10 16:20:22','2015-03-10 16:20:22',NULL,'Onjuist',0),
	(436,'2015-03-10 16:20:22','2015-03-10 16:20:22',NULL,'Dhr. Karlas',0),
	(437,'2015-03-10 16:20:22','2015-03-10 16:20:22',NULL,'Mw. Aknibess',1),
	(438,'2015-03-10 16:20:22','2015-03-10 16:20:22',NULL,'Dhr. Remijnse',1),
	(439,'2015-03-10 16:20:22','2015-03-10 16:20:22',NULL,'Mw. Allard',1),
	(440,'2015-03-10 16:20:22','2015-03-10 16:20:22',NULL,'Ardennen',0),
	(441,'2015-03-10 16:20:22','2015-03-10 16:20:22',NULL,'Londen',0),
	(442,'2015-03-10 16:20:22','2015-03-10 16:20:22',NULL,'Elba',0),
	(443,'2015-03-10 16:20:22','2015-03-10 16:20:22',NULL,'Rome',0),
	(444,'2015-03-10 16:20:22','2015-03-10 16:20:22',NULL,'Praag',0),
	(445,'2015-03-10 16:20:22','2015-03-10 16:20:22',NULL,'Outdoor',1),
	(446,'2015-03-10 16:20:22','2015-03-10 16:20:22',NULL,'Geweldig!',1),
	(447,'2015-03-10 16:20:22','2015-03-10 16:20:22',NULL,'Ziet er leuk uit, ik heb echter nog een afwachtende houding.',1),
	(448,'2015-03-10 16:20:22','2015-03-10 16:20:22',NULL,'Hmmm... ik weet het niet.',1),
	(449,'2015-03-10 16:20:22','2015-03-10 16:20:22',NULL,'Wil je het eerlijke antwoord?',0),
	(450,'2015-03-10 16:20:22','2015-03-10 16:20:22',NULL,'Ronduit slecht!',0),
	(451,'2015-03-10 16:20:22','2015-03-10 16:20:22',NULL,'Kan beter.',1),
	(452,'2015-03-10 16:27:09','2015-03-10 16:27:09',NULL,'Pietje',1),
	(453,'2015-03-10 16:27:09','2015-03-10 16:27:09',NULL,'Jantje',0),
	(454,'2015-03-11 21:47:21','2015-03-11 21:47:21',NULL,'1',1),
	(455,'2015-03-11 21:47:21','2015-03-11 21:47:21',NULL,'2',1),
	(456,'2015-03-11 21:47:21','2015-03-11 21:47:21',NULL,'3',1),
	(457,'2015-03-11 21:47:21','2015-03-11 21:47:21',NULL,'1',1),
	(458,'2015-03-11 21:47:21','2015-03-11 21:47:21',NULL,'2',1),
	(459,'2015-03-11 21:47:21','2015-03-11 21:47:21',NULL,'3',1),
	(460,'2015-03-17 11:26:21','2015-03-17 11:26:21',NULL,'1',1),
	(461,'2015-03-17 11:26:21','2015-03-17 11:26:21',NULL,'2',1),
	(462,'2015-03-17 11:26:21','2015-03-17 11:26:21',NULL,'3',1),
	(463,'2015-03-17 11:26:21','2015-03-17 11:26:21',NULL,'1',1),
	(464,'2015-03-17 11:26:21','2015-03-17 11:26:21',NULL,'2',1),
	(465,'2015-03-17 11:26:21','2015-03-17 11:26:21',NULL,'3',1),
	(466,'2015-03-17 12:09:05','2015-03-17 12:09:05',NULL,'1',0),
	(467,'2015-03-17 12:09:05','2015-03-17 12:09:05',NULL,'2',0),
	(468,'2015-03-17 12:09:05','2015-03-17 12:09:05',NULL,'3',0),
	(469,'2015-03-17 12:09:05','2015-03-17 12:09:05',NULL,'4',4),
	(470,'2015-03-17 12:19:10','2015-03-17 12:19:10',NULL,'1',1),
	(471,'2015-03-17 12:19:10','2015-03-17 12:19:10',NULL,'2',1),
	(472,'2015-03-17 12:19:10','2015-03-17 12:19:10',NULL,'3',1),
	(473,'2015-03-17 12:19:10','2015-03-17 12:19:10',NULL,'1',1),
	(474,'2015-03-17 12:19:10','2015-03-17 12:19:10',NULL,'2',1),
	(475,'2015-03-17 12:19:10','2015-03-17 12:19:10',NULL,'3',1),
	(476,'2015-03-17 12:20:41','2015-03-17 12:20:41',NULL,'1',1),
	(477,'2015-03-17 12:20:41','2015-03-17 12:20:41',NULL,'2',1),
	(478,'2015-03-17 12:20:41','2015-03-17 12:20:41',NULL,'3',1),
	(479,'2015-03-17 12:20:41','2015-03-17 12:20:41',NULL,'1',1),
	(480,'2015-03-17 12:20:41','2015-03-17 12:20:41',NULL,'2',1),
	(481,'2015-03-17 12:20:41','2015-03-17 12:20:41',NULL,'3',1),
	(482,'2015-03-17 13:22:21','2015-03-17 13:22:21',NULL,'Nee, de antwoorden worden niet getoond',0),
	(483,'2015-03-17 13:22:21','2015-03-17 13:22:21',NULL,'Nee, de vraag kan niet opgeslagen worden',0),
	(484,'2015-03-17 13:22:21','2015-03-17 13:22:21',NULL,'Ja',1),
	(485,'2015-03-17 16:10:25','2015-03-17 16:10:25',NULL,'Leiden',5),
	(486,'2015-03-17 16:10:25','2015-03-17 16:10:25',NULL,'Lisse',0),
	(487,'2015-03-17 16:10:25','2015-03-17 16:10:25',NULL,'Den Haag',0),
	(488,'2015-03-17 16:11:29','2015-03-17 16:11:29',NULL,'Slaginstrument',0),
	(489,'2015-03-17 16:11:29','2015-03-17 16:11:29',NULL,'Toetsinstrument',0),
	(490,'2015-03-17 16:11:29','2015-03-17 16:11:29',NULL,'Snaarinstrument',0),
	(491,'2015-03-17 16:11:29','2015-03-17 16:11:29',NULL,'Zowel en slag- als een toets- als een snaarinstrument',1),
	(492,'2015-03-17 16:11:29','2015-03-17 16:11:29',NULL,'Slaginstrument',0),
	(493,'2015-03-17 16:11:29','2015-03-17 16:11:29',NULL,'Toetsinstrument',0),
	(494,'2015-03-17 16:11:29','2015-03-17 16:11:29',NULL,'Snaarinstrument',0),
	(495,'2015-03-17 16:11:29','2015-03-17 16:11:29',NULL,'Zowel en slag- als een toets- als een snaarinstrument',1),
	(496,'2015-03-17 16:14:34','2015-03-17 16:14:34',NULL,'1 euro',0),
	(497,'2015-03-17 16:14:34','2015-03-17 16:14:34',NULL,'10 euro',10),
	(498,'2015-03-17 16:14:34','2015-03-17 16:14:34',NULL,'100 euro',100),
	(499,'2015-03-17 16:27:28','2015-03-17 16:27:28',NULL,'Juist',0),
	(500,'2015-03-17 16:27:28','2015-03-17 16:27:28',NULL,'Onjuist',1),
	(501,'2015-03-18 11:01:11','2015-03-18 11:01:11',NULL,'Juist',0),
	(502,'2015-03-18 11:02:08','2015-03-18 11:02:08',NULL,'Juist',5),
	(503,'2015-03-18 11:02:49','2015-03-18 11:02:49',NULL,'Juist',0),
	(504,'2015-03-18 11:02:49','2015-03-18 11:02:49',NULL,'Onjuist',0),
	(505,'2015-03-18 11:38:34','2015-03-18 11:50:22','2015-03-18 11:50:22','Juist',5),
	(506,'2015-03-18 11:38:34','2015-03-18 11:50:22','2015-03-18 11:50:22','Onjuist',0),
	(507,'2015-03-18 11:46:35','2015-03-18 11:49:58','2015-03-18 11:49:58','Juist',0),
	(508,'2015-03-18 11:46:35','2015-03-18 11:49:58','2015-03-18 11:49:58','Onjuist',15),
	(509,'2015-03-18 11:49:58','2015-03-18 11:50:05','2015-03-18 11:50:05','Juist',0),
	(510,'2015-03-18 11:49:58','2015-03-18 11:50:05','2015-03-18 11:50:05','Onjuist',15),
	(511,'2015-03-18 11:50:05','2015-03-18 11:50:11','2015-03-18 11:50:11','Juist',15),
	(512,'2015-03-18 11:50:05','2015-03-18 11:50:11','2015-03-18 11:50:11','Onjuist',0),
	(513,'2015-03-18 11:50:12','2015-03-18 11:50:12',NULL,'Juist',0),
	(514,'2015-03-18 11:50:12','2015-03-18 11:50:12',NULL,'Onjuist',15),
	(515,'2015-03-18 11:50:22','2015-03-18 11:50:22',NULL,'Juist',5),
	(516,'2015-03-18 11:50:23','2015-03-18 11:50:23',NULL,'Onjuist',0),
	(517,'2015-03-18 11:58:36','2015-03-18 11:58:36',NULL,'fdghfgdh',6),
	(518,'2015-03-18 11:58:36','2015-03-18 11:58:36',NULL,'hgjkhgjkhgk',10),
	(519,'2015-03-18 12:30:02','2015-03-18 12:32:25','2015-03-18 12:32:25','asdf',1),
	(520,'2015-03-18 12:30:02','2015-03-18 12:32:25','2015-03-18 12:32:25','dfghfgh',2),
	(521,'2015-03-18 12:30:02','2015-03-18 12:32:25','2015-03-18 12:32:25','ghjkh',3),
	(522,'2015-03-18 12:32:25','2015-03-18 12:32:29','2015-03-18 12:32:29','asdf',1),
	(523,'2015-03-18 12:32:25','2015-03-18 12:32:29','2015-03-18 12:32:29','dfghfgh',2),
	(524,'2015-03-18 12:32:25','2015-03-18 12:32:29','2015-03-18 12:32:29','ghjkh',3),
	(525,'2015-03-18 12:32:29','2015-03-18 12:33:14','2015-03-18 12:33:14','dfghfgh',2),
	(526,'2015-03-18 12:32:29','2015-03-18 12:33:14','2015-03-18 12:33:14','ghjkh',3),
	(527,'2015-03-18 12:32:29','2015-03-18 12:33:14','2015-03-18 12:33:14','asdf',1),
	(528,'2015-03-18 12:33:14','2015-03-18 12:33:14',NULL,'ghjkh',3),
	(529,'2015-03-18 12:33:14','2015-03-18 12:33:14',NULL,'asdf',1),
	(530,'2015-03-18 12:33:14','2015-03-18 12:33:14',NULL,'dfghfgh',2),
	(531,'2015-03-19 13:35:59','2015-03-19 13:35:59',NULL,'Onjuist antwoord 1',0),
	(532,'2015-03-19 13:35:59','2015-03-19 13:35:59',NULL,'Onjuist antwoord 2',0),
	(533,'2015-03-19 13:35:59','2015-03-19 13:35:59',NULL,'Juist antwoord',1),
	(534,'2015-03-19 13:35:59','2015-03-19 13:35:59',NULL,'Onjuist antwoord 3',0),
	(535,'2015-03-19 13:35:59','2015-03-19 13:35:59',NULL,'Onjuist antwoord 4',0),
	(536,'2015-03-19 13:35:59','2015-03-19 13:36:00',NULL,'Onjuist antwoord 5',0),
	(537,'2015-03-19 13:36:00','2015-03-19 13:36:00',NULL,'Onjuist antwoord 6',0),
	(538,'2015-03-19 13:36:00','2015-03-19 13:36:00',NULL,'Onjuist antwoord 7',0),
	(539,'2015-03-19 13:36:00','2015-03-19 13:36:00',NULL,'Onjuist antwoord 8',0),
	(540,'2015-03-19 13:36:00','2015-03-19 13:36:00',NULL,'Onjuist antwoord 9',0),
	(541,'2015-03-19 13:44:58','2015-03-19 13:44:58',NULL,'Juist',5),
	(542,'2015-03-19 13:44:58','2015-03-19 13:44:58',NULL,'Onjuist',0),
	(543,'2015-03-25 11:35:08','2015-03-25 11:35:08',NULL,'Juist',5),
	(544,'2015-03-25 11:35:08','2015-03-25 11:35:08',NULL,'Onjuist',0),
	(545,'2015-03-26 16:07:14','2015-03-26 16:07:14',NULL,'1 euro',0),
	(546,'2015-03-26 16:07:14','2015-03-26 16:07:14',NULL,'10 euro',10),
	(547,'2015-03-26 16:07:14','2015-03-26 16:07:14',NULL,'100 euro',100),
	(548,'2015-04-07 11:39:51','2015-04-07 11:41:35','2015-04-07 11:41:35','adssad',1),
	(549,'2015-04-07 11:39:51','2015-04-07 11:41:35','2015-04-07 11:41:35','asdasdasd',2),
	(550,'2015-04-07 11:39:51','2015-04-07 11:41:35','2015-04-07 11:41:35','asdas',3),
	(551,'2015-04-07 11:41:35','2015-04-07 11:41:35',NULL,'adssad',1),
	(552,'2015-04-07 11:41:35','2015-04-07 11:41:35',NULL,'asdasdasd',2),
	(553,'2015-04-07 11:41:35','2015-04-07 11:41:35',NULL,'asdas',3),
	(554,'2015-04-07 12:11:45','2015-04-07 12:11:45',NULL,'Pietje',1),
	(555,'2015-04-07 12:11:45','2015-04-07 12:11:45',NULL,'Jantje',0),
	(556,'2015-04-07 12:11:45','2015-04-07 12:11:45',NULL,'Lente',0),
	(557,'2015-04-07 12:11:45','2015-04-07 12:11:45',NULL,'Zomer',0),
	(558,'2015-04-07 12:11:45','2015-04-07 12:11:45',NULL,'Herfst',0),
	(559,'2015-04-07 12:11:45','2015-04-07 12:11:45',NULL,'Winter',1),
	(560,'2015-04-07 12:11:45','2015-04-07 12:11:45',NULL,'Voetbalseizoen',0),
	(561,'2015-05-08 14:23:15','2015-05-08 14:23:15',NULL,NULL,0),
	(562,'2015-05-08 14:23:15','2015-05-08 14:23:15',NULL,NULL,10),
	(563,'2015-05-08 14:23:15','2015-05-08 14:23:15',NULL,NULL,0),
	(564,'2015-05-08 14:23:15','2015-05-08 14:23:15',NULL,NULL,0),
	(565,'2015-05-08 14:23:15','2015-05-08 14:23:15',NULL,NULL,0),
	(566,'2015-05-09 09:57:37','2015-05-09 09:57:37',NULL,'A',1),
	(567,'2015-05-09 09:57:37','2015-05-09 09:57:37',NULL,'B',0),
	(568,'2015-05-09 09:57:37','2015-05-09 09:57:37',NULL,'C',0),
	(569,'2015-05-09 10:00:40','2015-05-09 10:00:40',NULL,'A1',1),
	(570,'2015-05-09 10:00:40','2015-05-09 10:00:40',NULL,'B2',1),
	(571,'2015-05-09 10:00:40','2015-05-09 10:00:40',NULL,'C3',1),
	(572,'2015-05-09 10:00:40','2015-05-09 10:00:40',NULL,'D4',1),
	(573,'2015-05-09 10:00:40','2015-05-09 10:00:40',NULL,'E5',1),
	(574,'2015-05-09 10:00:40','2015-05-09 10:00:40',NULL,'F6',1),
	(575,'2015-05-09 10:00:40','2015-05-09 10:00:40',NULL,'G7',1),
	(576,'2015-05-09 10:00:40','2015-05-09 10:00:40',NULL,'H8',1),
	(577,'2015-05-09 10:00:40','2015-05-09 10:00:40',NULL,'I9',1),
	(578,'2015-05-09 10:00:40','2015-05-09 10:00:40',NULL,'J10',1),
	(579,'2015-05-09 10:16:00','2015-05-09 10:16:00',NULL,'Juist',5),
	(580,'2015-05-09 10:16:00','2015-05-09 10:16:00',NULL,'Onjuist',0),
	(581,'2015-05-09 10:16:18','2015-05-09 10:16:18',NULL,'Juist',0),
	(582,'2015-05-09 10:16:18','2015-05-09 10:16:18',NULL,'Onjuist',5),
	(583,'2015-05-09 10:16:52','2015-05-09 10:16:52',NULL,'Juist',5),
	(584,'2015-05-09 10:16:52','2015-05-09 10:16:52',NULL,'Onjuist',0),
	(585,'2015-05-09 10:42:16','2015-05-09 10:42:16',NULL,NULL,0),
	(586,'2015-05-09 10:42:16','2015-05-09 10:42:16',NULL,NULL,1),
	(587,'2015-05-09 10:42:16','2015-05-09 10:42:16',NULL,NULL,0),
	(588,'2015-05-09 10:42:16','2015-05-09 10:42:16',NULL,NULL,0),
	(589,'2015-05-09 10:42:16','2015-05-09 10:42:16',NULL,NULL,0),
	(590,'2015-05-10 09:44:29','2015-05-10 09:44:29',NULL,'Juist',5),
	(591,'2015-05-10 09:44:29','2015-05-10 09:44:29',NULL,'Onjuist',0),
	(592,'2015-05-12 19:05:12','2015-05-12 19:05:12',NULL,'A',0),
	(593,'2015-05-12 19:05:12','2015-05-12 19:05:12',NULL,'B',1),
	(594,'2015-05-12 19:05:13','2015-05-12 19:05:13',NULL,'C',0),
	(595,'2015-05-12 19:43:18','2015-05-12 19:43:54','2015-05-12 19:43:54','A',0),
	(596,'2015-05-12 19:43:18','2015-05-12 19:43:54','2015-05-12 19:43:54','B',0),
	(597,'2015-05-12 19:43:18','2015-05-12 19:43:54','2015-05-12 19:43:54','C',0),
	(598,'2015-05-12 19:43:54','2015-05-12 19:43:54',NULL,'A',1),
	(599,'2015-05-12 19:43:54','2015-05-12 19:43:54',NULL,'B',0),
	(600,'2015-05-12 19:43:54','2015-05-12 19:43:54',NULL,'C',0),
	(601,'2015-05-12 19:44:40','2015-05-12 19:44:40',NULL,'A',0),
	(602,'2015-05-12 19:44:40','2015-05-12 19:44:40',NULL,'B',1),
	(603,'2015-05-12 19:44:40','2015-05-12 19:44:40',NULL,'C',2),
	(604,'2015-05-12 19:46:19','2015-05-12 19:46:19',NULL,'A',1),
	(605,'2015-05-12 19:46:19','2015-05-12 19:46:19',NULL,'B',2),
	(606,'2015-05-12 19:46:20','2015-05-12 19:46:20',NULL,'C',3),
	(607,'2015-05-12 19:46:20','2015-05-12 19:46:20',NULL,'D',4),
	(608,'2015-05-12 19:46:20','2015-05-12 19:46:20',NULL,'E',5),
	(609,'2015-05-12 19:46:20','2015-05-12 19:46:20',NULL,'F',6),
	(610,'2015-05-12 19:46:20','2015-05-12 19:46:20',NULL,'G',7),
	(611,'2015-05-12 19:46:20','2015-05-12 19:46:20',NULL,'H',8),
	(612,'2015-05-12 19:46:20','2015-05-12 19:46:20',NULL,'I',9),
	(613,'2015-05-12 19:46:20','2015-05-12 19:46:20',NULL,'J',10),
	(614,'2015-05-12 19:54:54','2015-05-12 19:54:54',NULL,'Juist',5),
	(615,'2015-05-12 19:54:54','2015-05-12 19:54:54',NULL,'Onjuist',0),
	(616,'2015-05-12 19:55:16','2015-05-12 19:55:16',NULL,'Juist',0),
	(617,'2015-05-12 19:55:16','2015-05-12 19:55:16',NULL,'Onjuist',5),
	(618,'2015-05-12 19:55:30','2015-05-12 19:55:30',NULL,'Juist',5),
	(619,'2015-05-12 19:55:30','2015-05-12 19:55:30',NULL,'Onjuist',0),
	(620,'2015-05-12 19:55:59','2015-05-12 19:55:59',NULL,'Juist',0),
	(621,'2015-05-12 19:55:59','2015-05-12 19:55:59',NULL,'Onjuist',5),
	(622,'2015-05-12 19:56:10','2015-05-12 19:56:10',NULL,'Juist',5),
	(623,'2015-05-12 19:56:11','2015-05-12 19:56:11',NULL,'Onjuist',0),
	(624,'2015-05-12 19:56:23','2015-05-12 19:56:23',NULL,'Juist',0),
	(625,'2015-05-12 19:56:23','2015-05-12 19:56:23',NULL,'Onjuist',5),
	(626,'2015-05-12 19:56:45','2015-05-12 19:56:45',NULL,'Juist',5),
	(627,'2015-05-12 19:56:45','2015-05-12 19:56:45',NULL,'Onjuist',0),
	(628,'2015-05-12 19:57:05','2015-05-12 19:57:05',NULL,'Juist',0),
	(629,'2015-05-12 19:57:05','2015-05-12 19:57:05',NULL,'Onjuist',5),
	(630,'2015-05-12 19:57:30','2015-05-12 19:57:30',NULL,'Juist',5),
	(631,'2015-05-12 19:57:30','2015-05-12 19:57:30',NULL,'Onjuist',0),
	(632,'2015-05-12 19:57:50','2015-05-12 19:57:50',NULL,'Juist',0),
	(633,'2015-05-12 19:57:50','2015-05-12 19:57:50',NULL,'Onjuist',5),
	(634,'2015-05-12 19:58:44','2015-05-12 19:58:44',NULL,'Juist',5),
	(635,'2015-05-12 19:58:44','2015-05-12 19:58:44',NULL,'Onjuist',0),
	(636,'2015-05-12 20:08:47','2015-09-01 13:25:19','2015-09-01 13:25:19',NULL,1),
	(637,'2015-05-12 20:08:47','2015-09-01 13:25:19','2015-09-01 13:25:19',NULL,0),
	(638,'2015-05-12 20:08:47','2015-09-01 13:25:19','2015-09-01 13:25:19',NULL,0),
	(639,'2015-05-12 20:08:47','2015-09-01 13:25:19','2015-09-01 13:25:19',NULL,0),
	(640,'2015-05-12 20:08:47','2015-09-01 13:25:19','2015-09-01 13:25:19',NULL,0),
	(641,'2015-05-12 20:10:13','2015-05-12 20:10:19','2015-05-12 20:10:19',NULL,0),
	(642,'2015-05-12 20:10:13','2015-05-12 20:10:19','2015-05-12 20:10:19',NULL,1),
	(643,'2015-05-12 20:10:13','2015-05-12 20:10:19','2015-05-12 20:10:19',NULL,0),
	(644,'2015-05-12 20:10:13','2015-05-12 20:10:19','2015-05-12 20:10:19',NULL,0),
	(645,'2015-05-12 20:10:13','2015-05-12 20:10:19','2015-05-12 20:10:19',NULL,0),
	(646,'2015-05-12 20:10:19','2015-05-12 20:10:19',NULL,NULL,0),
	(647,'2015-05-12 20:10:19','2015-05-12 20:10:19',NULL,NULL,1),
	(648,'2015-05-12 20:10:19','2015-05-12 20:10:19',NULL,NULL,0),
	(649,'2015-05-12 20:10:19','2015-05-12 20:10:19',NULL,NULL,0),
	(650,'2015-05-12 20:10:19','2015-05-12 20:10:19',NULL,NULL,0),
	(651,'2015-05-12 20:11:04','2015-05-12 20:11:04',NULL,NULL,1),
	(652,'2015-05-12 20:11:04','2015-05-12 20:11:04',NULL,NULL,2),
	(653,'2015-05-12 20:11:04','2015-05-12 20:11:04',NULL,NULL,0),
	(654,'2015-05-12 20:11:04','2015-05-12 20:11:04',NULL,NULL,0),
	(655,'2015-05-12 20:11:04','2015-05-12 20:11:04',NULL,NULL,0),
	(656,'2015-05-12 20:22:56','2015-05-12 20:22:56',NULL,'Juist',5),
	(657,'2015-05-12 20:22:56','2015-05-12 20:22:56',NULL,'Onjuist',0),
	(658,'2015-05-18 12:31:09','2015-05-18 12:31:51','2015-05-18 12:31:51',NULL,0),
	(659,'2015-05-18 12:31:09','2015-05-18 12:31:51','2015-05-18 12:31:51',NULL,0),
	(660,'2015-05-18 12:31:10','2015-05-18 12:31:51','2015-05-18 12:31:51',NULL,0),
	(661,'2015-05-18 12:31:10','2015-05-18 12:31:51','2015-05-18 12:31:51',NULL,0),
	(662,'2015-05-18 12:31:10','2015-05-18 12:31:51','2015-05-18 12:31:51',NULL,0),
	(663,'2015-05-18 12:31:51','2015-05-18 12:32:35','2015-05-18 12:32:35',NULL,0),
	(664,'2015-05-18 12:31:51','2015-05-18 12:32:35','2015-05-18 12:32:35',NULL,1),
	(665,'2015-05-18 12:31:51','2015-05-18 12:32:35','2015-05-18 12:32:35',NULL,0),
	(666,'2015-05-18 12:31:51','2015-05-18 12:32:35','2015-05-18 12:32:35',NULL,0),
	(667,'2015-05-18 12:31:51','2015-05-18 12:32:35','2015-05-18 12:32:35',NULL,0),
	(668,'2015-05-18 12:32:28','2015-05-18 13:00:45','2015-05-18 13:00:45',NULL,0),
	(669,'2015-05-18 12:32:28','2015-05-18 13:00:45','2015-05-18 13:00:45',NULL,0),
	(670,'2015-05-18 12:32:28','2015-05-18 13:00:45','2015-05-18 13:00:45',NULL,1),
	(671,'2015-05-18 12:32:28','2015-05-18 13:00:45','2015-05-18 13:00:45',NULL,0),
	(672,'2015-05-18 12:32:28','2015-05-18 13:00:45','2015-05-18 13:00:45',NULL,0),
	(673,'2015-05-18 12:32:35','2015-05-18 13:00:40','2015-05-18 13:00:40',NULL,0),
	(674,'2015-05-18 12:32:35','2015-05-18 13:00:40','2015-05-18 13:00:40',NULL,1),
	(675,'2015-05-18 12:32:35','2015-05-18 13:00:40','2015-05-18 13:00:40',NULL,0),
	(676,'2015-05-18 12:32:35','2015-05-18 13:00:40','2015-05-18 13:00:40',NULL,0),
	(677,'2015-05-18 12:32:35','2015-05-18 13:00:40','2015-05-18 13:00:40',NULL,0),
	(678,'2015-05-18 12:35:27','2015-05-18 13:00:53','2015-05-18 13:00:53',NULL,0),
	(679,'2015-05-18 12:35:27','2015-05-18 13:00:53','2015-05-18 13:00:53',NULL,0),
	(680,'2015-05-18 12:35:27','2015-05-18 13:00:53','2015-05-18 13:00:53',NULL,0),
	(681,'2015-05-18 12:35:27','2015-05-18 13:00:53','2015-05-18 13:00:53',NULL,1),
	(682,'2015-05-18 12:35:27','2015-05-18 13:00:53','2015-05-18 13:00:53',NULL,0),
	(683,'2015-05-18 12:52:06','2015-05-18 12:55:52','2015-05-18 12:55:52','A',0),
	(684,'2015-05-18 12:52:06','2015-05-18 12:55:52','2015-05-18 12:55:52','B',0),
	(685,'2015-05-18 12:52:06','2015-05-18 12:55:52','2015-05-18 12:55:52','C',0),
	(686,'2015-05-18 12:55:52','2015-05-18 12:55:52',NULL,'A',1),
	(687,'2015-05-18 12:55:52','2015-05-18 12:55:52',NULL,'B',0),
	(688,'2015-05-18 12:55:52','2015-05-18 12:55:52',NULL,'C',0),
	(689,'2015-05-18 13:00:40','2015-05-18 13:00:40',NULL,NULL,0),
	(690,'2015-05-18 13:00:40','2015-05-18 13:00:40',NULL,NULL,1),
	(691,'2015-05-18 13:00:40','2015-05-18 13:00:40',NULL,NULL,0),
	(692,'2015-05-18 13:00:40','2015-05-18 13:00:40',NULL,NULL,0),
	(693,'2015-05-18 13:00:41','2015-05-18 13:00:41',NULL,NULL,0),
	(694,'2015-05-18 13:00:45','2015-05-18 13:00:45',NULL,NULL,0),
	(695,'2015-05-18 13:00:45','2015-05-18 13:00:45',NULL,NULL,0),
	(696,'2015-05-18 13:00:45','2015-05-18 13:00:45',NULL,NULL,1),
	(697,'2015-05-18 13:00:46','2015-05-18 13:00:46',NULL,NULL,0),
	(698,'2015-05-18 13:00:46','2015-05-18 13:00:46',NULL,NULL,0),
	(699,'2015-05-18 13:00:53','2015-05-18 13:00:53',NULL,NULL,0),
	(700,'2015-05-18 13:00:53','2015-05-18 13:00:53',NULL,NULL,0),
	(701,'2015-05-18 13:00:53','2015-05-18 13:00:53',NULL,NULL,0),
	(702,'2015-05-18 13:00:53','2015-05-18 13:00:53',NULL,NULL,1),
	(703,'2015-05-18 13:00:53','2015-05-18 13:00:53',NULL,NULL,0),
	(704,'2015-05-18 13:06:51','2015-05-18 13:06:51',NULL,'Juist',1),
	(705,'2015-05-18 13:06:51','2015-05-18 13:06:51',NULL,'Onjuist',0),
	(706,'2015-05-18 13:07:33','2015-05-18 13:07:33',NULL,'Juist',0),
	(707,'2015-05-18 13:07:33','2015-05-18 13:07:33',NULL,'Onjuist',1),
	(708,'2015-05-18 13:08:22','2015-05-18 13:08:22',NULL,'Juist',0),
	(709,'2015-05-18 13:08:22','2015-05-18 13:08:22',NULL,'Onjuist',1),
	(710,'2015-05-18 13:10:59','2015-05-18 13:10:59',NULL,'Juist',0),
	(711,'2015-05-18 13:10:59','2015-05-18 13:10:59',NULL,'Onjuist',1),
	(712,'2015-05-18 14:39:08','2015-05-18 14:39:08',NULL,NULL,0),
	(713,'2015-05-18 14:39:08','2015-05-18 14:39:08',NULL,NULL,1),
	(714,'2015-05-18 14:39:08','2015-05-18 14:39:08',NULL,NULL,0),
	(715,'2015-05-18 14:39:08','2015-05-18 14:39:08',NULL,NULL,0),
	(716,'2015-05-18 14:39:08','2015-05-18 14:39:08',NULL,NULL,0),
	(717,'2015-05-18 18:40:36','2015-05-18 18:40:36',NULL,'A',1),
	(718,'2015-05-18 18:40:36','2015-05-18 18:40:36',NULL,'B',0),
	(719,'2015-05-18 18:40:36','2015-05-18 18:40:36',NULL,'C',0),
	(720,'2015-05-18 18:41:14','2015-05-18 18:41:14',NULL,'Groen',0),
	(721,'2015-05-18 18:41:14','2015-05-18 18:41:14',NULL,'Geel',0),
	(722,'2015-05-18 18:41:14','2015-05-18 18:41:14',NULL,'Rood',0),
	(723,'2015-05-18 18:41:14','2015-05-18 18:41:14',NULL,'Blauw',0),
	(724,'2015-05-18 18:41:14','2015-05-18 18:41:14',NULL,'Roze',1),
	(725,'2015-05-19 14:55:53','2015-05-19 14:55:53',NULL,'a',0),
	(726,'2015-05-19 14:55:53','2015-05-19 14:55:53',NULL,'b',10),
	(727,'2015-05-19 14:55:53','2015-05-19 14:55:53',NULL,'c',0),
	(728,'2015-05-19 14:56:43','2015-05-19 14:56:43',NULL,'Juist',0),
	(729,'2015-05-19 14:56:43','2015-05-19 14:56:43',NULL,'Onjuist',5),
	(730,'2015-05-19 14:57:16','2015-05-19 14:57:21','2015-05-19 14:57:21',NULL,0),
	(731,'2015-05-19 14:57:16','2015-05-19 14:57:21','2015-05-19 14:57:21',NULL,0),
	(732,'2015-05-19 14:57:17','2015-05-19 14:57:21','2015-05-19 14:57:21',NULL,0),
	(733,'2015-05-19 14:57:17','2015-05-19 14:57:21','2015-05-19 14:57:21',NULL,5),
	(734,'2015-05-19 14:57:17','2015-05-19 14:57:21','2015-05-19 14:57:21',NULL,0),
	(735,'2015-05-19 14:57:21','2015-05-19 14:57:21',NULL,NULL,0),
	(736,'2015-05-19 14:57:21','2015-05-19 14:57:21',NULL,NULL,0),
	(737,'2015-05-19 14:57:21','2015-05-19 14:57:21',NULL,NULL,0),
	(738,'2015-05-19 14:57:21','2015-05-19 14:57:21',NULL,NULL,5),
	(739,'2015-05-19 14:57:21','2015-05-19 14:57:21',NULL,NULL,0),
	(740,'2015-05-21 10:48:39','2015-05-21 10:48:39',NULL,'A',800),
	(741,'2015-05-21 10:48:39','2015-05-21 10:48:39',NULL,'B',0),
	(742,'2015-05-23 19:21:56','2015-05-23 19:21:56',NULL,NULL,0),
	(743,'2015-05-23 19:21:56','2015-05-23 19:21:56',NULL,NULL,1),
	(744,'2015-05-23 19:21:56','2015-05-23 19:21:56',NULL,NULL,0),
	(745,'2015-05-23 19:21:56','2015-05-23 19:21:56',NULL,NULL,0),
	(746,'2015-05-23 19:21:56','2015-05-23 19:21:56',NULL,NULL,0),
	(747,'2015-05-23 19:36:51','2015-05-23 19:36:51',NULL,'Juist',5),
	(748,'2015-05-23 19:36:51','2015-05-23 19:36:51',NULL,'Onjuist',0),
	(749,'2015-05-25 20:41:05','2015-05-25 20:41:05',NULL,NULL,0),
	(750,'2015-05-25 20:41:05','2015-05-25 20:41:05',NULL,NULL,0),
	(751,'2015-05-25 20:41:05','2015-05-25 20:41:05',NULL,NULL,0),
	(752,'2015-05-25 20:41:05','2015-05-25 20:41:05',NULL,NULL,0),
	(753,'2015-05-25 20:41:05','2015-05-25 20:41:05',NULL,NULL,1),
	(754,'2015-05-25 21:13:14','2015-05-25 21:13:14',NULL,'Juist',10),
	(755,'2015-05-25 21:13:14','2015-05-25 21:13:14',NULL,'Onjuist',0),
	(756,'2015-05-29 20:52:58','2015-05-29 20:52:58',NULL,'Juist',5),
	(757,'2015-05-29 20:52:58','2015-05-29 20:52:58',NULL,'Onjuist',0),
	(758,'2015-06-01 20:49:40','2015-06-01 20:49:40',NULL,'Abdi Nasr',0),
	(759,'2015-06-01 20:49:40','2015-06-01 20:49:40',NULL,'Abshir',1),
	(760,'2015-06-01 20:49:40','2015-06-01 20:49:40',NULL,'Bashir',0),
	(761,'2015-06-01 20:50:04','2015-06-01 20:50:04',NULL,'Spanje',0),
	(762,'2015-06-01 20:50:04','2015-06-01 20:50:04',NULL,'Belgie',0),
	(763,'2015-06-01 20:50:04','2015-06-01 20:50:04',NULL,'Frankrijk',5),
	(764,'2015-06-01 20:50:04','2015-06-01 20:50:04',NULL,'Nederland',0),
	(765,'2015-06-01 20:52:58','2015-06-01 20:52:58',NULL,'Juist',0),
	(766,'2015-06-01 20:52:58','2015-06-01 20:52:58',NULL,'Onjuist',1),
	(767,'2015-06-01 20:53:35','2015-06-01 20:53:35',NULL,'Juist',0),
	(768,'2015-06-01 20:53:35','2015-06-01 20:53:35',NULL,'Onjuist',1),
	(769,'2015-06-01 20:54:05','2015-06-01 20:54:05',NULL,'Juist',1),
	(770,'2015-06-01 20:54:05','2015-06-01 20:54:05',NULL,'Onjuist',0),
	(771,'2015-06-01 20:55:16','2015-06-01 20:55:16',NULL,'Juist',0),
	(772,'2015-06-01 20:55:16','2015-06-01 20:55:16',NULL,'Onjuist',5),
	(773,'2015-06-03 15:29:21','2015-06-03 15:29:21',NULL,'1',0),
	(774,'2015-06-03 15:29:21','2015-06-03 15:29:21',NULL,'2',1),
	(775,'2015-06-03 15:29:21','2015-06-03 15:29:21',NULL,'3',0),
	(776,'2015-06-03 15:29:21','2015-06-03 15:29:21',NULL,'4',0),
	(777,'2015-06-03 15:29:21','2015-06-03 15:29:21',NULL,'5',0),
	(778,'2015-06-03 15:29:21','2015-06-03 15:29:21',NULL,'6',0),
	(779,'2015-06-03 15:29:21','2015-06-03 15:29:21',NULL,'7',0),
	(780,'2015-06-03 15:29:21','2015-06-03 15:29:21',NULL,'8',0),
	(781,'2015-06-03 15:29:21','2015-06-03 15:29:21',NULL,'9',0),
	(782,'2015-06-03 15:35:30','2015-06-03 15:35:30',NULL,'Galileo Galilei',0),
	(783,'2015-06-03 15:35:30','2015-06-03 15:35:30',NULL,'Nicolaas Copernicus',1),
	(784,'2015-06-03 15:35:30','2015-06-03 15:35:30',NULL,'Avicenna',0),
	(785,'2015-06-03 15:35:30','2015-06-03 15:35:30',NULL,'Isaac Newton',0),
	(786,'2015-06-03 15:36:20','2015-06-03 15:36:20',NULL,'1',1),
	(787,'2015-06-03 15:36:20','2015-06-03 15:36:20',NULL,'2',0),
	(788,'2015-06-03 15:36:20','2015-06-03 15:36:20',NULL,'3',0),
	(789,'2015-06-03 15:36:20','2015-06-03 15:36:20',NULL,'4',0),
	(790,'2015-06-03 15:38:48','2015-06-03 15:38:48',NULL,'Dit',5),
	(791,'2015-06-03 15:38:48','2015-06-03 15:38:48',NULL,'Dat',0),
	(792,'2015-06-03 15:38:48','2015-06-03 15:38:48',NULL,'Ook',0),
	(793,'2015-06-03 15:38:48','2015-06-03 15:38:48',NULL,'25',0),
	(794,'2015-06-03 15:38:48','2015-06-03 15:38:48',NULL,'26',0),
	(795,'2015-06-03 15:38:48','2015-06-03 15:38:48',NULL,'27',0),
	(796,'2015-06-03 15:41:07','2015-06-03 15:41:07',NULL,'Juist',0),
	(797,'2015-06-03 15:41:07','2015-06-03 15:41:07',NULL,'Onjuist',1),
	(798,'2015-06-03 15:42:11','2015-06-03 15:42:11',NULL,'Juist',1),
	(799,'2015-06-03 15:42:11','2015-06-03 15:42:11',NULL,'Onjuist',0),
	(800,'2015-06-03 15:53:26','2015-06-03 15:53:26',NULL,NULL,1),
	(801,'2015-06-03 15:53:26','2015-06-03 15:53:26',NULL,NULL,0),
	(802,'2015-06-03 15:53:27','2015-06-03 15:53:27',NULL,NULL,0),
	(803,'2015-06-03 15:53:27','2015-06-03 15:53:27',NULL,NULL,0),
	(804,'2015-06-03 15:53:27','2015-06-03 15:53:27',NULL,NULL,0),
	(805,'2015-06-03 15:56:41','2015-06-03 15:56:41',NULL,'12​,5 graden',0),
	(806,'2015-06-03 15:56:41','2015-06-03 15:56:41',NULL,'17 graden',0),
	(807,'2015-06-03 15:56:41','2015-06-03 15:56:41',NULL,'23,5 graden',1),
	(808,'2015-06-03 15:56:41','2015-06-03 15:56:41',NULL,'45 graden',0),
	(809,'2015-06-03 15:59:05','2015-06-03 15:59:05',NULL,'Kilometer',0),
	(810,'2015-06-03 15:59:05','2015-06-03 15:59:05',NULL,'Mijlpalen',0),
	(811,'2015-06-03 15:59:05','2015-06-03 15:59:05',NULL,'Astronomische Eenheid',1),
	(812,'2015-06-03 15:59:05','2015-06-03 15:59:05',NULL,'Lichtjaren',0),
	(813,'2015-06-03 16:01:09','2015-06-03 16:01:09',NULL,'27 juli 2015',0),
	(814,'2015-06-03 16:01:09','2015-06-03 16:01:09',NULL,'28 september 2015',1),
	(815,'2015-06-03 16:01:09','2015-06-03 16:01:09',NULL,'29 november 2016',0),
	(816,'2015-06-03 16:01:09','2015-06-03 16:01:09',NULL,'20 december 2034',0),
	(817,'2015-06-03 16:03:17','2015-06-03 16:03:17',NULL,'Juist',0),
	(818,'2015-06-03 16:03:17','2015-06-03 16:03:17',NULL,'Onjuist',1),
	(819,'2015-06-03 16:04:00','2015-06-03 16:04:00',NULL,'Juist',0),
	(820,'2015-06-03 16:04:00','2015-06-03 16:04:00',NULL,'Onjuist',1),
	(821,'2015-06-03 16:04:43','2015-06-03 16:04:43',NULL,'Juist',1),
	(822,'2015-06-03 16:04:43','2015-06-03 16:04:43',NULL,'Onjuist',0),
	(823,'2015-06-03 16:05:38','2015-06-03 16:05:38',NULL,'Juist',5),
	(824,'2015-06-03 16:05:38','2015-06-03 16:05:38',NULL,'Onjuist',0),
	(825,'2015-06-03 16:05:41','2015-06-03 16:05:41',NULL,'Juist',0),
	(826,'2015-06-03 16:05:41','2015-06-03 16:05:41',NULL,'Onjuist',1),
	(827,'2015-06-03 16:06:49','2015-06-03 16:06:49',NULL,'Juist',1),
	(828,'2015-06-03 16:06:49','2015-06-03 16:06:49',NULL,'Onjuist',0),
	(829,'2015-06-03 16:07:56','2015-06-03 16:07:56',NULL,'Juist',1),
	(830,'2015-06-03 16:07:56','2015-06-03 16:07:56',NULL,'Onjuist',0),
	(831,'2015-06-03 16:08:28','2015-06-03 16:08:28',NULL,NULL,1),
	(832,'2015-06-03 16:08:28','2015-06-03 16:08:28',NULL,NULL,0),
	(833,'2015-06-03 16:08:28','2015-06-03 16:08:28',NULL,NULL,0),
	(834,'2015-06-03 16:08:28','2015-06-03 16:08:28',NULL,NULL,0),
	(835,'2015-06-03 16:08:28','2015-06-03 16:08:28',NULL,NULL,0),
	(836,'2015-06-03 16:08:48','2015-06-03 16:08:48',NULL,'Juist',0),
	(837,'2015-06-03 16:08:48','2015-06-03 16:08:48',NULL,'Onjuist',1),
	(838,'2015-06-03 16:09:29','2015-06-03 16:09:29',NULL,'Juist',0),
	(839,'2015-06-03 16:09:29','2015-06-03 16:09:29',NULL,'Onjuist',1),
	(840,'2015-06-03 16:10:29','2015-06-03 16:10:29',NULL,'Juist',1),
	(841,'2015-06-03 16:10:29','2015-06-03 16:10:29',NULL,'Onjuist',0),
	(842,'2015-06-03 16:11:43','2015-06-03 16:11:43',NULL,'Juist',1),
	(843,'2015-06-03 16:11:43','2015-06-03 16:11:43',NULL,'Onjuist',0),
	(844,'2015-06-11 11:22:14','2015-06-11 11:22:14',NULL,'Klopje A',0),
	(845,'2015-06-11 11:22:14','2015-06-11 11:22:14',NULL,'Klopje B',1),
	(846,'2015-06-11 11:22:14','2015-06-11 11:22:14',NULL,'Klopje C',0),
	(847,'2015-06-11 11:27:07','2015-06-11 11:27:07',NULL,'Juist',2),
	(848,'2015-06-11 11:27:08','2015-06-11 11:27:08',NULL,'Onjuist',0),
	(849,'2015-06-11 11:30:32','2015-06-11 11:30:32',NULL,NULL,0),
	(850,'2015-06-11 11:30:32','2015-06-11 11:30:32',NULL,NULL,0),
	(851,'2015-06-11 11:30:32','2015-06-11 11:30:32',NULL,NULL,1),
	(852,'2015-06-11 11:30:32','2015-06-11 11:30:32',NULL,NULL,0),
	(853,'2015-06-11 11:30:32','2015-06-11 11:30:32',NULL,NULL,0),
	(854,'2015-06-11 11:34:05','2015-06-11 11:34:05',NULL,'Juist',0),
	(855,'2015-06-11 11:34:05','2015-06-11 11:34:05',NULL,'Onjuist',5),
	(856,'2015-06-11 11:34:30','2015-06-11 11:34:30',NULL,'Juist',5),
	(857,'2015-06-11 11:34:30','2015-06-11 11:34:30',NULL,'Onjuist',0),
	(858,'2015-06-16 14:08:54','2015-06-16 14:08:54',NULL,'Juist',5),
	(859,'2015-06-16 14:08:55','2015-06-16 14:08:55',NULL,'Onjuist',0),
	(860,'2015-06-16 14:09:36','2015-09-03 13:59:12','2015-09-03 13:59:12','Juist',0),
	(861,'2015-06-16 14:09:36','2015-09-03 13:59:12','2015-09-03 13:59:12','Onjuist',5),
	(862,'2015-07-23 11:34:51','2015-07-23 14:42:04','2015-07-23 14:42:04','1',0),
	(863,'2015-07-23 11:34:51','2015-07-23 14:42:04','2015-07-23 14:42:04','-1',0),
	(864,'2015-07-23 11:34:51','2015-07-23 14:42:04','2015-07-23 14:42:04','1981',0),
	(865,'2015-07-23 11:34:51','2015-07-23 14:42:04','2015-07-23 14:42:04','2013',0),
	(866,'2015-07-23 11:58:04','2015-07-23 11:58:04',NULL,'Juist',1),
	(867,'2015-07-23 11:58:04','2015-07-23 11:58:04',NULL,'Onjuist',0),
	(868,'2015-07-23 14:42:04','2015-07-23 14:42:04',NULL,'1',0),
	(869,'2015-07-23 14:42:04','2015-07-23 14:42:04',NULL,'-1',0),
	(870,'2015-07-23 14:42:04','2015-07-23 14:42:04',NULL,'1981',0),
	(871,'2015-07-23 14:42:04','2015-07-23 14:42:04',NULL,'2013',0),
	(872,'2015-07-23 14:42:04','2015-07-23 14:42:04',NULL,'0',2),
	(873,'2015-07-23 14:47:26','2015-07-23 14:48:41','2015-07-23 14:48:41','1',0),
	(874,'2015-07-23 14:47:27','2015-07-23 14:48:41','2015-07-23 14:48:41','2',0),
	(875,'2015-07-23 14:47:27','2015-07-23 14:48:41','2015-07-23 14:48:41','3',0),
	(876,'2015-07-23 14:47:27','2015-07-23 14:48:41','2015-07-23 14:48:41','4',0),
	(877,'2015-07-23 14:48:41','2015-07-23 14:48:55','2015-07-23 14:48:55','1',0),
	(878,'2015-07-23 14:48:41','2015-07-23 14:48:55','2015-07-23 14:48:55','2',0),
	(879,'2015-07-23 14:48:41','2015-07-23 14:48:55','2015-07-23 14:48:55','3',0),
	(880,'2015-07-23 14:48:41','2015-07-23 14:48:55','2015-07-23 14:48:55','4',1),
	(881,'2015-07-23 14:48:55','2015-07-23 14:49:06','2015-07-23 14:49:06','1',0),
	(882,'2015-07-23 14:48:55','2015-07-23 14:49:06','2015-07-23 14:49:06','2',0),
	(883,'2015-07-23 14:48:55','2015-07-23 14:49:06','2015-07-23 14:49:06','3',2),
	(884,'2015-07-23 14:48:55','2015-07-23 14:49:06','2015-07-23 14:49:06','4',5),
	(885,'2015-07-23 14:49:06','2015-07-23 14:49:06',NULL,'2',0),
	(886,'2015-07-23 14:49:06','2015-07-23 14:49:06',NULL,'3',0),
	(887,'2015-07-23 14:49:06','2015-07-23 14:49:06',NULL,'4',5),
	(888,'2015-07-23 14:49:06','2015-07-23 14:49:06',NULL,'1',0),
	(889,'2015-07-23 14:53:17','2015-07-23 14:53:17',NULL,'Juist',0),
	(890,'2015-07-23 14:53:17','2015-07-23 14:53:17',NULL,'Onjuist',5),
	(891,'2015-07-23 14:54:20','2015-07-23 14:54:20',NULL,NULL,5),
	(892,'2015-07-23 14:54:20','2015-07-23 14:54:20',NULL,NULL,3),
	(893,'2015-07-23 14:54:20','2015-07-23 14:54:20',NULL,NULL,0),
	(894,'2015-07-23 14:54:20','2015-07-23 14:54:20',NULL,NULL,0),
	(895,'2015-07-23 14:54:20','2015-07-23 14:54:20',NULL,NULL,0),
	(896,'2015-07-23 14:54:40','2015-07-23 14:54:40',NULL,NULL,5),
	(897,'2015-07-23 14:54:40','2015-07-23 14:54:40',NULL,NULL,3),
	(898,'2015-07-23 14:54:40','2015-07-23 14:54:40',NULL,NULL,0),
	(899,'2015-07-23 14:54:40','2015-07-23 14:54:40',NULL,NULL,0),
	(900,'2015-07-23 14:54:40','2015-07-23 14:54:40',NULL,NULL,0),
	(901,'2015-07-23 14:56:10','2015-07-23 14:56:10',NULL,NULL,5),
	(902,'2015-07-23 14:56:10','2015-07-23 14:56:10',NULL,NULL,4),
	(903,'2015-07-23 14:56:10','2015-07-23 14:56:10',NULL,NULL,0),
	(904,'2015-07-23 14:56:10','2015-07-23 14:56:10',NULL,NULL,0),
	(905,'2015-07-23 14:56:10','2015-07-23 14:56:10',NULL,NULL,0),
	(906,'2015-07-23 14:56:12','2015-07-23 14:56:12',NULL,NULL,5),
	(907,'2015-07-23 14:56:12','2015-07-23 14:56:12',NULL,NULL,4),
	(908,'2015-07-23 14:56:12','2015-07-23 14:56:12',NULL,NULL,0),
	(909,'2015-07-23 14:56:12','2015-07-23 14:56:12',NULL,NULL,0),
	(910,'2015-07-23 14:56:12','2015-07-23 14:56:12',NULL,NULL,0),
	(911,'2015-07-30 11:46:14','2015-07-30 11:46:14',NULL,'Juist',2),
	(912,'2015-07-30 11:46:14','2015-07-30 11:46:14',NULL,'Onjuist',0),
	(913,'2015-07-31 13:58:27','2015-07-31 13:58:27',NULL,'Kabul',0),
	(914,'2015-07-31 13:58:27','2015-07-31 13:58:27',NULL,'Islamabad',2),
	(915,'2015-07-31 13:58:28','2015-07-31 13:58:28',NULL,'Karachi',0),
	(916,'2015-07-31 13:58:28','2015-07-31 13:58:28',NULL,'Tora Bora',0),
	(917,'2015-08-06 08:39:37','2015-08-06 08:39:37',NULL,'1',0),
	(918,'2015-08-06 08:39:37','2015-08-06 08:39:37',NULL,'2',0),
	(919,'2015-08-06 08:39:37','2015-08-06 08:39:37',NULL,'3',0),
	(920,'2015-08-06 08:59:40','2015-08-06 09:00:47','2015-08-06 09:00:47','1',0),
	(921,'2015-08-06 08:59:40','2015-08-06 09:00:47','2015-08-06 09:00:47','2',0),
	(922,'2015-08-06 08:59:40','2015-08-06 09:00:47','2015-08-06 09:00:47','3',0),
	(923,'2015-08-06 09:00:47','2015-08-06 09:00:47',NULL,'1',1),
	(924,'2015-08-06 09:00:47','2015-08-06 09:00:47',NULL,'2',0),
	(925,'2015-08-06 09:00:47','2015-08-06 09:00:47',NULL,'3',0),
	(926,'2015-08-06 14:24:25','2015-08-06 14:24:25',NULL,'Juist',5),
	(927,'2015-08-06 14:24:25','2015-08-06 14:24:25',NULL,'Onjuist',0),
	(928,'2015-08-06 14:30:08','2015-08-06 14:30:08',NULL,'noord noord west',0),
	(929,'2015-08-06 14:30:08','2015-08-06 14:30:08',NULL,'noord noord zuid',0),
	(930,'2015-08-06 14:30:09','2015-08-06 14:30:09',NULL,'noord noord oost',0),
	(931,'2015-08-06 14:30:09','2015-08-06 14:30:09',NULL,'noord oost oost',0),
	(932,'2015-08-06 19:01:10','2015-08-06 19:01:10',NULL,'Fugen Bosatsu',0),
	(933,'2015-08-06 19:01:10','2015-08-06 19:01:10',NULL,'Marishiten',0),
	(934,'2015-08-06 19:01:10','2015-08-06 19:01:10',NULL,'Monju Bosatsu',0),
	(935,'2015-08-06 19:01:10','2015-08-06 19:01:10',NULL,'Fudo My-oo',5),
	(936,'2015-08-06 19:03:25','2015-08-06 19:03:25',NULL,'Juist',5),
	(937,'2015-08-06 19:03:26','2015-08-06 19:03:26',NULL,'Onjuist',0),
	(938,'2015-08-19 10:15:32','2015-08-19 10:15:32',NULL,'3',0),
	(939,'2015-08-19 10:15:32','2015-08-19 10:15:32',NULL,'5',1),
	(940,'2015-08-19 10:15:32','2015-08-19 10:15:32',NULL,'6',0),
	(941,'2015-08-19 10:15:32','2015-08-19 10:15:32',NULL,'10',0),
	(942,'2015-08-19 10:15:32','2015-08-19 10:15:32',NULL,'12',0),
	(943,'2015-08-19 10:15:32','2015-08-19 10:15:32',NULL,'20',0),
	(944,'2015-08-19 10:15:32','2015-08-19 10:15:32',NULL,'24',0),
	(945,'2015-08-19 10:15:32','2015-08-19 10:15:32',NULL,'40',0),
	(946,'2015-08-19 10:15:32','2015-08-19 10:15:32',NULL,'28',0),
	(947,'2015-08-19 10:15:32','2015-08-19 10:15:32',NULL,'80',0),
	(948,'2015-08-19 13:58:33','2015-08-19 13:58:33',NULL,'Juist',5),
	(949,'2015-08-19 13:58:33','2015-08-19 13:58:33',NULL,'Onjuist',0),
	(950,'2015-08-28 06:42:57','2015-08-28 06:42:57',NULL,'fout',0),
	(951,'2015-08-28 06:42:57','2015-08-28 06:42:57',NULL,'ook fout',0),
	(952,'2015-08-28 06:42:57','2015-08-28 06:42:57',NULL,'goed',5),
	(953,'2015-08-28 06:44:43','2015-08-28 06:44:43',NULL,'Juist',5),
	(954,'2015-08-28 06:44:43','2015-08-28 06:44:43',NULL,'Onjuist',0),
	(955,'2015-08-28 06:48:22','2015-08-28 06:48:22',NULL,NULL,5),
	(956,'2015-08-28 06:48:22','2015-08-28 06:48:22',NULL,NULL,0),
	(957,'2015-08-28 06:48:22','2015-08-28 06:48:22',NULL,NULL,0),
	(958,'2015-08-28 06:48:22','2015-08-28 06:48:22',NULL,NULL,0),
	(959,'2015-08-28 06:48:23','2015-08-28 06:48:23',NULL,NULL,0),
	(960,'2015-08-28 06:48:35','2015-08-28 06:48:35',NULL,NULL,5),
	(961,'2015-08-28 06:48:35','2015-08-28 06:48:35',NULL,NULL,0),
	(962,'2015-08-28 06:48:35','2015-08-28 06:48:35',NULL,NULL,0),
	(963,'2015-08-28 06:48:35','2015-08-28 06:48:35',NULL,NULL,0),
	(964,'2015-08-28 06:48:35','2015-08-28 06:48:35',NULL,NULL,0),
	(965,'2015-09-01 13:25:19','2015-09-02 10:59:16','2015-09-02 10:59:16',NULL,1),
	(966,'2015-09-01 13:25:19','2015-09-02 10:59:16','2015-09-02 10:59:16',NULL,0),
	(967,'2015-09-01 13:25:19','2015-09-02 10:59:16','2015-09-02 10:59:16',NULL,0),
	(968,'2015-09-01 13:25:19','2015-09-02 10:59:16','2015-09-02 10:59:16',NULL,0),
	(969,'2015-09-01 13:25:19','2015-09-02 10:59:16','2015-09-02 10:59:16',NULL,0),
	(970,'2015-09-02 10:59:16','2015-09-03 11:53:07','2015-09-03 11:53:07',NULL,1),
	(971,'2015-09-02 10:59:17','2015-09-03 11:53:07','2015-09-03 11:53:07',NULL,0),
	(972,'2015-09-02 10:59:17','2015-09-03 11:53:07','2015-09-03 11:53:07',NULL,0),
	(973,'2015-09-02 10:59:17','2015-09-03 11:53:07','2015-09-03 11:53:07',NULL,0),
	(974,'2015-09-02 10:59:17','2015-09-03 11:53:07','2015-09-03 11:53:07',NULL,0),
	(975,'2015-09-03 11:53:07','2015-09-03 11:53:07',NULL,NULL,1),
	(976,'2015-09-03 11:53:07','2015-09-03 11:53:07',NULL,NULL,0),
	(977,'2015-09-03 11:53:07','2015-09-03 11:53:07',NULL,NULL,0),
	(978,'2015-09-03 11:53:07','2015-09-03 11:53:07',NULL,NULL,0),
	(979,'2015-09-03 11:53:07','2015-09-03 11:53:07',NULL,NULL,0),
	(980,'2015-09-03 13:59:12','2015-09-03 13:59:12',NULL,'Juist',5),
	(981,'2015-09-03 13:59:12','2015-09-03 13:59:12',NULL,'Onjuist',0),
	(982,'2015-09-03 14:14:01','2015-09-03 14:14:01',NULL,'A',0),
	(983,'2015-09-03 14:14:01','2015-09-03 14:14:01',NULL,'B',3),
	(984,'2015-09-03 14:14:01','2015-09-03 14:14:01',NULL,'C',0),
	(985,'2015-09-09 12:17:02','2015-09-09 12:17:02',NULL,'Juist',5),
	(986,'2015-09-09 12:17:02','2015-09-09 12:17:02',NULL,'Onjuist',0),
	(987,'2015-09-09 12:17:19','2015-09-09 12:17:19',NULL,'Juist',0),
	(988,'2015-09-09 12:17:19','2015-09-09 12:17:19',NULL,'Onjuist',5),
	(989,'2015-09-16 10:39:22','2015-09-16 10:39:22',NULL,'Juist',5),
	(990,'2015-09-16 10:39:22','2015-09-16 10:39:22',NULL,'Onjuist',0),
	(991,'2015-09-16 10:41:40','2015-09-16 10:41:40',NULL,'Juist',0),
	(992,'2015-09-16 10:41:40','2015-09-16 10:41:40',NULL,'Onjuist',1),
	(993,'2015-09-16 10:45:53','2015-09-16 10:45:53',NULL,'Juist',1),
	(994,'2015-09-16 10:45:53','2015-09-16 10:45:53',NULL,'Onjuist',0),
	(995,'2015-09-16 10:48:42','2015-09-16 10:48:42',NULL,'Juist',0),
	(996,'2015-09-16 10:48:42','2015-09-16 10:48:42',NULL,'Onjuist',1),
	(997,'2015-09-16 10:49:58','2015-09-16 10:49:58',NULL,'Juist',1),
	(998,'2015-09-16 10:49:58','2015-09-16 10:49:58',NULL,'Onjuist',0),
	(999,'2015-09-16 10:50:49','2015-09-16 10:50:49',NULL,'Juist',0),
	(1000,'2015-09-16 10:50:49','2015-09-16 10:50:49',NULL,'Onjuist',1),
	(1001,'2015-09-16 10:51:21','2015-09-16 10:51:21',NULL,'Juist',1),
	(1002,'2015-09-16 10:51:21','2015-09-16 10:51:21',NULL,'Onjuist',0),
	(1003,'2015-09-16 10:52:08','2015-09-16 10:52:08',NULL,'Juist',0),
	(1004,'2015-09-16 10:52:08','2015-09-16 10:52:08',NULL,'Onjuist',1),
	(1005,'2015-09-16 10:53:43','2015-09-16 10:53:43',NULL,'Juist',1),
	(1006,'2015-09-16 10:53:43','2015-09-16 10:53:43',NULL,'Onjuist',0),
	(1007,'2015-09-16 10:55:13','2015-09-16 10:55:13',NULL,'Juist',1),
	(1008,'2015-09-16 10:55:13','2015-09-16 10:55:13',NULL,'Onjuist',0),
	(1009,'2015-09-16 11:25:58','2015-09-16 11:30:33','2015-09-16 11:30:33','energie + glucose --> zuurstof + waterdamp + koolstofdioxide',0),
	(1010,'2015-09-16 11:25:58','2015-09-16 11:30:33','2015-09-16 11:30:33','glucose + zuurstof --> waterdamp + koolstofdioxide + energie',1),
	(1011,'2015-09-16 11:25:58','2015-09-16 11:30:33','2015-09-16 11:30:33','koolstofdioxide + zuurstof + waterdamp --> glucose + energie',0),
	(1012,'2015-09-16 11:25:58','2015-09-16 11:30:33','2015-09-16 11:30:33','zuurstof + energie --> waterdamp + glucose + koolstofdioxide',0),
	(1013,'2015-09-16 11:28:40','2015-09-16 11:30:25','2015-09-16 11:30:25','Koolstofdioxide; 4%',0),
	(1014,'2015-09-16 11:28:40','2015-09-16 11:30:25','2015-09-16 11:30:25','Koolstofdioxide; 78%',0),
	(1015,'2015-09-16 11:28:40','2015-09-16 11:30:25','2015-09-16 11:30:25','Stikstof; 4%',0),
	(1016,'2015-09-16 11:28:40','2015-09-16 11:30:25','2015-09-16 11:30:25','Stikstof; 78%',1),
	(1017,'2015-09-16 11:30:17','2015-09-16 11:30:17',NULL,'De slijmcellen en trilhaartjes houden stofdeeltjes tegen want ze blijven in het slijm plakken.',0),
	(1018,'2015-09-16 11:30:17','2015-09-16 11:30:17',NULL,'Slijm houdt stof tegen. De trilhaartjes transporteren het slijm richting de keel. Daarna slik je het slijm meestal in.',2),
	(1019,'2015-09-16 11:30:17','2015-09-16 11:30:17',NULL,'Slijm houdt stofjes tegen. De trilhaartjes transporteren het slijm richting de longen. Daarna hoest je het meestal uit.',0),
	(1020,'2015-09-16 11:30:17','2015-09-16 11:30:17',NULL,'Het maakt ingeademde ziekteverwekkers onschadelijk.',0),
	(1021,'2015-09-16 11:30:25','2015-09-16 11:30:25',NULL,'Koolstofdioxide; 4%',0),
	(1022,'2015-09-16 11:30:25','2015-09-16 11:30:25',NULL,'Koolstofdioxide; 78%',0),
	(1023,'2015-09-16 11:30:25','2015-09-16 11:30:25',NULL,'Stikstof; 4%',0),
	(1024,'2015-09-16 11:30:25','2015-09-16 11:30:25',NULL,'Stikstof; 78%',2),
	(1025,'2015-09-16 11:30:33','2015-09-16 11:30:33',NULL,'energie + glucose --> zuurstof + waterdamp + koolstofdioxide',0),
	(1026,'2015-09-16 11:30:33','2015-09-16 11:30:33',NULL,'glucose + zuurstof --> waterdamp + koolstofdioxide + energie',2),
	(1027,'2015-09-16 11:30:33','2015-09-16 11:30:33',NULL,'koolstofdioxide + zuurstof + waterdamp --> glucose + energie',0),
	(1028,'2015-09-16 11:30:33','2015-09-16 11:30:33',NULL,'zuurstof + energie --> waterdamp + glucose + koolstofdioxide',0),
	(1029,'2015-09-16 11:33:40','2015-09-16 11:33:40',NULL,'De longblaasjes; stikstof',2),
	(1030,'2015-09-16 11:33:40','2015-09-16 11:33:40',NULL,'De longblaasjes; waterdamp',0),
	(1031,'2015-09-16 11:33:40','2015-09-16 11:33:40',NULL,'De luchtpijptakjes; koolstofdioxide',0),
	(1032,'2015-09-16 11:33:40','2015-09-16 11:33:40',NULL,'De luchtpijptakjes; waterdamp',0),
	(1033,'2015-09-16 11:35:22','2015-09-16 11:35:22',NULL,'In de adamsappel, door spieren',0),
	(1034,'2015-09-16 11:35:22','2015-09-16 11:35:22',NULL,'In de adamsappel, door kraakbeenringen',0),
	(1035,'2015-09-16 11:35:22','2015-09-16 11:35:22',NULL,'In het strottenhoofd, door spieren',0),
	(1036,'2015-09-16 11:35:22','2015-09-16 11:35:22',NULL,'In het strottenhoofd, door kraakbeenringen',2),
	(1037,'2015-09-17 13:17:28','2015-09-17 13:17:28',NULL,'Juist',0),
	(1038,'2015-09-17 13:17:28','2015-09-17 13:17:28',NULL,'Onjuist',5),
	(1039,'2015-09-17 13:20:05','2015-09-17 13:20:05',NULL,'Juist',0),
	(1040,'2015-09-17 13:20:05','2015-09-17 13:20:05',NULL,'Onjuist',1),
	(1041,'2015-09-17 13:21:18','2015-09-17 13:21:18',NULL,'Juist',1),
	(1042,'2015-09-17 13:21:18','2015-09-17 13:21:18',NULL,'Onjuist',0),
	(1043,'2015-09-17 13:22:47','2015-09-17 13:22:47',NULL,'Juist',1),
	(1044,'2015-09-17 13:22:47','2015-09-17 13:22:47',NULL,'Onjuist',0),
	(1045,'2015-09-17 13:23:50','2015-09-17 13:23:50',NULL,'Juist',0),
	(1046,'2015-09-17 13:23:50','2015-09-17 13:23:50',NULL,'Onjuist',1),
	(1047,'2015-09-17 13:24:50','2015-09-17 13:24:50',NULL,'Juist',0),
	(1048,'2015-09-17 13:24:50','2015-09-17 13:24:50',NULL,'Onjuist',1),
	(1049,'2015-09-17 13:25:35','2015-09-17 13:25:35',NULL,'Juist',1),
	(1050,'2015-09-17 13:25:35','2015-09-17 13:25:35',NULL,'Onjuist',0),
	(1051,'2015-09-17 13:26:33','2015-09-17 13:26:33',NULL,'Juist',0),
	(1052,'2015-09-17 13:26:33','2015-09-17 13:26:33',NULL,'Onjuist',1),
	(1053,'2015-09-17 13:27:31','2015-09-17 13:27:31',NULL,'Juist',1),
	(1054,'2015-09-17 13:27:31','2015-09-17 13:27:31',NULL,'Onjuist',0),
	(1055,'2015-09-17 13:28:41','2015-09-17 13:28:41',NULL,'Juist',1),
	(1056,'2015-09-17 13:28:41','2015-09-17 13:28:41',NULL,'Onjuist',0),
	(1057,'2015-09-17 14:24:05','2015-09-17 14:24:05',NULL,'alleen Vincent',0),
	(1058,'2015-09-17 14:24:05','2015-09-17 14:24:05',NULL,'alleen Nicky',2),
	(1059,'2015-09-17 14:24:05','2015-09-17 14:24:05',NULL,'Vincent en Nicky',0),
	(1060,'2015-09-17 14:24:05','2015-09-17 14:24:05',NULL,'geen van beiden',0),
	(1061,'2015-09-17 14:25:49','2015-09-17 14:25:49',NULL,'In de adamsappel, door spieren',0),
	(1062,'2015-09-17 14:25:49','2015-09-17 14:25:49',NULL,'In de adamsappel, door kraakbeenringen',0),
	(1063,'2015-09-17 14:25:49','2015-09-17 14:25:49',NULL,'In het strottenhoofd, door spieren',0),
	(1064,'2015-09-17 14:25:49','2015-09-17 14:25:49',NULL,'In het strottenhoofd, door kraakbeenringen',2),
	(1065,'2015-09-17 14:28:11','2015-09-17 14:28:11',NULL,'zuurstof',0),
	(1066,'2015-09-17 14:28:11','2015-09-17 14:28:11',NULL,'stikstof',0),
	(1067,'2015-09-17 14:28:11','2015-09-17 14:28:11',NULL,'koolstofdioxide',2),
	(1068,'2015-09-17 14:28:11','2015-09-17 14:28:11',NULL,'koolstofmono-oxide',0),
	(1069,'2015-09-17 14:31:24','2015-09-17 14:31:24',NULL,'zuurstof 16%, koolstofdioxide 4%',0),
	(1070,'2015-09-17 14:31:24','2015-09-17 14:31:24',NULL,'zuurstof 21%, koolstofdioxide 4%',0),
	(1071,'2015-09-17 14:31:24','2015-09-17 14:31:24',NULL,'zuurstof 16%, koolstofdioxide 0,04%',0),
	(1072,'2015-09-17 14:31:24','2015-09-17 14:31:24',NULL,'zuurstof 21%, koolstofdioxide 0,04%',2),
	(1073,'2015-09-17 14:33:35','2015-09-17 14:33:35',NULL,'alleen Meryam',0),
	(1074,'2015-09-17 14:33:35','2015-09-17 14:33:35',NULL,'alleen Ahmed',2),
	(1075,'2015-09-17 14:33:35','2015-09-17 14:33:35',NULL,'Meryam en Ahmed',0),
	(1076,'2015-09-17 14:33:35','2015-09-17 14:33:35',NULL,'Geen van beide',0),
	(1077,'2015-09-22 19:54:13','2015-09-22 19:54:13',NULL,'Juist',2),
	(1078,'2015-09-22 19:54:13','2015-09-22 19:54:13',NULL,'Onjuist',0),
	(1079,'2015-09-28 09:58:03','2015-09-28 09:58:03',NULL,'TCGCTCGGA',0),
	(1080,'2015-09-28 09:58:03','2015-09-28 09:58:03',NULL,'GATAGATTC',0),
	(1081,'2015-09-28 09:58:03','2015-09-28 09:58:03',NULL,'AGCGAGCCT',1),
	(1082,'2015-09-28 09:58:03','2015-09-28 09:58:03',NULL,'CTATCTAAG',0),
	(1083,'2015-09-30 09:55:24','2015-09-30 09:55:24',NULL,'Juist',1),
	(1084,'2015-09-30 09:55:24','2015-09-30 09:55:24',NULL,'Onjuist',0),
	(1085,'2015-09-30 09:56:22','2015-09-30 09:56:22',NULL,'Juist',1),
	(1086,'2015-09-30 09:56:22','2015-09-30 09:56:22',NULL,'Onjuist',0),
	(1087,'2015-09-30 09:57:31','2015-09-30 09:57:31',NULL,'Juist',1),
	(1088,'2015-09-30 09:57:31','2015-09-30 09:57:31',NULL,'Onjuist',0),
	(1089,'2015-09-30 09:58:52','2015-09-30 09:58:52',NULL,'Juist',0),
	(1090,'2015-09-30 09:58:52','2015-09-30 09:58:52',NULL,'Onjuist',1),
	(1091,'2015-09-30 09:59:44','2015-09-30 09:59:44',NULL,'Juist',0),
	(1092,'2015-09-30 09:59:44','2015-09-30 09:59:44',NULL,'Onjuist',1),
	(1093,'2015-09-30 10:00:48','2015-09-30 10:00:48',NULL,'Juist',1),
	(1094,'2015-09-30 10:00:48','2015-09-30 10:00:48',NULL,'Onjuist',0),
	(1095,'2015-09-30 10:02:57','2015-09-30 10:02:57',NULL,'Juist',0),
	(1096,'2015-09-30 10:02:57','2015-09-30 10:02:57',NULL,'Onjuist',1),
	(1097,'2015-09-30 10:04:55','2015-09-30 10:04:55',NULL,'Juist',1),
	(1098,'2015-09-30 10:04:55','2015-09-30 10:04:55',NULL,'Onjuist',0),
	(1099,'2015-09-30 10:08:38','2015-09-30 10:08:38',NULL,'Juist',0),
	(1100,'2015-09-30 10:08:38','2015-09-30 10:08:38',NULL,'Onjuist',1),
	(1101,'2015-09-30 11:12:52','2015-09-30 11:12:52',NULL,'Juist',1),
	(1102,'2015-09-30 11:12:52','2015-09-30 11:12:52',NULL,'Onjuist',0),
	(1103,'2015-09-30 11:13:40','2015-09-30 11:13:40',NULL,'Juist',1),
	(1104,'2015-09-30 11:13:40','2015-09-30 11:13:40',NULL,'Onjuist',0),
	(1105,'2015-09-30 11:14:42','2015-09-30 11:14:42',NULL,'Juist',0),
	(1106,'2015-09-30 11:14:42','2015-09-30 11:14:42',NULL,'Onjuist',1),
	(1107,'2015-09-30 11:19:32','2015-09-30 11:19:32',NULL,'Juist',0),
	(1108,'2015-09-30 11:19:32','2015-09-30 11:19:32',NULL,'Onjuist',1),
	(1109,'2015-09-30 11:20:47','2015-09-30 11:20:47',NULL,'Juist',1),
	(1110,'2015-09-30 11:20:47','2015-09-30 11:20:47',NULL,'Onjuist',0),
	(1111,'2015-09-30 11:21:27','2015-09-30 11:21:27',NULL,'Juist',1),
	(1112,'2015-09-30 11:21:27','2015-09-30 11:21:27',NULL,'Onjuist',0),
	(1113,'2015-09-30 11:50:25','2015-09-30 11:50:25',NULL,'Nummer 1',1),
	(1114,'2015-09-30 11:50:25','2015-09-30 11:50:25',NULL,'Nummer 2',0),
	(1115,'2015-09-30 11:50:25','2015-09-30 11:50:25',NULL,'Nummer 3',0),
	(1116,'2015-09-30 11:51:41','2015-09-30 11:51:41',NULL,'Nummer 1',0),
	(1117,'2015-09-30 11:51:41','2015-09-30 11:51:41',NULL,'Nummer 2',0),
	(1118,'2015-09-30 11:51:41','2015-09-30 11:51:41',NULL,'Nummer 3',1),
	(1119,'2015-09-30 11:53:30','2015-09-30 11:53:30',NULL,'Pijl P',1),
	(1120,'2015-09-30 11:53:30','2015-09-30 11:53:30',NULL,'Pijl Q',0),
	(1121,'2015-09-30 11:59:06','2015-09-30 11:59:06',NULL,'Alleen Romee',1),
	(1122,'2015-09-30 11:59:06','2015-09-30 11:59:06',NULL,'Alleen Sam',0),
	(1123,'2015-09-30 11:59:07','2015-09-30 11:59:07',NULL,'Alleen Zlatan',0),
	(1124,'2015-09-30 11:59:07','2015-09-30 11:59:07',NULL,'Alleen Romee en Sam',0),
	(1125,'2015-09-30 11:59:07','2015-09-30 11:59:07',NULL,'Alleen Romee en Zlatan',0),
	(1126,'2015-09-30 11:59:07','2015-09-30 11:59:07',NULL,'Alleen Sam en Zlatan',0),
	(1127,'2015-09-30 12:00:12','2015-09-30 12:00:12',NULL,'Bij astma',1),
	(1128,'2015-09-30 12:00:12','2015-09-30 12:00:12',NULL,'Bij hooikoorts',0),
	(1129,'2015-09-30 12:00:12','2015-09-30 12:00:12',NULL,'Bij longemfyseem',0),
	(1130,'2015-09-30 12:06:07','2015-09-30 12:06:07',NULL,'Zowel Pim als Ellen',1),
	(1131,'2015-09-30 12:06:07','2015-09-30 12:06:07',NULL,'Alleen Pim',0),
	(1132,'2015-09-30 12:06:07','2015-09-30 12:06:07',NULL,'Alleen Ellen',0),
	(1133,'2015-09-30 12:06:07','2015-09-30 12:06:07',NULL,'Geen van beiden',0),
	(1134,'2015-09-30 12:08:58','2015-09-30 12:08:58',NULL,'Zowel Pim als Ellen',0),
	(1135,'2015-09-30 12:08:58','2015-09-30 12:08:58',NULL,'Alleen Pim',0),
	(1136,'2015-09-30 12:08:58','2015-09-30 12:08:58',NULL,'Alleen Ellen',0),
	(1137,'2015-09-30 12:08:58','2015-09-30 12:08:58',NULL,'Geen van beiden',1),
	(1138,'2015-09-30 12:12:46','2015-09-30 12:12:46',NULL,'Zowel Pim als Ellen',1),
	(1139,'2015-09-30 12:12:46','2015-09-30 12:12:46',NULL,'Alleen Pim',0),
	(1140,'2015-09-30 12:12:46','2015-09-30 12:12:46',NULL,'Alleen Ellen',0),
	(1141,'2015-09-30 12:12:46','2015-09-30 12:12:46',NULL,'Geen van beiden',0),
	(1142,'2015-09-30 12:15:07','2015-09-30 12:15:07',NULL,'Zowel Pim als Ellen',0),
	(1143,'2015-09-30 12:15:07','2015-09-30 12:15:07',NULL,'Alleen Pim',1),
	(1144,'2015-09-30 12:15:07','2015-09-30 12:15:07',NULL,'Alleen Ellen',0),
	(1145,'2015-09-30 12:15:07','2015-09-30 12:15:07',NULL,'Geen van beiden',0),
	(1146,'2015-09-30 12:17:58','2015-09-30 12:17:58',NULL,'Bij de verbranding van een kaars ontstaat water als verbrandingsproduct',1),
	(1147,'2015-09-30 12:17:58','2015-09-30 12:17:58',NULL,'Bij de verbranding van een kaars wordt water verbruikt',0),
	(1148,'2015-09-30 12:17:58','2015-09-30 12:17:58',NULL,'Bij de verbranding van een kaars wordt water omgezet in energie',0),
	(1149,'2015-09-30 12:17:58','2015-09-30 12:17:58',NULL,'Bij de verbranding van een kaars wordt energie omgezet in water',0),
	(1150,'2015-09-30 12:25:34','2015-09-30 12:25:34',NULL,'Alleen bewering 1',0),
	(1151,'2015-09-30 12:25:34','2015-09-30 12:25:34',NULL,'Alleen bewering 2',1),
	(1152,'2015-09-30 12:25:34','2015-09-30 12:25:34',NULL,'Alleen bewering 3',0),
	(1153,'2015-09-30 12:25:34','2015-09-30 12:25:34',NULL,'Alleen de beweringen 1 en 2',0),
	(1154,'2015-09-30 12:25:34','2015-09-30 12:25:34',NULL,'Alleen de beweringen 2 en 3',0),
	(1155,'2015-09-30 12:25:34','2015-09-30 12:25:34',NULL,'De beweringen 1, 2 en 3',0),
	(1156,'2015-09-30 12:33:04','2015-09-30 12:33:04',NULL,'P is minder dan 14,6%',0),
	(1157,'2015-09-30 12:33:05','2015-09-30 12:33:05',NULL,'P is gelijk aan 14,6%',1),
	(1158,'2015-09-30 12:33:05','2015-09-30 12:33:05',NULL,'P is meer dan 14,6%',0),
	(1159,'2015-09-30 12:35:07','2015-09-30 12:35:07',NULL,'Zijn hartslag en ademhaling zijn beide sneller dan in rust.',1),
	(1160,'2015-09-30 12:35:07','2015-09-30 12:35:07',NULL,'Zijn hartslag is sneller, zijn ademhaling langzamer dan in rust.',0),
	(1161,'2015-09-30 12:35:07','2015-09-30 12:35:07',NULL,'Zijn hartslag is langzamer, zijn ademhaling sneller dan in rust.',0),
	(1162,'2015-09-30 12:35:07','2015-09-30 12:35:07',NULL,'Zijn hartslag en ademhaling zijn beide langzamer dan in rust.',0),
	(1163,'2015-09-30 14:10:10','2015-09-30 14:10:10',NULL,'Juist',0),
	(1164,'2015-09-30 14:10:10','2015-09-30 14:10:10',NULL,'Onjuist',1),
	(1165,'2015-09-30 14:10:42','2015-09-30 14:10:42',NULL,'Juist',1),
	(1166,'2015-09-30 14:10:42','2015-09-30 14:10:42',NULL,'Onjuist',0),
	(1167,'2015-09-30 14:11:17','2015-09-30 14:11:17',NULL,'Juist',1),
	(1168,'2015-09-30 14:11:17','2015-09-30 14:11:17',NULL,'Onjuist',0),
	(1169,'2015-09-30 14:15:45','2015-09-30 14:15:45',NULL,'Juist',0),
	(1170,'2015-09-30 14:15:45','2015-09-30 14:15:45',NULL,'Onjuist',1),
	(1171,'2015-09-30 14:16:24','2015-09-30 14:16:24',NULL,'Juist',0),
	(1172,'2015-09-30 14:16:24','2015-09-30 14:16:24',NULL,'Onjuist',1),
	(1173,'2015-09-30 14:16:50','2015-09-30 14:16:50',NULL,'Juist',1),
	(1174,'2015-09-30 14:16:50','2015-09-30 14:16:50',NULL,'Onjuist',0),
	(1175,'2015-09-30 14:17:22','2015-09-30 14:17:22',NULL,'Juist',0),
	(1176,'2015-09-30 14:17:22','2015-09-30 14:17:22',NULL,'Onjuist',1),
	(1177,'2015-09-30 14:18:34','2015-09-30 14:18:34',NULL,'Juist',1),
	(1178,'2015-09-30 14:18:34','2015-09-30 14:18:34',NULL,'Onjuist',0),
	(1179,'2015-09-30 14:19:00','2015-09-30 14:19:00',NULL,'Juist',1),
	(1180,'2015-09-30 14:19:00','2015-09-30 14:19:00',NULL,'Onjuist',0),
	(1181,'2015-09-30 14:20:07','2015-09-30 14:20:07',NULL,'Juist',0),
	(1182,'2015-09-30 14:20:07','2015-09-30 14:20:07',NULL,'Onjuist',1),
	(1183,'2015-09-30 14:20:59','2015-09-30 14:20:59',NULL,'Juist',1),
	(1184,'2015-09-30 14:20:59','2015-09-30 14:20:59',NULL,'Onjuist',0),
	(1185,'2015-09-30 14:27:09','2015-09-30 14:27:09',NULL,'Juist',0),
	(1186,'2015-09-30 14:27:09','2015-09-30 14:27:09',NULL,'Onjuist',1),
	(1187,'2015-09-30 14:27:42','2015-09-30 14:27:42',NULL,'Juist',1),
	(1188,'2015-09-30 14:27:42','2015-09-30 14:27:42',NULL,'Onjuist',0),
	(1189,'2015-09-30 14:28:20','2015-09-30 14:28:20',NULL,'Juist',1),
	(1190,'2015-09-30 14:28:20','2015-09-30 14:28:20',NULL,'Onjuist',0),
	(1191,'2015-09-30 15:32:16','2015-09-30 15:32:16',NULL,'Alleen in bladgroenkorrels',1),
	(1192,'2015-09-30 15:32:16','2015-09-30 15:32:16',NULL,'Alleen in kleurstofkorrels',0),
	(1193,'2015-09-30 15:32:16','2015-09-30 15:32:16',NULL,'Alleen in zetmeelkorrels',0),
	(1194,'2015-09-30 15:32:16','2015-09-30 15:32:16',NULL,'Alleen in bladgroenkorrels en in kleurstofkorrels',0),
	(1195,'2015-09-30 15:32:16','2015-09-30 15:32:16',NULL,'Alleen in kleurstofkorrels en in zetmeelkorrels',0),
	(1196,'2015-09-30 15:32:17','2015-09-30 15:32:17',NULL,'In bladgroenkorrels, in kleurstofkorrels en in zetmeelkorrels',0),
	(1197,'2015-09-30 15:37:01','2015-09-30 15:37:01',NULL,'Alleen de delen 1 en 2',0),
	(1198,'2015-09-30 15:37:01','2015-09-30 15:37:01',NULL,'Alleen de delen 1 en 3',0),
	(1199,'2015-09-30 15:37:01','2015-09-30 15:37:01',NULL,'Alleen de delen 1, 2 en 3',1),
	(1200,'2015-09-30 15:37:01','2015-09-30 15:37:01',NULL,'Alleen de delen 2, 3 en 5',0),
	(1201,'2015-09-30 15:37:01','2015-09-30 15:37:01',NULL,'Alleen de delen 1, 2, 3 en 4',0),
	(1202,'2015-09-30 15:37:01','2015-09-30 15:37:01',NULL,'De delen 1, 2, 3, 4 en 5',0),
	(1203,'2015-09-30 15:41:44','2015-09-30 15:41:44',NULL,'Tekening 1',1),
	(1204,'2015-09-30 15:41:44','2015-09-30 15:41:44',NULL,'Tekening 2',0),
	(1205,'2015-09-30 15:41:44','2015-09-30 15:41:44',NULL,'Tekening 3',0),
	(1206,'2015-09-30 15:41:44','2015-09-30 15:41:44',NULL,'Tekening 4',0),
	(1207,'2015-09-30 15:46:23','2015-09-30 15:46:23',NULL,'Orgaan - organenstelsel - weefsel - cel.',0),
	(1208,'2015-09-30 15:46:23','2015-09-30 15:46:23',NULL,'Orgaan - organenstelsel - cel - weefsel.',0),
	(1209,'2015-09-30 15:46:23','2015-09-30 15:46:23',NULL,'Organenstelsel - orgaan - -weefsel - cel.',1),
	(1210,'2015-09-30 15:46:23','2015-09-30 15:46:23',NULL,'Organenstelsel - weefsel - orgaan - cel.',0),
	(1211,'2015-09-30 15:52:58','2015-09-30 15:52:58',NULL,'In stadium 1',0),
	(1212,'2015-09-30 15:52:58','2015-09-30 15:52:58',NULL,'In stadium 2',0),
	(1213,'2015-09-30 15:52:58','2015-09-30 15:52:58',NULL,'In stadium 3',1),
	(1214,'2015-09-30 15:52:58','2015-09-30 15:52:58',NULL,'In stadium 4',0),
	(1215,'2015-09-30 15:58:26','2015-09-30 15:58:26',NULL,'Elk chromosoom heeft een tweede draad erbij gevormd.',0),
	(1216,'2015-09-30 15:58:26','2015-09-30 15:58:26',NULL,'De draden van de chromosomen zijn korter en dikker geworden.',0),
	(1217,'2015-09-30 15:58:26','2015-09-30 15:58:26',NULL,'De draden van de chromosomen zijn langer en dunner geworden.',0),
	(1218,'2015-09-30 15:58:26','2015-09-30 15:58:26',NULL,'De twee draden van elk chromosoom zijn uit elkaar gegaan.',1),
	(1219,'2015-09-30 16:01:50','2015-09-30 16:01:50',NULL,'Deel 1.',0),
	(1220,'2015-09-30 16:01:50','2015-09-30 16:01:50',NULL,'Deel 2.',1),
	(1221,'2015-09-30 16:01:50','2015-09-30 16:01:50',NULL,'Deel 3.',0),
	(1222,'2015-09-30 16:01:50','2015-09-30 16:01:50',NULL,'Deel 4.',0),
	(1223,'2015-09-30 16:03:29','2015-09-30 16:05:09','2015-09-30 16:05:09','Cytoplasma',0),
	(1224,'2015-09-30 16:03:29','2015-09-30 16:05:09','2015-09-30 16:05:09','Lucht',1),
	(1225,'2015-09-30 16:03:29','2015-09-30 16:05:09','2015-09-30 16:05:09','Water',0),
	(1226,'2015-09-30 16:03:29','2015-09-30 16:05:09','2015-09-30 16:05:09','Zetmeel',0),
	(1227,'2015-09-30 16:05:09','2015-09-30 16:05:09',NULL,'Cytoplasma',0),
	(1228,'2015-09-30 16:05:09','2015-09-30 16:05:09',NULL,'Lucht',1),
	(1229,'2015-09-30 16:05:09','2015-09-30 16:05:09',NULL,'Water',1),
	(1230,'2015-09-30 16:05:09','2015-09-30 16:05:09',NULL,'Zetmeel',0),
	(1231,'2015-09-30 16:07:16','2015-09-30 16:07:16',NULL,'Alleen in deel 2',0),
	(1232,'2015-09-30 16:07:16','2015-09-30 16:07:16',NULL,'Alleen in deel 6',1),
	(1233,'2015-09-30 16:07:16','2015-09-30 16:07:16',NULL,'Alleen in deel 7',0),
	(1234,'2015-09-30 16:07:16','2015-09-30 16:07:16',NULL,'Zowel in deel 6 las in deel 7.',0),
	(1235,'2015-09-30 16:09:45','2015-09-30 16:09:45',NULL,'Bladgroenkorrels zijn overgegaan in kleurstofkorrels',1),
	(1236,'2015-09-30 16:09:46','2015-09-30 16:09:46',NULL,'Bladgroenkorrels zijn overgegaan in zetmeelkorrels',0),
	(1237,'2015-09-30 16:09:46','2015-09-30 16:09:46',NULL,'Kleurstofkorrels zijn overgegaan in zetmeelkorrels',0),
	(1238,'2015-09-30 16:09:46','2015-09-30 16:09:46',NULL,'Zetmeelkorrels zijn overgegaan in kleurstofkorrels',0),
	(1239,'2015-09-30 16:11:40','2015-09-30 16:11:40',NULL,'Het hart',1),
	(1240,'2015-09-30 16:11:40','2015-09-30 16:11:40',NULL,'De lever',0),
	(1241,'2015-09-30 16:11:40','2015-09-30 16:11:40',NULL,'Een long',0),
	(1242,'2015-09-30 16:11:40','2015-09-30 16:11:40',NULL,'Een nier',0),
	(1243,'2015-09-30 16:18:42','2015-09-30 16:18:42',NULL,'Op plaats 1.',1),
	(1244,'2015-09-30 16:18:42','2015-09-30 16:18:42',NULL,'Op plaats 2.',0),
	(1245,'2015-09-30 16:18:42','2015-09-30 16:18:42',NULL,'Op plaats 3.',0),
	(1246,'2015-09-30 16:22:10','2015-09-30 16:22:10',NULL,'Orgaan',0),
	(1247,'2015-09-30 16:22:10','2015-09-30 16:22:10',NULL,'Organenstelsel',0),
	(1248,'2015-09-30 16:22:10','2015-09-30 16:22:10',NULL,'Weefsel',1),
	(1249,'2015-09-30 16:24:44','2015-09-30 16:24:44',NULL,'Een celkern.',1),
	(1250,'2015-09-30 16:24:44','2015-09-30 16:24:44',NULL,'Een intercellulaire ruimte.',0),
	(1251,'2015-09-30 16:24:44','2015-09-30 16:24:44',NULL,'Een vacuole',0),
	(1252,'2015-10-01 12:57:14','2015-10-01 12:57:14',NULL,'GTTCTCAG',0),
	(1253,'2015-10-01 12:57:14','2015-10-01 12:57:14',NULL,'CAAGAGTC',1),
	(1254,'2015-10-01 12:57:14','2015-10-01 12:57:14',NULL,'TGGAGACA ',0),
	(1255,'2015-10-01 12:57:14','2015-10-01 12:57:14',NULL,'ACCTCTGT',0),
	(1256,'2015-10-01 13:38:34','2015-10-01 13:38:34',NULL,'Ze in grotere groepen gingen leven.',0),
	(1257,'2015-10-01 13:38:34','2015-10-01 13:38:34',NULL,'Individuen met een grotere sociale intelligentie in het voordeel waren.',1),
	(1258,'2015-10-01 13:38:34','2015-10-01 13:38:34',NULL,'Ze meer energierijk voedsel gingen eten.',0),
	(1259,'2015-10-01 13:38:34','2015-10-01 13:38:34',NULL,'Rechtop gingen lopen.',0),
	(1260,'2015-10-29 19:25:47','2015-10-29 19:25:47',NULL,'Adolf Hitler',0),
	(1261,'2015-10-29 19:25:47','2015-10-29 19:25:47',NULL,'Josef Stalin',0),
	(1262,'2015-10-29 19:25:47','2015-10-29 19:25:47',NULL,'Geert Wilders',1),
	(1263,'2015-10-29 19:26:51','2015-10-29 19:26:51',NULL,'Alex Karlas',2),
	(1264,'2015-10-29 19:26:51','2015-10-29 19:26:51',NULL,'Robin Hormann',1),
	(1265,'2015-10-29 19:27:43','2015-10-29 19:27:43',NULL,'Marokkanen',0),
	(1266,'2015-10-29 19:27:43','2015-10-29 19:27:43',NULL,'Joden',0),
	(1267,'2015-10-29 19:27:43','2015-10-29 19:27:43',NULL,'Zowel Marokkanen en Joden',1),
	(1268,'2015-11-03 19:29:03','2015-11-03 19:29:03',NULL,'Juist',0),
	(1269,'2015-11-03 19:29:03','2015-11-03 19:29:03',NULL,'Onjuist',1),
	(1270,'2015-11-03 19:29:56','2015-11-03 19:29:56',NULL,'Juist',1),
	(1271,'2015-11-03 19:29:56','2015-11-03 19:29:56',NULL,'Onjuist',0),
	(1272,'2015-11-03 19:30:32','2015-11-03 19:30:32',NULL,'Juist',0),
	(1273,'2015-11-03 19:30:32','2015-11-03 19:30:32',NULL,'Onjuist',1),
	(1274,'2015-11-03 19:31:34','2015-11-03 19:31:34',NULL,'Juist',1),
	(1275,'2015-11-03 19:31:34','2015-11-03 19:31:34',NULL,'Onjuist',0),
	(1276,'2015-11-03 19:32:48','2015-11-03 19:32:48',NULL,'Juist',1),
	(1277,'2015-11-03 19:32:48','2015-11-03 19:32:48',NULL,'Onjuist',0),
	(1278,'2015-11-03 19:33:59','2015-11-03 19:33:59',NULL,'Juist',0),
	(1279,'2015-11-03 19:34:00','2015-11-03 19:34:00',NULL,'Onjuist',1),
	(1280,'2015-11-03 19:45:59','2015-11-03 19:45:59',NULL,'Veel',1),
	(1281,'2015-11-03 19:45:59','2015-11-03 19:45:59',NULL,'Weinig',0),
	(1282,'2015-11-03 19:52:32','2015-11-03 19:52:32',NULL,'Groep 1',0),
	(1283,'2015-11-03 19:52:32','2015-11-03 19:52:32',NULL,'Groep 2',0),
	(1284,'2015-11-03 19:52:32','2015-11-03 19:52:32',NULL,'Groep 3',0),
	(1285,'2015-11-03 19:52:32','2015-11-03 19:52:32',NULL,'Groep 4',0),
	(1286,'2015-11-03 19:52:32','2015-11-03 19:52:32',NULL,'Groep 5',1),
	(1287,'2015-11-03 19:53:52','2015-11-03 19:53:52',NULL,'Groep 1',1),
	(1288,'2015-11-03 19:53:52','2015-11-03 19:53:52',NULL,'Groep 2',0),
	(1289,'2015-11-03 19:53:52','2015-11-03 19:53:52',NULL,'Groep 3',0),
	(1290,'2015-11-03 19:53:52','2015-11-03 19:53:52',NULL,'Groep 4',0),
	(1291,'2015-11-03 19:53:52','2015-11-03 19:53:52',NULL,'Groep 5',0),
	(1292,'2015-11-03 19:54:54','2015-11-03 19:54:54',NULL,'Groep 1',0),
	(1293,'2015-11-03 19:54:54','2015-11-03 19:54:54',NULL,'Groep 2',1),
	(1294,'2015-11-03 19:54:54','2015-11-03 19:54:54',NULL,'Groep 3',0),
	(1295,'2015-11-03 19:54:54','2015-11-03 19:54:54',NULL,'Groep 4',0),
	(1296,'2015-11-03 19:54:54','2015-11-03 19:54:54',NULL,'Groep 5',0),
	(1297,'2015-11-03 19:57:15','2015-11-03 19:57:15',NULL,'Groep 1',0),
	(1298,'2015-11-03 19:57:15','2015-11-03 19:57:15',NULL,'Groep 2',1),
	(1299,'2015-11-03 19:57:16','2015-11-03 19:57:16',NULL,'Groep 3',0),
	(1300,'2015-11-03 19:57:16','2015-11-03 19:57:16',NULL,'Groep 4',0),
	(1301,'2015-11-03 19:57:16','2015-11-03 19:57:16',NULL,'Groep 5',0),
	(1302,'2015-11-03 20:08:35','2015-11-03 20:08:35',NULL,'Alleen mineralen en vitamines',0),
	(1303,'2015-11-03 20:08:35','2015-11-03 20:08:35',NULL,'Alleen rijst en vitamines',0),
	(1304,'2015-11-03 20:08:35','2015-11-03 20:08:35',NULL,'Eieren, mineralen en thee',0),
	(1305,'2015-11-03 20:08:35','2015-11-03 20:08:35',NULL,'Eieren, rijst, thee',1),
	(1306,'2015-11-03 20:10:17','2015-11-03 20:10:17',NULL,'Alleen eiwitten en water.',0),
	(1307,'2015-11-03 20:10:17','2015-11-03 20:10:17',NULL,'Alleen eiwitten, koolhydraten en vetten.',0),
	(1308,'2015-11-03 20:10:17','2015-11-03 20:10:17',NULL,'Alleen koolhydraten, vetten en water.',0),
	(1309,'2015-11-03 20:10:17','2015-11-03 20:10:17',NULL,'Alle groepen voedingsstoffen.',1),
	(1310,'2015-11-03 20:11:30','2015-11-03 20:11:30',NULL,'Tot de eiwitten.',0),
	(1311,'2015-11-03 20:11:30','2015-11-03 20:11:30',NULL,'Tot de koolhydraten.',1),
	(1312,'2015-11-03 20:11:30','2015-11-03 20:11:30',NULL,'Tot de mineralen.',0),
	(1313,'2015-11-03 20:11:30','2015-11-03 20:11:30',NULL,'Tot de vitamines.',0),
	(1314,'2015-11-03 20:12:49','2015-11-03 20:12:49',NULL,'De functies van bouwstoffen en beschermende stoffen.',1),
	(1315,'2015-11-03 20:12:49','2015-11-03 20:12:49',NULL,'De functies van bouwstoffen en reserve stoffen.',0),
	(1316,'2015-11-03 20:12:49','2015-11-03 20:12:49',NULL,'De functies van brandstoffen en beschermende stoffen.',0),
	(1317,'2015-11-03 20:12:49','2015-11-03 20:12:49',NULL,'De functies van brandstoffen en reservestoffen.',0),
	(1318,'2015-11-03 21:14:18','2015-11-03 21:14:18',NULL,'Ralf',1),
	(1319,'2015-11-03 21:14:18','2015-11-03 21:14:18',NULL,'Henk',0),
	(1320,'2015-11-03 21:14:18','2015-11-03 21:14:18',NULL,'Ingrid',0),
	(1321,'2015-11-03 21:14:18','2015-11-03 21:14:18',NULL,'Raphael',0),
	(1322,'2015-11-03 21:14:18','2015-11-03 21:14:18',NULL,'Thomas',1),
	(1323,'2015-11-03 21:14:18','2015-11-03 21:14:18',NULL,'Ricardo',0),
	(1324,'2015-11-03 21:14:18','2015-11-03 21:14:18',NULL,'Tymo',0),
	(1325,'2015-11-03 21:14:18','2015-11-03 21:14:18',NULL,'Thor',0),
	(1326,'2015-11-16 12:22:24','2015-11-16 12:22:24',NULL,'Juist',1),
	(1327,'2015-11-16 12:22:24','2015-11-16 12:22:24',NULL,'Onjuist',0),
	(1328,'2015-11-16 12:22:55','2015-11-16 12:22:55',NULL,'Juist',0),
	(1329,'2015-11-16 12:22:56','2015-11-16 12:22:56',NULL,'Onjuist',1),
	(1330,'2015-11-16 12:23:33','2015-11-16 12:23:33',NULL,'Juist',1),
	(1331,'2015-11-16 12:23:33','2015-11-16 12:23:33',NULL,'Onjuist',0),
	(1332,'2015-11-16 12:25:03','2015-11-16 12:25:03',NULL,'Juist',0),
	(1333,'2015-11-16 12:25:03','2015-11-16 12:25:03',NULL,'Onjuist',1),
	(1334,'2015-11-16 12:26:34','2015-11-16 12:26:34',NULL,'Juist',0),
	(1335,'2015-11-16 12:26:34','2015-11-16 12:26:34',NULL,'Onjuist',1),
	(1336,'2015-11-16 12:27:22','2015-11-16 12:27:22',NULL,'Juist',1),
	(1337,'2015-11-16 12:27:23','2015-11-16 12:27:23',NULL,'Onjuist',0),
	(1338,'2015-11-16 12:27:58','2015-11-16 12:27:58',NULL,'Juist',1),
	(1339,'2015-11-16 12:27:58','2015-11-16 12:27:58',NULL,'Onjuist',0),
	(1340,'2015-11-16 12:28:33','2015-11-16 12:28:33',NULL,'Juist',0),
	(1341,'2015-11-16 12:28:33','2015-11-16 12:28:33',NULL,'Onjuist',1),
	(1342,'2015-11-16 12:29:17','2015-11-16 12:29:17',NULL,'Juist',0),
	(1343,'2015-11-16 12:29:17','2015-11-16 12:29:17',NULL,'Onjuist',1),
	(1344,'2015-11-16 15:35:57','2015-11-16 15:35:57',NULL,'Alleen kenmerk 1.',0),
	(1345,'2015-11-16 15:35:57','2015-11-16 15:35:57',NULL,'Alleen kenmerk 2.',0),
	(1346,'2015-11-16 15:35:57','2015-11-16 15:35:57',NULL,'Alleen kenmerk 3.',0),
	(1347,'2015-11-16 15:35:57','2015-11-16 15:35:57',NULL,'Alleen de kenmerken 1 en 2.',0),
	(1348,'2015-11-16 15:35:57','2015-11-16 15:35:57',NULL,'Alleen de kenmerken 1 en 3.',0),
	(1349,'2015-11-16 15:35:57','2015-11-16 15:35:57',NULL,'Alleen de kenmerken 2 en 3.',0),
	(1350,'2015-11-16 15:35:57','2015-11-16 15:35:57',NULL,'De kenmerken 1, 2 en 3.',1),
	(1351,'2015-11-16 15:38:08','2015-11-16 15:38:08',NULL,'Alleen op het land.',0),
	(1352,'2015-11-16 15:38:08','2015-11-16 15:38:08',NULL,'Alleen in de lucht.',0),
	(1353,'2015-11-16 15:38:08','2015-11-16 15:38:08',NULL,'Alleen in het water.',0),
	(1354,'2015-11-16 15:38:08','2015-11-16 15:38:08',NULL,'Alleen op het land en in de lucht.',0),
	(1355,'2015-11-16 15:38:08','2015-11-16 15:38:08',NULL,'Alleen op het land en in het water.',0),
	(1356,'2015-11-16 15:38:08','2015-11-16 15:38:08',NULL,'Alleen in de lucht en in het water.',0),
	(1357,'2015-11-16 15:38:08','2015-11-16 15:38:08',NULL,'Op het land, in de lucht en in het water.',1),
	(1358,'2015-11-16 15:42:45','2015-11-16 15:42:45',NULL,'Alleen Adrie.',1),
	(1359,'2015-11-16 15:42:45','2015-11-16 15:42:45',NULL,'Alleen Lal.',0),
	(1360,'2015-11-16 15:42:45','2015-11-16 15:42:45',NULL,'Allebei.',0),
	(1361,'2015-11-16 15:42:45','2015-11-16 15:42:45',NULL,'Geen van beiden.',0),
	(1362,'2015-11-16 16:06:49','2015-11-16 16:06:49',NULL,'Als de bacteriën zich voortplanten.',0),
	(1363,'2015-11-16 16:06:49','2015-11-16 16:06:49',NULL,'Als de omstandigheden voor de bacteriën gunstig worden.',0),
	(1364,'2015-11-16 16:06:49','2015-11-16 16:06:49',NULL,'Als de omstandigheden voor de bacteriën ongunstig worden.',1),
	(1365,'2015-11-16 16:09:20','2015-11-16 16:09:20',NULL,'Letter P.',0),
	(1366,'2015-11-16 16:09:20','2015-11-16 16:09:20',NULL,'Letter Q.',0),
	(1367,'2015-11-16 16:09:20','2015-11-16 16:09:20',NULL,'Letter R.',1),
	(1368,'2015-11-16 16:12:17','2015-11-16 16:12:17',NULL,'Tot de afdeling van de sporenplanten.',0),
	(1369,'2015-11-16 16:12:17','2015-11-16 16:12:17',NULL,'Tot de afdeling van de wieren.',0),
	(1370,'2015-11-16 16:12:17','2015-11-16 16:12:17',NULL,'Tot de afdeling van de zaadplanten.',1),
	(1371,'2015-11-16 16:13:31','2015-11-16 16:13:31',NULL,'Bij de sporenplanten.',0),
	(1372,'2015-11-16 16:13:31','2015-11-16 16:13:31',NULL,'Bij de wieren.',1),
	(1373,'2015-11-16 16:13:31','2015-11-16 16:13:31',NULL,'Bij de zaadplanten.',0),
	(1374,'2015-11-16 16:15:23','2015-11-16 16:15:23',NULL,'Niet-symmetrisch.',0),
	(1375,'2015-11-16 16:15:23','2015-11-16 16:15:23',NULL,'Tweezijdig symmetrisch.',1),
	(1376,'2015-11-16 16:15:23','2015-11-16 16:15:23',NULL,'Veelzijdig symmetrisch.',0),
	(1377,'2015-11-16 16:20:09','2015-11-16 16:20:09',NULL,'Eencelligen',1),
	(1378,'2015-11-16 16:20:09','2015-11-16 16:20:09',NULL,'Sponzen',1),
	(1379,'2015-11-16 16:20:09','2015-11-16 16:20:09',NULL,'Holtedieren',0),
	(1380,'2015-11-16 16:20:09','2015-11-16 16:20:09',NULL,'Wormen',0),
	(1381,'2015-11-16 16:20:09','2015-11-16 16:20:09',NULL,'Weekdieren',0),
	(1382,'2015-11-16 16:20:09','2015-11-16 16:20:09',NULL,'Geleedpotigen',0),
	(1383,'2015-11-16 16:20:09','2015-11-16 16:20:09',NULL,'Stekelhuidigen',0),
	(1384,'2015-11-16 16:20:09','2015-11-16 16:20:09',NULL,'Gewervelden',0),
	(1385,'2015-11-18 18:57:30','2015-11-18 18:57:30',NULL,'Juist',1),
	(1386,'2015-11-18 18:57:30','2015-11-18 18:57:30',NULL,'Onjuist',0),
	(1387,'2015-11-18 18:58:09','2015-11-18 18:58:09',NULL,'Juist',1),
	(1388,'2015-11-18 18:58:09','2015-11-18 18:58:09',NULL,'Onjuist',0),
	(1389,'2015-11-18 19:00:45','2015-11-18 19:00:45',NULL,'Juist',1),
	(1390,'2015-11-18 19:00:45','2015-11-18 19:00:45',NULL,'Onjuist',0),
	(1391,'2015-11-18 19:02:10','2015-11-18 19:02:10',NULL,'Juist',1),
	(1392,'2015-11-18 19:02:11','2015-11-18 19:02:11',NULL,'Onjuist',0),
	(1393,'2015-11-18 19:02:46','2015-11-18 19:02:46',NULL,'Juist',0),
	(1394,'2015-11-18 19:02:46','2015-11-18 19:02:46',NULL,'Onjuist',1),
	(1395,'2015-11-18 19:03:23','2015-11-18 19:03:23',NULL,'Juist',1),
	(1396,'2015-11-18 19:03:23','2015-11-18 19:03:23',NULL,'Onjuist',0),
	(1397,'2015-11-18 19:04:51','2015-11-18 19:04:51',NULL,'Juist',0),
	(1398,'2015-11-18 19:04:51','2015-11-18 19:04:51',NULL,'Onjuist',1),
	(1399,'2015-11-18 19:06:03','2015-11-18 19:06:03',NULL,'Juist',1),
	(1400,'2015-11-18 19:06:03','2015-11-18 19:06:03',NULL,'Onjuist',0),
	(1401,'2015-11-18 19:06:47','2015-11-18 19:06:47',NULL,'Juist',1),
	(1402,'2015-11-18 19:06:47','2015-11-18 19:06:47',NULL,'Onjuist',0),
	(1403,'2015-11-18 19:07:54','2015-11-18 19:07:54',NULL,'Juist',0),
	(1404,'2015-11-18 19:07:54','2015-11-18 19:07:54',NULL,'Onjuist',1),
	(1405,'2015-11-18 19:11:18','2015-11-18 19:11:18',NULL,'Juist',0),
	(1406,'2015-11-18 19:11:18','2015-11-18 19:11:18',NULL,'Onjuist',1),
	(1407,'2015-11-18 19:13:10','2015-11-18 19:13:10',NULL,'Juist',1),
	(1408,'2015-11-18 19:13:10','2015-11-18 19:13:10',NULL,'Onjuist',0),
	(1409,'2015-11-18 19:14:21','2015-11-18 19:14:21',NULL,'Juist',1),
	(1410,'2015-11-18 19:14:21','2015-11-18 19:14:21',NULL,'Onjuist',0),
	(1411,'2015-11-18 19:14:56','2015-11-18 19:14:56',NULL,'Juist',0),
	(1412,'2015-11-18 19:14:56','2015-11-18 19:14:56',NULL,'Onjuist',1),
	(1413,'2015-11-18 19:15:37','2015-11-18 19:15:37',NULL,'Juist',0),
	(1414,'2015-11-18 19:15:37','2015-11-18 19:15:37',NULL,'Onjuist',1),
	(1415,'2015-11-18 19:23:00','2015-11-18 19:23:00',NULL,'De blinde darm',0),
	(1416,'2015-11-18 19:23:00','2015-11-18 19:23:00',NULL,'De endeldarm',0),
	(1417,'2015-11-18 19:23:00','2015-11-18 19:23:00',NULL,'De slokdarm',1),
	(1418,'2015-11-18 19:23:01','2015-11-18 19:23:01',NULL,'De twaalfvingerige darm',0),
	(1419,'2015-11-18 19:30:36','2015-11-18 19:30:36',NULL,'Enzymen',1),
	(1420,'2015-11-18 19:30:36','2015-11-18 19:30:36',NULL,'Verteringsproducten',0),
	(1421,'2015-11-18 19:30:36','2015-11-18 19:30:36',NULL,'Verteringssappen',0),
	(1422,'2015-11-18 19:30:36','2015-11-18 19:30:36',NULL,'Voedingsstoffen',0),
	(1423,'2015-11-18 19:33:34','2015-11-18 19:33:34',NULL,'Eiwitten en koolhydraten',0),
	(1424,'2015-11-18 19:33:34','2015-11-18 19:33:34',NULL,'Eiwitten en vetten',0),
	(1425,'2015-11-18 19:33:34','2015-11-18 19:33:34',NULL,'Koolhydraten en mineralen',0),
	(1426,'2015-11-18 19:33:34','2015-11-18 19:33:34',NULL,'Koolhydraten en vetten',1),
	(1427,'2015-11-18 19:33:35','2015-11-18 19:33:35',NULL,'Mineralen en vitamines',0),
	(1428,'2015-11-18 19:33:35','2015-11-18 19:33:35',NULL,'Vitamines en vetten',0),
	(1429,'2015-11-18 19:35:17','2015-11-18 19:35:17',NULL,'Dikke darm.',1),
	(1430,'2015-11-18 19:35:17','2015-11-18 19:35:17',NULL,'Endeldarm.',0),
	(1431,'2015-11-18 19:35:17','2015-11-18 19:35:17',NULL,'Slokdarm.',0),
	(1432,'2015-11-18 19:35:17','2015-11-18 19:35:17',NULL,'Twaalfvingerige darm.',0),
	(1433,'2015-11-18 19:38:15','2015-11-18 19:38:15',NULL,'Alleen bij de anus.',0),
	(1434,'2015-11-18 19:38:15','2015-11-18 19:38:15',NULL,'Alleen bij de anus en de maagportier.',1),
	(1435,'2015-11-18 19:38:15','2015-11-18 19:38:15',NULL,'Alleen bij de maagportier en het wormvormig aanhangsel.',0),
	(1436,'2015-11-18 19:38:16','2015-11-18 19:38:16',NULL,'Bij de anus, het maagportier en het wormvormig aanhangsel.',0),
	(1437,'2015-11-18 19:40:51','2015-11-18 19:40:51',NULL,'Van eiwitten.',0),
	(1438,'2015-11-18 19:40:51','2015-11-18 19:40:51',NULL,'Van mineralen.',0),
	(1439,'2015-11-18 19:40:51','2015-11-18 19:40:51',NULL,'Van vetten.',1),
	(1440,'2015-11-18 19:40:51','2015-11-18 19:40:51',NULL,'Van vitamines.',0),
	(1441,'2015-11-18 19:44:41','2015-11-18 19:44:41',NULL,'De kringspieren en de lengtespieren zijn allebei ontspannen.',0),
	(1442,'2015-11-18 19:44:41','2015-11-18 19:44:41',NULL,'De kringspieren zijn ontspannen en de lengtespieren zijn samengetrokken.',0),
	(1443,'2015-11-18 19:44:41','2015-11-18 19:44:41',NULL,'De kringspieren zijn samengetrokken en de lengtespieren zijn ontspannen.',1),
	(1444,'2015-11-18 19:44:41','2015-11-18 19:44:41',NULL,'De kringspieren en de lengtespieren zijn allebei samengetrokken.',0),
	(1445,'2015-11-18 19:47:27','2015-11-18 19:47:27',NULL,'Met nummer 2.',0),
	(1446,'2015-11-18 19:47:27','2015-11-18 19:47:27',NULL,'Met nummer 6.',1),
	(1447,'2015-11-18 19:47:27','2015-11-18 19:47:27',NULL,'Met nummer 10.',0),
	(1448,'2015-11-18 19:47:27','2015-11-18 19:47:27',NULL,'Met nummer 12.',0),
	(1449,'2015-11-24 12:13:39','2015-11-24 12:13:39',NULL,'Kabi Net',0),
	(1450,'2015-11-24 12:13:39','2015-11-24 12:13:39',NULL,'Mark Rutte II',0),
	(1451,'2015-11-24 12:13:39','2015-11-24 12:13:39',NULL,'Mark Rutte',1),
	(1452,'2015-12-08 11:30:14','2015-12-08 11:30:14',NULL,'Juist',1),
	(1453,'2015-12-08 11:30:14','2015-12-08 11:30:14',NULL,'Onjuist',0),
	(1454,'2015-12-08 11:30:50','2015-12-08 11:30:50',NULL,'Juist',0),
	(1455,'2015-12-08 11:30:50','2015-12-08 11:30:50',NULL,'Onjuist',1),
	(1456,'2015-12-08 11:31:24','2015-12-08 11:31:24',NULL,'Juist',1),
	(1457,'2015-12-08 11:31:24','2015-12-08 11:31:24',NULL,'Onjuist',0),
	(1458,'2015-12-08 11:31:49','2015-12-08 11:31:49',NULL,'Juist',1),
	(1459,'2015-12-08 11:31:49','2015-12-08 11:31:49',NULL,'Onjuist',0),
	(1460,'2015-12-08 11:32:37','2015-12-08 11:32:37',NULL,'Juist',0),
	(1461,'2015-12-08 11:32:37','2015-12-08 11:32:37',NULL,'Onjuist',1),
	(1462,'2015-12-08 11:33:01','2015-12-08 11:33:01',NULL,'Juist',0),
	(1463,'2015-12-08 11:33:01','2015-12-08 11:33:01',NULL,'Onjuist',1),
	(1464,'2015-12-08 11:34:08','2015-12-08 11:34:08',NULL,'Juist',0),
	(1465,'2015-12-08 11:34:08','2015-12-08 11:34:08',NULL,'Onjuist',1),
	(1466,'2015-12-08 11:34:42','2015-12-08 11:34:42',NULL,'Juist',0),
	(1467,'2015-12-08 11:34:43','2015-12-08 11:34:43',NULL,'Onjuist',1),
	(1468,'2015-12-08 11:35:07','2015-12-08 11:35:07',NULL,'Juist',1),
	(1469,'2015-12-08 11:35:07','2015-12-08 11:35:07',NULL,'Onjuist',0),
	(1470,'2015-12-08 11:36:08','2015-12-08 11:36:08',NULL,'Juist',1),
	(1471,'2015-12-08 11:36:08','2015-12-08 11:36:08',NULL,'Onjuist',0),
	(1472,'2015-12-08 12:31:51','2015-12-08 12:31:51',NULL,'10 jaar',0),
	(1473,'2015-12-08 12:31:51','2015-12-08 12:31:51',NULL,'30 jaar',0),
	(1474,'2015-12-08 12:31:51','2015-12-08 12:31:51',NULL,'100 jaar',1),
	(1475,'2015-12-08 12:31:51','2015-12-08 12:31:51',NULL,'300 jaar',0),
	(1476,'2015-12-08 12:31:51','2015-12-08 12:31:51',NULL,'1000 jaar',0),
	(1477,'2015-12-08 12:32:56','2015-12-08 12:32:56',NULL,'Zonneactiviteit, Omloopbaan van de aarde & Terugkoppeling',0),
	(1478,'2015-12-08 12:32:56','2015-12-08 12:32:56',NULL,'Omloopbaan van de aarde, Terugkoppeling & Vulkaanuitbarstingen',0),
	(1479,'2015-12-08 12:32:56','2015-12-08 12:32:56',NULL,'Terugkoppeling, Vulkaanuitbarstingen & Uitstoot van broeikasgassen',1),
	(1480,'2015-12-08 12:32:56','2015-12-08 12:32:56',NULL,'Omloopbaan van de aarde, Vulkaanuitbarstingen & Uitstoot van broeikasgassen',0),
	(1481,'2015-12-08 12:34:05','2015-12-08 12:34:05',NULL,'1 week',1),
	(1482,'2015-12-08 12:34:05','2015-12-08 12:34:05',NULL,'1 maand',0),
	(1483,'2015-12-08 12:34:05','2015-12-08 12:34:05',NULL,'1 jaar',0),
	(1484,'2015-12-08 12:34:05','2015-12-08 12:34:05',NULL,'1 eeuw',0),
	(1485,'2015-12-08 12:34:06','2015-12-08 12:34:06',NULL,'1 millenium',0),
	(1486,'2015-12-08 12:35:22','2015-12-08 12:35:22',NULL,'Lente',0),
	(1487,'2015-12-08 12:35:22','2015-12-08 12:35:22',NULL,'Zomer',0),
	(1488,'2015-12-08 12:35:22','2015-12-08 12:35:22',NULL,'Herfst',0),
	(1489,'2015-12-08 12:35:22','2015-12-08 12:35:22',NULL,'Winter',1),
	(1490,'2015-12-08 12:36:33','2015-12-08 12:36:33',NULL,'Historische bronnen',0),
	(1491,'2015-12-08 12:36:33','2015-12-08 12:36:33',NULL,'Stuifmeel',1),
	(1492,'2015-12-08 12:36:33','2015-12-08 12:36:33',NULL,'Jaarringen van bomen',0),
	(1493,'2015-12-08 12:38:03','2015-12-08 12:38:03',NULL,'De Gaiahypothese is een voorbeeld van pseudowetenschap.',1),
	(1494,'2015-12-08 12:38:03','2015-12-08 12:38:03',NULL,'Tijdens de laatste ijstijden stegen het CO¬2-gehalte en het CH4-gehalte van de atmosfeer.',0),
	(1495,'2015-12-08 12:38:03','2015-12-08 12:38:03',NULL,'De Gaiahypothese levert geen falsificeerbare hypothesen.',1),
	(1496,'2015-12-08 12:38:04','2015-12-08 12:38:04',NULL,'De Gaiahypothese is veel te simpel.',0),
	(1497,'2015-12-08 12:39:14','2015-12-08 12:39:14',NULL,'Dalen',0),
	(1498,'2015-12-08 12:39:14','2015-12-08 12:39:14',NULL,'Stijgen',1),
	(1499,'2015-12-08 12:39:15','2015-12-08 12:39:15',NULL,'Gelijk blijven',0),
	(1500,'2015-12-08 12:40:02','2015-12-08 12:40:02',NULL,'Het klimaat.',0),
	(1501,'2015-12-08 12:40:02','2015-12-08 12:40:02',NULL,'Verzilting.',0),
	(1502,'2015-12-08 12:40:02','2015-12-08 12:40:02',NULL,'Het weer.',1),
	(1503,'2015-12-08 12:40:02','2015-12-08 12:40:02',NULL,'Convergentie.',0),
	(1504,'2015-12-08 12:41:02','2015-12-08 12:41:02',NULL,'Oceaan & plant',1),
	(1505,'2015-12-08 12:41:02','2015-12-08 12:41:02',NULL,'Oceaan & atmosfeer',0),
	(1506,'2015-12-08 12:41:02','2015-12-08 12:41:02',NULL,'Plant & atmosfeer',0),
	(1507,'2015-12-17 12:24:35','2015-12-17 12:24:35',NULL,'Ja',1),
	(1508,'2015-12-17 12:24:35','2015-12-17 12:24:35',NULL,'Nee',0),
	(1509,'2015-12-21 10:42:40','2015-12-21 10:42:40',NULL,'Omdat de bloedsomloop bestaat uit aders en slagaders. ',0),
	(1510,'2015-12-21 10:42:40','2015-12-21 10:42:40',NULL,'Omdat het bloed per omloop twee keer door het hart stroomt.',1),
	(1511,'2015-12-21 10:47:46','2015-12-21 10:47:46',NULL,'In de grote bloedsomloop',1),
	(1512,'2015-12-21 10:47:46','2015-12-21 10:47:46',NULL,'In de kleine bloedsomloop',0),
	(1513,'2015-12-21 11:07:03','2015-12-21 11:07:03',NULL,'Zuurstofarm bloed',1),
	(1514,'2015-12-21 11:07:03','2015-12-21 11:07:03',NULL,'Zuurstofrijk bloed',0),
	(1515,'2016-01-06 12:06:10','2016-01-06 12:06:10',NULL,'qwertyu',1),
	(1516,'2016-01-06 12:06:10','2016-01-06 12:06:10',NULL,'zxcvbnm',0),
	(1517,'2016-01-14 15:19:40','2016-01-14 15:19:40',NULL,'qwert',1),
	(1518,'2016-01-14 15:19:40','2016-01-14 15:19:40',NULL,'qw',0),
	(1519,'2016-01-14 15:19:40','2016-01-14 15:19:40',NULL,'erty',0),
	(1520,'2016-01-20 13:45:34','2016-01-20 13:45:34',NULL,'qwert',1),
	(1521,'2016-01-20 13:45:34','2016-01-20 13:45:34',NULL,'asdfg',0),
	(1522,'2016-01-20 14:05:07','2016-01-20 14:05:07',NULL,'Juist',1),
	(1523,'2016-01-20 14:05:07','2016-01-20 14:05:07',NULL,'Onjuist',0),
	(1524,'2016-01-20 14:12:11','2016-01-20 14:12:11',NULL,NULL,0),
	(1525,'2016-01-20 14:12:11','2016-01-20 14:12:11',NULL,NULL,1),
	(1526,'2016-01-20 14:12:11','2016-01-20 14:12:11',NULL,NULL,0),
	(1527,'2016-01-20 14:12:11','2016-01-20 14:12:11',NULL,NULL,0),
	(1528,'2016-01-20 14:12:11','2016-01-20 14:12:11',NULL,NULL,0),
	(1529,'2016-01-26 14:59:56','2016-01-26 14:59:56',NULL,'Juist',1),
	(1530,'2016-01-26 14:59:56','2016-01-26 14:59:56',NULL,'Onjuist',0),
	(1531,'2016-01-26 15:00:53','2016-01-26 15:00:53',NULL,'Juist',1),
	(1532,'2016-01-26 15:00:53','2016-01-26 15:00:53',NULL,'Onjuist',0),
	(1533,'2016-01-26 15:01:40','2016-01-26 15:01:40',NULL,'Juist',0),
	(1534,'2016-01-26 15:01:40','2016-01-26 15:01:40',NULL,'Onjuist',1),
	(1535,'2016-01-26 15:02:20','2016-01-26 15:02:20',NULL,'Juist',1),
	(1536,'2016-01-26 15:02:20','2016-01-26 15:02:20',NULL,'Onjuist',0),
	(1537,'2016-01-26 15:02:56','2016-01-26 15:02:56',NULL,'Juist',1),
	(1538,'2016-01-26 15:02:56','2016-01-26 15:02:56',NULL,'Onjuist',0),
	(1539,'2016-01-26 15:03:42','2016-01-26 15:03:42',NULL,'Juist',1),
	(1540,'2016-01-26 15:03:42','2016-01-26 15:03:42',NULL,'Onjuist',0),
	(1541,'2016-01-26 15:08:10','2016-01-26 15:08:10',NULL,'Juist',1),
	(1542,'2016-01-26 15:08:10','2016-01-26 15:08:10',NULL,'Onjuist',0),
	(1543,'2016-01-26 15:09:22','2016-01-26 15:09:22',NULL,'Juist',0),
	(1544,'2016-01-26 15:09:22','2016-01-26 15:09:22',NULL,'Onjuist',1),
	(1545,'2016-01-26 15:10:22','2016-01-26 15:10:22',NULL,'Juist',0),
	(1546,'2016-01-26 15:10:22','2016-01-26 15:10:22',NULL,'Onjuist',1),
	(1547,'2016-01-26 15:14:11','2016-01-26 15:14:11',NULL,'Juist',1),
	(1548,'2016-01-26 15:14:11','2016-01-26 15:14:11',NULL,'Onjuist',0),
	(1549,'2016-01-26 15:15:04','2016-01-26 15:15:04',NULL,'Juist',1),
	(1550,'2016-01-26 15:15:04','2016-01-26 15:15:04',NULL,'Onjuist',0),
	(1551,'2016-01-26 15:16:35','2016-01-26 15:16:35',NULL,'Juist',0),
	(1552,'2016-01-26 15:16:36','2016-01-26 15:16:36',NULL,'Onjuist',1),
	(1553,'2016-01-26 15:17:19','2016-01-26 15:17:19',NULL,'Juist',1),
	(1554,'2016-01-26 15:17:19','2016-01-26 15:17:19',NULL,'Onjuist',0),
	(1555,'2016-01-26 15:19:51','2016-01-26 15:19:51',NULL,'Juist',0),
	(1556,'2016-01-26 15:19:51','2016-01-26 15:19:51',NULL,'Onjuist',1),
	(1557,'2016-01-26 15:20:36','2016-01-26 15:20:36',NULL,'Juist',0),
	(1558,'2016-01-26 15:20:36','2016-01-26 15:20:36',NULL,'Onjuist',1),
	(1559,'2016-01-26 15:23:32','2016-01-26 15:23:32',NULL,'Juist',1),
	(1560,'2016-01-26 15:23:32','2016-01-26 15:23:32',NULL,'Onjuist',0),
	(1561,'2016-01-26 15:24:16','2016-01-26 15:24:16',NULL,'Juist',0),
	(1562,'2016-01-26 15:24:16','2016-01-26 15:24:16',NULL,'Onjuist',1),
	(1563,'2016-01-26 15:25:11','2016-01-26 15:25:11',NULL,'Juist',0),
	(1564,'2016-01-26 15:25:11','2016-01-26 15:25:11',NULL,'Onjuist',1),
	(1565,'2016-01-26 15:26:27','2016-01-26 15:26:27',NULL,'Juist',0),
	(1566,'2016-01-26 15:26:27','2016-01-26 15:26:27',NULL,'Onjuist',1),
	(1567,'2016-01-26 15:27:14','2016-01-26 15:27:14',NULL,'Juist',1),
	(1568,'2016-01-26 15:27:15','2016-01-26 15:27:15',NULL,'Onjuist',0),
	(1569,'2016-01-26 17:12:15','2016-01-26 17:12:15',NULL,'Bloedarmoede',0),
	(1570,'2016-01-26 17:12:15','2016-01-26 17:12:15',NULL,'Trombose',1),
	(1571,'2016-01-26 17:13:38','2016-01-26 17:13:38',NULL,'Aders',0),
	(1572,'2016-01-26 17:13:38','2016-01-26 17:13:38',NULL,'Slagaders',1),
	(1573,'2016-01-26 17:14:43','2016-01-26 17:14:43',NULL,'In aders',0),
	(1574,'2016-01-26 17:14:43','2016-01-26 17:14:43',NULL,'In slagaders',1),
	(1575,'2016-01-26 17:15:46','2016-01-26 17:15:46',NULL,'De linkerkamer',1),
	(1576,'2016-01-26 17:15:46','2016-01-26 17:15:46',NULL,'De rechterkamer',0),
	(1577,'2016-01-26 17:17:54','2016-01-26 17:17:54',NULL,'Alleen rode bloedcellen',0),
	(1578,'2016-01-26 17:17:54','2016-01-26 17:17:54',NULL,'Alleen witte bloedcellen0',1),
	(1579,'2016-01-26 17:17:54','2016-01-26 17:17:54',NULL,'Alleen bloedplaatjes',0),
	(1580,'2016-01-26 17:17:54','2016-01-26 17:17:54',NULL,'Rode bloedcellen en witte bloedcellen',0),
	(1581,'2016-01-26 17:24:58','2016-01-26 17:24:58',NULL,'Nierschors',1),
	(1582,'2016-01-26 17:24:58','2016-01-26 17:24:58',NULL,'Niermerg',0),
	(1583,'2016-01-26 17:24:58','2016-01-26 17:24:58',NULL,'Nierbekken',0),
	(1584,'2016-01-26 17:24:58','2016-01-26 17:24:58',NULL,'Urineleider',0),
	(1585,'2016-01-26 17:27:15','2016-01-26 17:27:15',NULL,'Nierschors en niermerg',1),
	(1586,'2016-01-26 17:27:15','2016-01-26 17:27:15',NULL,'Nierschors en nierbekken',0),
	(1587,'2016-01-26 17:27:15','2016-01-26 17:27:15',NULL,'Niermerg en nierbekken',0),
	(1588,'2016-01-26 17:27:15','2016-01-26 17:27:15',NULL,'Nierbekken en urineleider',0),
	(1589,'2016-01-26 17:29:29','2016-01-26 17:29:29',NULL,'Verwijderen van afvalstoffen uit het bloed.',0),
	(1590,'2016-01-26 17:29:29','2016-01-26 17:29:29',NULL,'Overtollig water en overtollige zouten uit het bloed.',0),
	(1591,'2016-01-26 17:29:29','2016-01-26 17:29:29',NULL,'Urine verzamelen.',1),
	(1592,'2016-01-26 17:29:29','2016-01-26 17:29:29',NULL,'Het afvoeren van de urine naar de urineblaas.',0),
	(1593,'2016-01-26 17:30:39','2016-01-26 17:30:39',NULL,'Deel 2',0),
	(1594,'2016-01-26 17:30:39','2016-01-26 17:30:39',NULL,'Deel 3',0),
	(1595,'2016-01-26 17:30:39','2016-01-26 17:30:39',NULL,'Deel 6',0),
	(1596,'2016-01-26 17:30:39','2016-01-26 17:30:39',NULL,'Deel 7',1),
	(1597,'2016-01-26 17:37:08','2016-01-26 17:37:08',NULL,'Het hoogst in de leverader ; het laagst in de linkerbeenader',0),
	(1598,'2016-01-26 17:37:08','2016-01-26 17:37:08',NULL,'Het hoogst in de poortader ; het laagst in de linkerbeenader',1),
	(1599,'2016-01-26 17:37:08','2016-01-26 17:37:08',NULL,'Het hoogst n de rechterbeenslagader ; het laagst in de leverader',0),
	(1600,'2016-01-26 17:37:08','2016-01-26 17:37:08',NULL,'Het hoogst in de rechterbeenslagader ; het laagst in de poortader',0),
	(1601,'2016-01-26 18:05:26','2016-01-26 18:05:26',NULL,'Alleen de aorta en de nierslagader.',0),
	(1602,'2016-01-26 18:05:26','2016-01-26 18:05:26',NULL,'Alleen de aorta en de poortader.',0),
	(1603,'2016-01-26 18:05:26','2016-01-26 18:05:26',NULL,'Alleen de onderste holle ader en de poortader.',1),
	(1604,'2016-01-26 18:07:53','2016-01-26 18:07:53',NULL,'Tijdens de hartpauze.',0),
	(1605,'2016-01-26 18:07:53','2016-01-26 18:07:53',NULL,'Tijdens het samentrekken van de kamers.',2),
	(1606,'2016-01-26 18:07:53','2016-01-26 18:07:53',NULL,'Tijdens het samentrekken van de boezems.',0),
	(1607,'2016-01-26 18:07:53','2016-01-26 18:07:53',NULL,'Tijdens het samentrekken van de kamers en het samentrekken van de boezems.',0),
	(1608,'2016-01-26 18:10:17','2016-01-26 18:10:17',NULL,'In de linkerboezem en linkerkamer.',0),
	(1609,'2016-01-26 18:10:18','2016-01-26 18:10:18',NULL,'In de rechterboezem en de rechterkamer.',1),
	(1610,'2016-01-26 18:10:18','2016-01-26 18:10:18',NULL,'In de linkerboezem en rechterboezem.',0),
	(1611,'2016-01-26 18:10:18','2016-01-26 18:10:18',NULL,'In de linkerkamer en rechterkamer.',0),
	(1612,'2016-01-26 18:12:41','2016-01-26 18:12:41',NULL,'Alleen Asad.',0),
	(1613,'2016-01-26 18:12:41','2016-01-26 18:12:41',NULL,'Alleen Rohan.',0),
	(1614,'2016-01-26 18:12:41','2016-01-26 18:12:41',NULL,'Zowel Asad en Rohan hebben gelijk.',1),
	(1615,'2016-01-26 18:12:41','2016-01-26 18:12:41',NULL,'Asad en Rohan hebben beide ongelijk.',0),
	(1616,'2016-01-26 18:15:22','2016-01-26 18:15:22',NULL,'Door de rechterbeenslagader en de onderste holle ader.',0),
	(1617,'2016-01-26 18:15:22','2016-01-26 18:15:22',NULL,'Door de rechterbeenader en de aorta.',0),
	(1618,'2016-01-26 18:15:22','2016-01-26 18:15:22',NULL,'Door de rechterbeenslagader en de aorta.',0),
	(1619,'2016-01-26 18:15:22','2016-01-26 18:15:22',NULL,'Door de rechterbeenader en de onderste holle ader.',1),
	(1620,'2016-01-26 18:18:29','2016-01-26 18:18:29',NULL,'Door het optreden van aderverkalking in de poortader.',0),
	(1621,'2016-01-26 18:18:29','2016-01-26 18:18:29',NULL,'Door het optreden van aderverkalking in een longslagader.',0),
	(1622,'2016-01-26 18:18:29','2016-01-26 18:18:29',NULL,'Door het optreden van aderverkalking in de leverader.',0),
	(1623,'2016-01-26 18:18:29','2016-01-26 18:18:29',NULL,'Door het optreden van aderverkalking in een kransslagader.',1),
	(1624,'2016-01-26 18:20:19','2016-01-26 18:20:19',NULL,'Witte bloedcellen en bloedplasma.',0),
	(1625,'2016-01-26 18:20:19','2016-01-26 18:20:19',NULL,'Bloedplaatjes en bloedcellen.',1),
	(1626,'2016-01-26 18:20:19','2016-01-26 18:20:19',NULL,'Rode bloedcellen en bloedplasma.',0),
	(1627,'2016-01-26 18:25:50','2016-01-26 18:25:50',NULL,'Het speeksel van de mug onderdrukt afweerreacties bij de mens.',0),
	(1628,'2016-01-26 18:25:50','2016-01-26 18:25:50',NULL,'Het speeksel van de mug kan zetmeel uit het bloed van de mens verteren.',0),
	(1629,'2016-01-26 18:25:50','2016-01-26 18:25:50',NULL,'De zuigsnuit van de mug raakt niet verstopt door stollend bloed.',1),
	(1630,'2016-01-26 18:25:50','2016-01-26 18:25:50',NULL,'Op deze manier kan de mug hemoglobine van de mens afbreken.',0),
	(1631,'2016-01-26 18:27:53','2016-01-26 18:27:53',NULL,'Bypass',0),
	(1632,'2016-01-26 18:27:53','2016-01-26 18:27:53',NULL,'Katheterisatie',0),
	(1633,'2016-01-26 18:27:53','2016-01-26 18:27:53',NULL,'Dotteren0',1),
	(1634,'2016-01-26 18:27:53','2016-01-26 18:27:53',NULL,'Stent',0),
	(1635,'2016-01-26 18:31:36','2016-01-26 18:31:36',NULL,'Hierdoor stroomt het bloed van het hart weg.',1),
	(1636,'2016-01-26 18:31:36','2016-01-26 18:31:36',NULL,'Lage bloeddruk.',0),
	(1637,'2016-01-26 18:31:36','2016-01-26 18:31:36',NULL,'Liggen ondiep in het lichaam.',0),
	(1638,'2016-01-26 18:31:36','2016-01-26 18:31:36',NULL,'Dikke elastische wand.',1),
	(1639,'2016-01-26 18:31:37','2016-01-26 18:31:37',NULL,'Bevat veel kleppen.',0),
	(1640,'2016-01-26 18:31:37','2016-01-26 18:31:37',NULL,'Witte bloedcellen kunnen door de wand.',0),
	(1641,'2016-02-10 12:13:14','2016-02-10 12:34:28','2016-02-10 12:34:28','A goed',1),
	(1642,'2016-02-10 12:13:14','2016-02-10 12:34:28','2016-02-10 12:34:28','B fout',0),
	(1643,'2016-02-10 12:13:15','2016-02-10 12:34:28','2016-02-10 12:34:28','C goed',1),
	(1644,'2016-02-10 12:13:15','2016-02-10 12:34:28','2016-02-10 12:34:28','D fout',0),
	(1645,'2016-02-10 12:34:28','2016-02-10 12:34:28',NULL,'A goed',2),
	(1646,'2016-02-10 12:34:28','2016-02-10 12:34:28',NULL,'B fout',0),
	(1647,'2016-02-10 12:34:28','2016-02-10 12:34:28',NULL,'C goed',1),
	(1648,'2016-02-10 12:34:28','2016-02-10 12:34:28',NULL,'D fout',0),
	(1649,'2016-02-10 12:50:06','2016-02-10 12:50:06',NULL,'A goed',1),
	(1650,'2016-02-10 12:50:06','2016-02-10 12:50:06',NULL,'B fout',0),
	(1651,'2016-02-10 12:50:06','2016-02-10 12:50:06',NULL,'C goed',1),
	(1652,'2016-02-10 12:50:06','2016-02-10 12:50:06',NULL,'D goed',1),
	(1653,'2016-02-26 13:31:39','2016-02-26 13:31:39',NULL,'qwe',0),
	(1654,'2016-02-26 13:31:39','2016-02-26 13:31:39',NULL,'qwer',0),
	(1655,'2016-02-26 13:31:39','2016-02-26 13:31:39',NULL,'345',2),
	(1656,'2016-02-26 13:40:48','2016-02-26 13:40:48',NULL,NULL,1),
	(1657,'2016-02-26 13:40:48','2016-02-26 13:40:48',NULL,NULL,0),
	(1658,'2016-02-26 13:40:48','2016-02-26 13:40:48',NULL,NULL,0),
	(1659,'2016-02-26 13:40:49','2016-02-26 13:40:49',NULL,NULL,0),
	(1660,'2016-02-26 13:40:49','2016-02-26 13:40:49',NULL,NULL,0),
	(1661,'2016-02-26 18:16:32','2016-02-26 18:16:32',NULL,'we',1),
	(1662,'2016-02-26 18:16:32','2016-02-26 18:16:32',NULL,'4',0),
	(1663,'2016-03-01 13:47:37','2016-03-01 13:47:37',NULL,'Juist',0),
	(1664,'2016-03-01 13:47:37','2016-03-01 13:47:37',NULL,'Onjuist',1),
	(1665,'2016-03-01 13:48:28','2016-03-01 13:48:28',NULL,'Juist',1),
	(1666,'2016-03-01 13:48:28','2016-03-01 13:48:28',NULL,'Onjuist',0),
	(1667,'2016-03-01 13:49:24','2016-03-01 13:49:24',NULL,'Juist',1),
	(1668,'2016-03-01 13:49:24','2016-03-01 13:49:24',NULL,'Onjuist',0),
	(1669,'2016-03-01 13:51:56','2016-03-01 13:51:56',NULL,'Juist',0),
	(1670,'2016-03-01 13:51:56','2016-03-01 13:51:56',NULL,'Onjuist',1),
	(1671,'2016-03-01 13:53:39','2016-03-01 13:53:39',NULL,'Juist',1),
	(1672,'2016-03-01 13:53:39','2016-03-01 13:53:39',NULL,'Onjuist',0),
	(1673,'2016-03-01 13:54:36','2016-03-01 13:54:36',NULL,'Juist',1),
	(1674,'2016-03-01 13:54:36','2016-03-01 13:54:36',NULL,'Onjuist',0),
	(1675,'2016-03-01 14:01:19','2016-03-01 14:01:19',NULL,'Het genotype kun je bepalen met de kenmerken die een organisme heeft.',0),
	(1676,'2016-03-01 14:01:19','2016-03-01 14:01:19',NULL,'Het genotype van een organisme is altijd hetzelfde als dat van zijn ouder.',0),
	(1677,'2016-03-01 14:01:19','2016-03-01 14:01:19',NULL,'Het genotype van een organisme verandert gedurende zijn leven.',0),
	(1678,'2016-03-01 14:01:19','2016-03-01 14:01:19',NULL,'Het genotype wordt gevormd door de genen voor een eigenschap.',1),
	(1679,'2016-03-01 14:03:08','2016-03-01 14:03:08',NULL,'De plant heeft twee verschillende genen voor deze eigenschap.',0),
	(1680,'2016-03-01 14:03:08','2016-03-01 14:03:08',NULL,'De plant kan deze recessieve eigenschap nooit doorgeven aan de  nakomelingen.',0),
	(1681,'2016-03-01 14:03:08','2016-03-01 14:03:08',NULL,'De plant kan nakomelingen met een andere bloemkleur krijgen.',1),
	(1682,'2016-03-01 14:03:08','2016-03-01 14:03:08',NULL,'De plant krijgt alleen maar nakomelingen met dezelfde bloemkleur.',0),
	(1683,'2016-03-01 14:11:35','2016-03-01 14:11:35',NULL,'De beide jongen zijn roodbruin.',0),
	(1684,'2016-03-01 14:11:36','2016-03-01 14:11:36',NULL,'De beide jongen zijn zwart.',1),
	(1685,'2016-03-01 14:11:36','2016-03-01 14:11:36',NULL,'Het ene jong is roodbruin en het andere jong is zwart.',0),
	(1686,'2016-03-01 14:17:48','2016-03-01 14:17:48',NULL,'0%',1),
	(1687,'2016-03-01 14:17:48','2016-03-01 14:17:48',NULL,'25%',0),
	(1688,'2016-03-01 14:17:48','2016-03-01 14:17:48',NULL,'50%',0),
	(1689,'2016-03-01 14:17:48','2016-03-01 14:17:48',NULL,'100%',0),
	(1690,'2016-03-01 14:31:47','2016-03-01 14:31:47',NULL,'28',0),
	(1691,'2016-03-01 14:31:47','2016-03-01 14:31:47',NULL,'42',1),
	(1692,'2016-03-01 14:31:47','2016-03-01 14:31:47',NULL,'56',0),
	(1693,'2016-03-01 14:31:47','2016-03-01 14:31:47',NULL,'84',0),
	(1694,'2016-03-01 14:38:48','2016-03-01 14:38:48',NULL,'GG en GG',0),
	(1695,'2016-03-01 14:38:48','2016-03-01 14:38:48',NULL,'Gg en Gg',1),
	(1696,'2016-03-01 14:38:48','2016-03-01 14:38:48',NULL,'GG en Gg',0),
	(1697,'2016-03-01 14:38:48','2016-03-01 14:38:48',NULL,'Gg en gg',0),
	(1698,'2016-03-21 10:14:12','2016-03-21 10:14:12',NULL,'Juist',1),
	(1699,'2016-03-21 10:14:12','2016-03-21 10:14:12',NULL,'Onjuist',0),
	(1700,'2016-03-21 10:14:44','2016-03-21 10:14:44',NULL,'Juist',0),
	(1701,'2016-03-21 10:14:44','2016-03-21 10:14:44',NULL,'Onjuist',1),
	(1702,'2016-03-21 10:15:30','2016-03-21 10:15:30',NULL,'Juist',0),
	(1703,'2016-03-21 10:15:30','2016-03-21 10:15:30',NULL,'Onjuist',1),
	(1704,'2016-03-21 10:16:16','2016-03-21 10:16:16',NULL,'Juist',0),
	(1705,'2016-03-21 10:16:16','2016-03-21 10:16:16',NULL,'Onjuist',1),
	(1706,'2016-03-21 10:17:21','2016-03-21 10:17:21',NULL,'Juist',0),
	(1707,'2016-03-21 10:17:21','2016-03-21 10:17:21',NULL,'Onjuist',1),
	(1708,'2016-03-21 10:18:11','2016-03-21 10:18:11',NULL,'Juist',1),
	(1709,'2016-03-21 10:18:11','2016-03-21 10:18:11',NULL,'Onjuist',0),
	(1710,'2016-03-21 10:19:12','2016-03-21 10:19:12',NULL,'Juist',1),
	(1711,'2016-03-21 10:19:12','2016-03-21 10:19:12',NULL,'Onjuist',0),
	(1712,'2016-03-21 10:20:04','2016-03-21 10:20:04',NULL,'Juist',0),
	(1713,'2016-03-21 10:20:04','2016-03-21 10:20:04',NULL,'Onjuist',1),
	(1714,'2016-03-21 10:35:11','2016-03-21 10:35:11',NULL,'Alleen de bijballen en de prostaat.',0),
	(1715,'2016-03-21 10:35:11','2016-03-21 10:35:11',NULL,'Alleen de bijballen en de zaadblaasjes.',0),
	(1716,'2016-03-21 10:35:11','2016-03-21 10:35:11',NULL,'Alleen de prostaat en de zaadblaasjes.',1),
	(1717,'2016-03-21 10:35:11','2016-03-21 10:35:11',NULL,'De bijballen, de prostaat en de zaadblaasjes.',0),
	(1718,'2016-03-21 10:36:55','2016-03-21 10:36:55',NULL,'Ze laten de ontwikkeling van de eicellen plaatsvinden.',1),
	(1719,'2016-03-21 10:36:55','2016-03-21 10:36:55',NULL,'Ze laten de ontwikkeling van het embryo plaatsvinden.',0),
	(1720,'2016-03-21 10:36:56','2016-03-21 10:36:56',NULL,'Ze vervoeren eicellen.',0),
	(1721,'2016-03-21 10:36:56','2016-03-21 10:36:56',NULL,'Ze zijn gevoelig voor seksuele prikkels.',0),
	(1722,'2016-03-21 10:38:12','2016-03-21 10:38:12',NULL,'Bevruchting.',0),
	(1723,'2016-03-21 10:38:12','2016-03-21 10:38:12',NULL,'Innesteling.',0),
	(1724,'2016-03-21 10:38:12','2016-03-21 10:38:12',NULL,'Menstruatie.',1),
	(1725,'2016-03-21 10:38:12','2016-03-21 10:38:12',NULL,'Ovulatie.',0),
	(1726,'2016-03-24 07:06:47','2016-03-24 07:06:47',NULL,'Juist',1),
	(1727,'2016-03-24 07:06:47','2016-03-24 07:06:47',NULL,'Onjuist',0),
	(1728,'2016-03-24 07:08:59','2016-03-24 07:08:59',NULL,'Juist',0),
	(1729,'2016-03-24 07:08:59','2016-03-24 07:08:59',NULL,'Onjuist',1),
	(1730,'2016-03-24 07:09:36','2016-03-24 07:09:36',NULL,'Juist',1),
	(1731,'2016-03-24 07:09:37','2016-03-24 07:09:37',NULL,'Onjuist',0),
	(1732,'2016-03-24 07:10:14','2016-03-24 07:10:14',NULL,'Juist',1),
	(1733,'2016-03-24 07:10:14','2016-03-24 07:10:14',NULL,'Onjuist',0),
	(1734,'2016-03-24 07:11:06','2016-03-24 07:11:06',NULL,'Juist',0),
	(1735,'2016-03-24 07:11:06','2016-03-24 07:11:06',NULL,'Onjuist',1),
	(1736,'2016-03-24 07:11:52','2016-03-24 07:11:52',NULL,'Juist',0),
	(1737,'2016-03-24 07:11:52','2016-03-24 07:11:52',NULL,'Onjuist',1),
	(1738,'2016-03-24 07:14:58','2016-03-24 07:14:58',NULL,'Juist',1),
	(1739,'2016-03-24 07:14:58','2016-03-24 07:14:58',NULL,'Onjuist',0),
	(1740,'2016-03-24 07:20:57','2016-03-24 07:20:57',NULL,'Juist',1),
	(1741,'2016-03-24 07:20:58','2016-03-24 07:20:58',NULL,'Onjuist',0),
	(1742,'2016-03-24 07:21:47','2016-03-24 07:21:47',NULL,'Juist',1),
	(1743,'2016-03-24 07:21:47','2016-03-24 07:21:47',NULL,'Onjuist',0),
	(1744,'2016-03-24 07:22:36','2016-03-24 07:22:36',NULL,'Juist',1),
	(1745,'2016-03-24 07:22:36','2016-03-24 07:22:36',NULL,'Onjuist',0),
	(1746,'2016-03-24 07:26:06','2016-03-24 07:26:06',NULL,'Juist',0),
	(1747,'2016-03-24 07:26:06','2016-03-24 07:26:06',NULL,'Onjuist',1),
	(1748,'2016-03-24 07:26:54','2016-03-24 07:26:54',NULL,'Juist',1),
	(1749,'2016-03-24 07:26:54','2016-03-24 07:26:54',NULL,'Onjuist',0),
	(1750,'2016-03-24 08:41:29','2016-03-24 08:41:29',NULL,'Juist',0),
	(1751,'2016-03-24 08:41:29','2016-03-24 08:41:29',NULL,'Onjuist',1),
	(1752,'2016-03-24 08:52:52','2016-03-24 08:52:52',NULL,'Juist',0),
	(1753,'2016-03-24 08:52:52','2016-03-24 08:52:52',NULL,'Onjuist',1),
	(1754,'2016-03-24 09:17:34','2016-03-24 09:17:34',NULL,'Een worm die na het sterven aan de lucht blijft blootgesteld.',0),
	(1755,'2016-03-24 09:17:34','2016-03-24 09:17:34',NULL,'Een worm die na het sterven van de lucht wordt afgesloten door sedimenten.',0),
	(1756,'2016-03-24 09:17:34','2016-03-24 09:17:34',NULL,'Een kever die na het sterven aan de lucht blijft blootgesteld.',0),
	(1757,'2016-03-24 09:17:34','2016-03-24 09:17:34',NULL,'Een kever die na het sterven van de lucht wordt afgesloten door sedimenten.',1),
	(1758,'2016-03-24 09:22:39','2016-03-24 09:22:39',NULL,'Alleen 1.',0),
	(1759,'2016-03-24 09:22:39','2016-03-24 09:22:39',NULL,'Alleen 1 en 2.',1),
	(1760,'2016-03-24 09:22:39','2016-03-24 09:22:39',NULL,'Alleen 2 en 3.',0),
	(1761,'2016-03-24 09:22:39','2016-03-24 09:22:39',NULL,'1, 2 en 3.',0),
	(1762,'2016-03-24 09:26:00','2016-03-24 09:26:00',NULL,'Het verschijnsel dat verschillende populaties van een soort zich gescheiden ontwikkelen.',0),
	(1763,'2016-03-24 09:26:00','2016-03-24 09:26:00',NULL,'Het verschijnsel dat verwante soorten door aanpassingen aan het milieu verschillen gaan vertonen.',0),
	(1764,'2016-03-24 09:26:00','2016-03-24 09:26:00',NULL,'Het verschijnsel dat individuen met een betere aanpassing aan het milieu een grotere overlevingskans hebben.',1),
	(1765,'2016-03-24 09:28:54','2016-03-24 09:28:54',NULL,'Omdat rudimentaire organen aantonen dat soorten veranderen, doordat mutanten blijven voortbestaan en individuen van de oorspronkelijke vorm uitsterven.',0),
	(1766,'2016-03-24 09:28:54','2016-03-24 09:28:54',NULL,'Omdat hieruit kan worden afgeleid hoelang geleden de verschillende soorten zijn ontstaan.',0),
	(1767,'2016-03-24 09:28:54','2016-03-24 09:28:54',NULL,'Omdat rudimentaire organen het aannemelijk maken dat verschillende soorten organismen een gemeenschappelijke voorouder hebben.',1),
	(1768,'2016-03-24 09:35:22','2016-03-24 09:35:22',NULL,'Alleen gebeurtenis 1.',0),
	(1769,'2016-03-24 09:35:22','2016-03-24 09:35:22',NULL,'Alleen gebeurtenis 2.',0),
	(1770,'2016-03-24 09:35:22','2016-03-24 09:35:22',NULL,'Zowel gebeurtenis 1 als gebeurtenis 2.',1),
	(1771,'2016-03-24 09:46:04','2016-03-24 09:46:04',NULL,'De poot van de kikker en de poot van de sprinkhaan.',0),
	(1772,'2016-03-24 09:46:05','2016-03-24 09:46:05',NULL,'De poot van de kikker en de vin van de walvis.',1),
	(1773,'2016-03-24 09:46:05','2016-03-24 09:46:05',NULL,'De poot van de sprinkhaan en de vin van de walvis.',0),
	(1774,'2016-03-24 09:47:52','2016-03-24 09:47:52',NULL,'De poot van de kikker en de poot van de sprinkhaan.',1),
	(1775,'2016-03-24 09:47:52','2016-03-24 09:47:52',NULL,'De poot van de kikker en de vin van de walvis.',0),
	(1776,'2016-03-24 09:47:52','2016-03-24 09:47:52',NULL,'De poot van de sprinkhaan en de vin van de walvis.',0),
	(1777,'2016-03-24 09:59:48','2016-03-24 09:59:48',NULL,'De poot van de kikker en de poot van de sprinkhaan.',0),
	(1778,'2016-03-24 09:59:48','2016-03-24 09:59:48',NULL,'De poot van de kikker en de vin van de walvis.',1),
	(1779,'2016-03-24 09:59:48','2016-03-24 09:59:48',NULL,'De poot van de sprinkhaan en de vin van de walvis.',0),
	(1780,'2016-03-24 10:01:07','2016-03-24 10:01:07',NULL,'Als er in de populatie veel verschillende genotypen voorkomen.',1),
	(1781,'2016-03-24 10:01:07','2016-03-24 10:01:07',NULL,'Als er in de populatie weinig verschillende genotypen voorkomen.',0),
	(1782,'2016-03-24 10:03:09','2016-03-24 10:03:09',NULL,'De mutanten zullen uitsterven en de \'normale\' soortgenoten zullen blijven bestaan.',0),
	(1783,'2016-03-24 10:03:09','2016-03-24 10:03:09',NULL,'De mutanten zullen blijven bestaan en de \'normale\' soortgenoten zullen uitsterven.',1),
	(1784,'2016-03-24 10:04:11','2016-03-24 10:04:11',NULL,'De mutanten.',1),
	(1785,'2016-03-24 10:04:11','2016-03-24 10:04:11',NULL,'De \'normale\' soortgenoten.',0),
	(1786,'2016-03-24 10:07:38','2016-03-24 10:07:38',NULL,'Alleen de embryo\'s 1 en 2.',0),
	(1787,'2016-03-24 10:07:38','2016-03-24 10:07:38',NULL,'De embryo\'s 1, 2 en 3.',1),
	(1788,'2016-03-24 10:09:05','2016-03-24 10:09:05',NULL,'Vóór het getekende stadium.',1),
	(1789,'2016-03-24 10:09:05','2016-03-24 10:09:05',NULL,'Na het getekende stadium.',0),
	(1790,'2016-04-01 13:21:26','2016-04-01 13:21:26',NULL,'A Parents receive a tax reduction if they buy one for their kids.',0),
	(1791,'2016-04-01 13:21:26','2016-04-01 13:21:26',NULL,'B Pupils can lease one for a reasonable amount of money.',1),
	(1792,'2016-04-01 13:21:26','2016-04-01 13:21:26',NULL,'C The school has been able to buy a large number for a low price.',0),
	(1793,'2016-04-01 13:22:42','2016-04-01 13:22:42',NULL,'A In the long run it will no longer be used at schools.',0),
	(1794,'2016-04-01 13:22:42','2016-04-01 13:22:42',NULL,'B It might become a rather rare skill.',1),
	(1795,'2016-04-01 13:22:42','2016-04-01 13:22:42',NULL,'C It should always remain an important part of school education.',0),
	(1796,'2016-04-01 13:27:18','2016-04-01 13:27:18',NULL,'A harder for students to find a good job.',0),
	(1797,'2016-04-01 13:27:18','2016-04-01 13:27:18',NULL,'B impossible to test one of the important skills',1),
	(1798,'2016-04-01 13:27:18','2016-04-01 13:27:18',NULL,'C more time-consuming to organise the exams.',0),
	(1799,'2016-04-01 13:27:19','2016-04-01 13:27:19',NULL,'D very difficult to prevent cheating among students.',0),
	(1800,'2016-04-01 13:54:06','2016-04-01 13:54:06',NULL,'A Parents receive a tax reduction if they buy one for their kids.',0),
	(1801,'2016-04-01 13:54:06','2016-04-01 13:54:06',NULL,'B Pupils can lease one for a reasonable amount of money.',1),
	(1802,'2016-04-01 13:54:07','2016-04-01 13:54:07',NULL,'C The school has been able to buy a large number for a low price.',0),
	(1803,'2016-04-01 13:55:16','2016-04-01 13:55:16',NULL,'A In the long run it will no longer be used at schools.',0),
	(1804,'2016-04-01 13:55:16','2016-04-01 13:55:16',NULL,'B It might become a rather rare skill.',1),
	(1805,'2016-04-01 13:55:16','2016-04-01 13:55:16',NULL,'C It should always remain an important part of school education.',0),
	(1806,'2016-04-01 13:59:00','2016-04-01 13:59:00',NULL,'A harder for students to find a good job.',0),
	(1807,'2016-04-01 13:59:00','2016-04-01 13:59:00',NULL,'B impossible to test one of the important skills.',1),
	(1808,'2016-04-01 13:59:00','2016-04-01 13:59:00',NULL,'C more time-consuming to organise the exams.',0),
	(1809,'2016-04-01 13:59:00','2016-04-01 13:59:00',NULL,'D very difficult to prevent cheating among students.',0),
	(1810,'2016-04-15 09:35:07','2016-04-15 09:35:07',NULL,'qwer',0),
	(1811,'2016-04-15 09:35:07','2016-04-15 09:35:07',NULL,'qwert',1),
	(1812,'2016-04-15 09:35:07','2016-04-15 09:35:07',NULL,'wer',0),
	(1813,'2016-04-15 09:35:07','2016-04-15 09:35:07',NULL,'wer',0),
	(1814,'2016-04-19 12:58:46','2016-04-19 12:58:46',NULL,'1',1),
	(1815,'2016-04-19 12:58:46','2016-04-19 12:58:46',NULL,'5',0),
	(1816,'2016-04-19 12:58:46','2016-04-19 12:58:46',NULL,'18',0),
	(1817,'2016-05-10 12:16:58','2016-05-10 12:16:58',NULL,'Nee, het regent',0),
	(1818,'2016-05-10 12:16:58','2016-05-10 12:16:58',NULL,'Nee, het is bewolkt',1),
	(1819,'2016-05-10 12:16:59','2016-05-10 12:16:59',NULL,'Ja, het is bewolkt',2),
	(1820,'2016-05-10 12:16:59','2016-05-10 12:16:59',NULL,'JA!',0),
	(1821,'2016-05-18 21:37:36','2016-05-18 21:37:36',NULL,'Juist',1),
	(1822,'2016-05-18 21:37:36','2016-05-18 21:37:36',NULL,'Onjuist',0),
	(1823,'2016-05-18 21:38:16','2016-05-18 21:38:16',NULL,'Juist',0),
	(1824,'2016-05-18 21:38:16','2016-05-18 21:38:16',NULL,'Onjuist',1),
	(1825,'2016-05-18 22:02:28','2016-05-18 22:02:28',NULL,'Juist',1),
	(1826,'2016-05-18 22:02:28','2016-05-18 22:02:28',NULL,'Onjuist',0),
	(1827,'2016-05-18 22:27:16','2016-05-18 22:27:16',NULL,'Alleen erfelijke factoren',0),
	(1828,'2016-05-18 22:27:16','2016-05-18 22:27:16',NULL,'Alleen omgevingsfactoren',0),
	(1829,'2016-05-18 22:27:16','2016-05-18 22:27:16',NULL,'Zowel erfelijke als omgevingsfactoren',2),
	(1830,'2016-05-18 22:28:47','2016-05-18 22:28:59','2016-05-18 22:28:59','Alleen hetzelfde fenotype',0),
	(1831,'2016-05-18 22:28:47','2016-05-18 22:28:59','2016-05-18 22:28:59','Alleen hetzelfde genotype',1),
	(1832,'2016-05-18 22:28:47','2016-05-18 22:28:59','2016-05-18 22:28:59','Zowel hetzelfde fenotype als hetzelfde genotype',0),
	(1833,'2016-05-18 22:28:59','2016-05-18 22:28:59',NULL,'Alleen hetzelfde fenotype',0),
	(1834,'2016-05-18 22:28:59','2016-05-18 22:28:59',NULL,'Alleen hetzelfde genotype',2),
	(1835,'2016-05-18 22:28:59','2016-05-18 22:28:59',NULL,'Zowel hetzelfde fenotype als hetzelfde genotype',0),
	(1836,'2016-05-18 22:31:07','2016-05-18 22:31:07',NULL,'Alleen in cellen van de darmwand.',0),
	(1837,'2016-05-18 22:31:07','2016-05-18 22:31:07',NULL,'Alleen in alle gewone lichaamscellen.',0),
	(1838,'2016-05-18 22:31:07','2016-05-18 22:31:07',NULL,'Alleen in geslachtscellen.',0),
	(1839,'2016-05-18 22:31:07','2016-05-18 22:31:07',NULL,'In alle gewone lichaamscellen en in geslachtscellen.',2),
	(1840,'2016-05-18 22:32:48','2016-05-18 22:32:48',NULL,'Alleen het fenotype.',2),
	(1841,'2016-05-18 22:32:48','2016-05-18 22:32:48',NULL,'Alleen het genotype.',0),
	(1842,'2016-05-18 22:32:48','2016-05-18 22:32:48',NULL,'Zowel het fenotype als het genotype.',0),
	(1843,'2016-05-18 22:34:16','2016-05-18 22:34:16',NULL,'Nee.',0),
	(1844,'2016-05-18 22:34:16','2016-05-18 22:34:16',NULL,'Ja, van kunstmatige selectie.',0),
	(1845,'2016-05-18 22:34:16','2016-05-18 22:34:16',NULL,'Ja, van natuurlijke selectie.',2),
	(1846,'2016-05-18 22:35:34','2016-05-18 22:35:34',NULL,'Beide hebben gelijk.',0),
	(1847,'2016-05-18 22:35:34','2016-05-18 22:35:34',NULL,'Alleen Bas heeft gelijk.',0),
	(1848,'2016-05-18 22:35:34','2016-05-18 22:35:34',NULL,'Alleen Aad heeft gelijk.',0),
	(1849,'2016-05-18 22:35:34','2016-05-18 22:35:34',NULL,'Beide hebben ongelijk.',2),
	(1850,'2016-05-18 22:37:03','2016-05-18 22:37:03',NULL,'Beide hebben gelijk.',0),
	(1851,'2016-05-18 22:37:03','2016-05-18 22:37:03',NULL,'Alleen Karen heeft gelijk.',0),
	(1852,'2016-05-18 22:37:03','2016-05-18 22:37:03',NULL,'Alleen Maryam heeft gelijk.',2),
	(1853,'2016-05-18 22:37:03','2016-05-18 22:37:03',NULL,'Beide hebben ongelijk.',0),
	(1854,'2016-05-18 22:39:32','2016-05-18 22:39:32',NULL,'Geslachtscellen',2),
	(1855,'2016-05-18 22:39:33','2016-05-18 22:39:33',NULL,'Lichaamscellen',0),
	(1856,'2016-05-18 22:39:33','2016-05-18 22:39:33',NULL,'Kun je niet weten',0),
	(1857,'2016-05-18 22:40:44','2016-05-18 22:40:44',NULL,'Een grote overlevingskans.',2),
	(1858,'2016-05-18 22:40:44','2016-05-18 22:40:44',NULL,'Een kleine overlevingskans.',0),
	(1859,'2016-05-18 22:40:44','2016-05-18 22:40:44',NULL,'Dat maakt niet uit.',0),
	(1860,'2016-05-23 09:31:09','2016-05-23 09:31:09',NULL,'Door 1.',0),
	(1861,'2016-05-23 09:31:09','2016-05-23 09:31:09',NULL,'Door 2.',0),
	(1862,'2016-05-23 09:31:09','2016-05-23 09:31:09',NULL,'Door 3.',1),
	(1863,'2016-05-23 09:31:09','2016-05-23 09:31:09',NULL,'Door 4.',0),
	(1864,'2016-05-23 09:31:09','2016-05-23 09:31:09',NULL,'Door 5.',0),
	(1865,'2016-05-23 09:31:10','2016-05-23 09:31:10',NULL,'Door 1.',0),
	(1866,'2016-05-23 09:31:10','2016-05-23 09:31:10',NULL,'Door 2.',0),
	(1867,'2016-05-23 09:31:10','2016-05-23 09:31:10',NULL,'Door 3.',1),
	(1868,'2016-05-23 09:31:10','2016-05-23 09:31:10',NULL,'Door 4.',0),
	(1869,'2016-05-23 09:31:10','2016-05-23 09:31:10',NULL,'Door 5.',0),
	(1870,'2016-05-23 09:32:27','2016-05-23 09:32:27',NULL,'Nummer 1.',0),
	(1871,'2016-05-23 09:32:27','2016-05-23 09:32:27',NULL,'Nummer 2.',1),
	(1872,'2016-05-23 09:32:27','2016-05-23 09:32:27',NULL,'Nummer 3.',0),
	(1873,'2016-05-23 09:32:27','2016-05-23 09:32:27',NULL,'Nummer 4.',0),
	(1874,'2016-05-23 09:36:37','2016-05-23 09:36:37',NULL,'Alleen van het zenuwstelsel.',0),
	(1875,'2016-05-23 09:36:37','2016-05-23 09:36:37',NULL,'Alleen van het beenderstelsel en het zenuwstelsel.',1),
	(1876,'2016-05-23 09:36:37','2016-05-23 09:36:37',NULL,'Alleen van het spierstelsel en het zenuwstelsel.',0),
	(1877,'2016-05-23 09:36:37','2016-05-23 09:36:37',NULL,'Van het beenderstelsel, het spierstelsel en het zenuwstelsel.',0),
	(1878,'2016-05-23 09:38:15','2016-05-23 09:38:15',NULL,'Alleen nummer 3.',0),
	(1879,'2016-05-23 09:38:15','2016-05-23 09:38:15',NULL,'Alleen nummer 4.',0),
	(1880,'2016-05-23 09:38:15','2016-05-23 09:38:15',NULL,'Alleen nummer 6.',1),
	(1881,'2016-05-23 09:38:15','2016-05-23 09:38:15',NULL,'De nummers 3, 5 en 6',0),
	(1882,'2016-05-23 09:40:02','2016-05-23 09:40:02',NULL,'Op plaats 1.',0),
	(1883,'2016-05-23 09:40:02','2016-05-23 09:40:02',NULL,'Op plaats 2.',0),
	(1884,'2016-05-23 09:40:02','2016-05-23 09:40:02',NULL,'Op plaats 4.',1),
	(1885,'2016-05-23 09:40:02','2016-05-23 09:40:02',NULL,'Op plaats 7.',0),
	(1886,'2016-05-23 09:43:14','2016-05-23 09:43:14',NULL,'Door deel 1.',0),
	(1887,'2016-05-23 09:43:14','2016-05-23 09:43:14',NULL,'Door deel 2.',1),
	(1888,'2016-05-23 09:43:14','2016-05-23 09:43:14',NULL,'Door deel 4.',0),
	(1889,'2016-05-23 09:43:14','2016-05-23 09:43:14',NULL,'Door deel 7.',0),
	(1890,'2016-05-23 09:45:50','2016-05-23 09:45:50',NULL,'Op plaats 1.',0),
	(1891,'2016-05-23 09:45:50','2016-05-23 09:45:50',NULL,'Op plaats 3.',1),
	(1892,'2016-05-23 09:45:50','2016-05-23 09:45:50',NULL,'Op plaats 5.',0),
	(1893,'2016-05-23 09:45:50','2016-05-23 09:45:50',NULL,'Op plaats 6.',0),
	(1894,'2016-05-23 09:49:39','2016-05-23 09:49:39',NULL,'Via de grote hersenen',0),
	(1895,'2016-05-23 09:49:39','2016-05-23 09:49:39',NULL,'Via de hersenen',0),
	(1896,'2016-05-23 09:49:39','2016-05-23 09:49:39',NULL,'Via de hersenstam',1),
	(1897,'2016-05-23 09:49:39','2016-05-23 09:49:39',NULL,'Via het ruggenmerg',0),
	(1898,'2016-05-23 09:51:07','2016-05-23 09:51:07',NULL,'In de bijnieren',0),
	(1899,'2016-05-23 09:51:07','2016-05-23 09:51:07',NULL,'In de eilandjes van Langerhans (alvleesklier)',1),
	(1900,'2016-05-23 09:51:07','2016-05-23 09:51:07',NULL,'In de lever en in spieren',0),
	(1901,'2016-05-23 09:51:07','2016-05-23 09:51:07',NULL,'In de schildklier',0),
	(1902,'2016-05-23 09:55:27','2016-05-23 09:55:27',NULL,'Adrenaline',0),
	(1903,'2016-05-23 09:55:27','2016-05-23 09:55:27',NULL,'Glucagon',0),
	(1904,'2016-05-23 09:55:27','2016-05-23 09:55:27',NULL,'Insuline',0),
	(1905,'2016-05-23 09:55:28','2016-05-23 09:55:28',NULL,'Schildklierhormoon (groeihormoon)',1),
	(1906,'2016-05-23 09:59:07','2016-05-23 09:59:07',NULL,'Alleen op plaats 3.',0),
	(1907,'2016-05-23 09:59:07','2016-05-23 09:59:07',NULL,'Alleen op plaats 5.',0),
	(1908,'2016-05-23 09:59:07','2016-05-23 09:59:07',NULL,'Alleen op de plaatsen 3 en 5.',0),
	(1909,'2016-05-23 09:59:07','2016-05-23 09:59:07',NULL,'Op de plaatsten 2, 3, 4 en 5',1),
	(1910,'2016-05-23 10:00:07','2016-05-23 10:00:07',NULL,'Alleen klier P.',0),
	(1911,'2016-05-23 10:00:07','2016-05-23 10:00:07',NULL,'Alleen klier Q.',1),
	(1912,'2016-05-23 10:00:07','2016-05-23 10:00:07',NULL,'Zowel klier P als klier Q.',0),
	(1913,'2016-05-23 10:02:51','2017-12-20 12:55:36','2017-12-20 12:55:36','In periode 1 en 6.',0),
	(1914,'2016-05-23 10:02:51','2017-12-20 12:55:36','2017-12-20 12:55:36','In periode 2 en 4.',0),
	(1915,'2016-05-23 10:02:52','2017-12-20 12:55:36','2017-12-20 12:55:36','In periode 3 en 5.',1),
	(1916,'2016-05-23 10:06:37','2016-05-23 10:06:37',NULL,'In het hoofd.',1),
	(1917,'2016-05-23 10:06:37','2016-05-23 10:06:37',NULL,'In de borstholte.',0),
	(1918,'2016-05-23 10:06:37','2016-05-23 10:06:37',NULL,'In de buikholte.',0),
	(1919,'2016-05-23 10:07:50','2016-05-23 10:07:50',NULL,'De alvleesklier',0),
	(1920,'2016-05-23 10:07:50','2016-05-23 10:07:50',NULL,'De schildklier',1),
	(1921,'2016-05-23 10:07:50','2016-05-23 10:07:50',NULL,'De speekselklieren',0),
	(1922,'2016-05-23 10:09:20','2017-02-27 12:10:37','2017-02-27 12:10:37','Nee.',0),
	(1923,'2016-05-23 10:09:20','2017-02-27 12:10:37','2017-02-27 12:10:37','Ja, de hypofyse beïnvloedt onder andere ook de geslachtsorganen.',1),
	(1924,'2016-05-23 10:09:20','2017-02-27 12:10:37','2017-02-27 12:10:37','Ja, de hypofyse maakt onder andere insuline aan.',0),
	(1925,'2016-05-23 11:07:43','2016-05-23 11:07:43',NULL,'Type 1',0),
	(1926,'2016-05-23 11:07:43','2016-05-23 11:07:43',NULL,'Type 2',0),
	(1927,'2016-05-23 11:07:43','2016-05-23 11:07:43',NULL,'Type 3',1),
	(1928,'2016-05-23 11:09:15','2016-05-23 11:09:15',NULL,'Geen enkel type.',1),
	(1929,'2016-05-23 11:09:15','2016-05-23 11:09:15',NULL,'Alleen type 3.',0),
	(1930,'2016-05-23 11:09:16','2016-05-23 11:09:16',NULL,'Alle drie de typen.',0),
	(1931,'2016-05-23 11:10:37','2016-05-23 11:10:37',NULL,'Alleen in richting P.',0),
	(1932,'2016-05-23 11:10:37','2016-05-23 11:10:37',NULL,'Alleen in richting Q.',1),
	(1933,'2016-05-23 11:10:37','2016-05-23 11:10:37',NULL,'Zowel in de richting P als in de richting Q.',0),
	(1934,'2016-06-24 15:31:13','2016-06-24 15:31:13',NULL,'Juist',1),
	(1935,'2016-06-24 15:31:13','2016-06-24 15:31:13',NULL,'Onjuist',0),
	(1936,'2016-06-24 15:31:51','2016-06-24 15:31:51',NULL,'Juist',1),
	(1937,'2016-06-24 15:31:51','2016-06-24 15:31:51',NULL,'Onjuist',0),
	(1938,'2016-06-24 15:32:51','2016-06-24 15:32:51',NULL,'Juist',0),
	(1939,'2016-06-24 15:32:51','2016-06-24 15:32:51',NULL,'Onjuist',5),
	(1940,'2016-07-14 12:28:11','2016-07-14 12:29:44','2016-07-14 12:29:44',NULL,1),
	(1941,'2016-07-14 12:28:11','2016-07-14 12:29:44','2016-07-14 12:29:44',NULL,1),
	(1942,'2016-07-14 12:28:11','2016-07-14 12:29:44','2016-07-14 12:29:44',NULL,0),
	(1943,'2016-07-14 12:28:11','2016-07-14 12:29:44','2016-07-14 12:29:44',NULL,0),
	(1944,'2016-07-14 12:28:11','2016-07-14 12:29:44','2016-07-14 12:29:44',NULL,0),
	(1945,'2016-07-14 12:29:44','2016-07-14 12:29:44',NULL,NULL,1),
	(1946,'2016-07-14 12:29:44','2016-07-14 12:29:44',NULL,NULL,1),
	(1947,'2016-07-14 12:29:44','2016-07-14 12:29:44',NULL,NULL,1),
	(1948,'2016-07-14 12:29:45','2016-07-14 12:29:45',NULL,NULL,1),
	(1949,'2016-07-14 12:29:45','2016-07-14 12:29:45',NULL,NULL,1),
	(1950,'2016-07-26 13:14:43','2016-07-26 13:14:43',NULL,'Chimpansee',1),
	(1951,'2016-07-26 13:14:43','2016-07-26 13:14:43',NULL,'Spons',1),
	(1952,'2016-07-26 13:14:43','2016-07-26 13:14:43',NULL,'Champignon',0),
	(1953,'2016-07-26 13:14:43','2016-07-26 13:14:43',NULL,'Bereklauw',0),
	(1954,'2016-08-03 08:45:00','2016-08-03 08:45:00',NULL,'test 1',1),
	(1955,'2016-08-03 08:45:00','2016-08-03 08:45:00',NULL,'test 2',1),
	(1956,'2016-08-03 08:45:00','2016-08-03 08:45:00',NULL,'test 3',1),
	(1957,'2016-08-03 08:45:01','2016-08-03 08:45:01',NULL,'test 4',0),
	(1958,'2017-02-27 12:10:37','2017-02-27 12:10:37',NULL,'Nee.',1),
	(1959,'2017-02-27 12:10:37','2017-02-27 12:10:37',NULL,'Ja, de hypofyse beïnvloedt onder andere ook de geslachtsorganen.',1),
	(1960,'2017-02-27 12:10:37','2017-02-27 12:10:37',NULL,'Ja, de hypofyse maakt onder andere insuline aan.',1),
	(1961,'2017-02-27 12:11:23','2017-02-27 12:11:23',NULL,NULL,0),
	(1962,'2017-02-27 12:11:23','2017-02-27 12:11:23',NULL,NULL,1),
	(1963,'2017-02-27 12:11:23','2017-02-27 12:11:23',NULL,NULL,1),
	(1964,'2017-02-27 12:11:23','2017-02-27 12:11:23',NULL,NULL,1),
	(1965,'2017-02-27 12:11:23','2017-02-27 12:11:23',NULL,NULL,0),
	(1966,'2017-09-29 12:58:31','2017-09-29 12:58:31',NULL,'5 m2',0),
	(1967,'2017-09-29 12:58:31','2017-09-29 12:58:31',NULL,'10 m2',0),
	(1968,'2017-09-29 12:58:31','2017-09-29 12:58:31',NULL,'35 m2',10),
	(1969,'2017-09-29 12:58:31','2017-09-29 12:58:31',NULL,'4000 m2',0),
	(1970,'2017-09-29 13:02:31','2017-09-29 13:02:31',NULL,'Juist',0),
	(1971,'2017-09-29 13:02:31','2017-09-29 13:02:31',NULL,'Onjuist',5),
	(1972,'2017-09-29 13:11:02','2017-09-29 13:11:02',NULL,NULL,4),
	(1973,'2017-09-29 13:11:02','2017-09-29 13:11:02',NULL,NULL,1),
	(1974,'2017-09-29 13:11:02','2017-09-29 13:11:02',NULL,NULL,0),
	(1975,'2017-09-29 13:11:02','2017-09-29 13:11:02',NULL,NULL,0),
	(1976,'2017-09-29 13:11:02','2017-09-29 13:11:02',NULL,NULL,0),
	(1977,'2017-11-01 08:45:12','2017-11-01 08:45:12',NULL,'10:00',0),
	(1978,'2017-11-01 08:45:12','2017-11-01 08:45:12',NULL,'11:00',0),
	(1979,'2017-11-01 08:45:13','2017-11-01 08:45:13',NULL,'12:00',5),
	(1980,'2017-11-01 08:45:13','2017-11-01 08:45:13',NULL,'13:00',0),
	(1981,'2017-11-01 08:45:13','2017-11-01 08:45:13',NULL,'20:00',0),
	(1982,'2017-11-01 08:48:54','2017-11-01 08:48:54',NULL,'Juist',0),
	(1983,'2017-11-01 08:48:54','2017-11-01 08:48:54',NULL,'Onjuist',5),
	(1984,'2017-11-01 09:03:15','2017-11-01 09:03:15',NULL,'Noord Holland',0),
	(1985,'2017-11-01 09:03:15','2017-11-01 09:03:15',NULL,'Zuid Holland',0),
	(1986,'2017-11-01 09:03:15','2017-11-01 09:03:15',NULL,'Zeeland',0),
	(1987,'2017-11-01 09:03:15','2017-11-01 09:03:15',NULL,'Gelderland',2),
	(1988,'2017-11-01 09:03:15','2017-11-01 09:03:15',NULL,'Limburg',0),
	(1989,'2017-11-01 09:03:16','2017-11-01 09:03:16',NULL,'Utrecht',0),
	(1990,'2017-11-01 09:03:16','2017-11-01 09:03:16',NULL,'Drenthe',0),
	(1991,'2017-11-01 09:03:16','2017-11-01 09:03:16',NULL,'Noord Holland',0),
	(1992,'2017-11-01 09:03:16','2017-11-01 09:03:16',NULL,'Zuid Holland',0),
	(1993,'2017-11-01 09:03:16','2017-11-01 09:03:16',NULL,'Zeeland',0),
	(1994,'2017-11-01 09:03:16','2017-11-01 09:03:16',NULL,'Gelderland',2),
	(1995,'2017-11-01 09:03:16','2017-11-01 09:03:16',NULL,'Limburg',0),
	(1996,'2017-11-01 09:03:17','2017-11-01 09:03:17',NULL,'Utrecht',0),
	(1997,'2017-11-01 09:03:17','2017-11-01 09:03:17',NULL,'Drenthe',0),
	(1998,'2017-11-01 09:03:41','2017-11-01 09:04:26','2017-11-01 09:04:26','Door de zon krijgt de ene zijde van de banaan meer zon dan de schaduwzijde. Daardoor groeite de ene zijde harder dan de andere en groeit de banaan krom!',3),
	(1999,'2017-11-01 09:03:41','2017-11-01 09:04:26','2017-11-01 09:04:26','Als de bananen beginnen te groeien, wordt de bloemtros steeds zwaarder. Door de zwaartekracht gaat de tros naar beneden hangen. Maar de bananen willen naar boven blijven groeien, tegen de zwaartekracht in. Zo groeit de banaan krom!',0),
	(2000,'2017-11-01 09:03:41','2017-11-01 09:04:26','2017-11-01 09:04:26','Dat is een biologisch raadsel en wordt nog onderzocht',0),
	(2001,'2017-11-01 09:03:41','2017-11-01 09:04:26','2017-11-01 09:04:26','Bananen groeien krom doordat de ene zijde meer water dan de andere kant door de zwaartekracht. Daardoor groeien ze krom! ',0),
	(2002,'2017-11-01 09:03:41','2017-11-01 09:04:26','2017-11-01 09:04:26','Dan liggen ze makkelijker in de hand en kunnen ze makkelijker geplukt worden door apen.',0),
	(2003,'2017-11-01 09:03:41','2017-11-01 09:04:26','2017-11-01 09:04:26','Dat is een overlevingsmechanisme zodat bananen niet van tafel rollen.',0),
	(2004,'2017-11-01 09:04:26','2017-11-01 09:04:26',NULL,'Door de zon krijgt de ene zijde van de banaan meer zon dan de schaduwzijde. Daardoor groeite de ene zijde harder dan de andere en groeit de banaan krom!',3),
	(2005,'2017-11-01 09:04:26','2017-11-01 09:04:26',NULL,'Als de bananen beginnen te groeien, wordt de bloemtros steeds zwaarder. Door de zwaartekracht gaat de tros naar beneden hangen. Maar de bananen willen naar boven blijven groeien, tegen de zwaartekracht in. Zo groeit de banaan krom!',0),
	(2006,'2017-11-01 09:04:26','2017-11-01 09:04:26',NULL,'Dat is een biologisch raadsel en wordt nog onderzocht',0),
	(2007,'2017-11-01 09:04:26','2017-11-01 09:04:26',NULL,'Bananen groeien krom doordat de ene zijde meer water dan de andere kant door de zwaartekracht. Daardoor groeien ze krom! ',0),
	(2008,'2017-11-01 09:04:26','2017-11-01 09:04:26',NULL,'Dan liggen ze makkelijker in de hand en kunnen ze makkelijker geplukt worden door apen.',0),
	(2009,'2017-11-01 09:04:26','2017-11-01 09:04:26',NULL,'Dat is een overlevingsmechanisme zodat bananen niet van tafel rollen. Als ze recht zijn vallen ze om!',0),
	(2010,'2017-11-01 09:05:36','2017-11-01 09:05:36',NULL,'Juist',2),
	(2011,'2017-11-01 09:05:36','2017-11-01 09:05:36',NULL,'Onjuist',0),
	(2012,'2017-11-01 09:11:56','2017-11-01 09:11:56',NULL,'Juist',2),
	(2013,'2017-11-01 09:11:56','2017-11-01 09:11:56',NULL,'Onjuist',0),
	(2014,'2017-11-17 15:08:30','2017-11-30 18:36:04','2017-11-30 18:36:04','A',5),
	(2015,'2017-11-17 15:08:31','2017-11-30 18:36:04','2017-11-30 18:36:04','B',0),
	(2016,'2017-11-17 15:08:31','2017-11-30 18:36:04','2017-11-30 18:36:04','C',0),
	(2017,'2017-11-17 15:08:31','2017-11-30 18:36:04','2017-11-30 18:36:04','D',0),
	(2018,'2017-11-17 15:12:04','2017-11-17 15:12:04',NULL,'Juist',5),
	(2019,'2017-11-17 15:12:04','2017-11-17 15:12:04',NULL,'Onjuist',0),
	(2020,'2017-11-17 15:15:17','2017-11-17 15:15:17',NULL,NULL,0),
	(2021,'2017-11-17 15:15:17','2017-11-17 15:15:17',NULL,NULL,100),
	(2022,'2017-11-17 15:15:17','2017-11-17 15:15:17',NULL,NULL,0),
	(2023,'2017-11-17 15:15:17','2017-11-17 15:15:17',NULL,NULL,0),
	(2024,'2017-11-17 15:15:17','2017-11-17 15:15:17',NULL,NULL,0),
	(2025,'2017-11-19 21:31:54','2017-11-19 21:31:54',NULL,'Taxonomie van BLOOM',0),
	(2026,'2017-11-19 21:31:54','2017-11-19 21:31:54',NULL,'OBIT',0),
	(2027,'2017-11-19 21:31:54','2017-11-19 21:31:54',NULL,'RTTI',2),
	(2028,'2017-11-19 21:31:54','2017-11-19 21:31:54',NULL,'Rubrics',0),
	(2029,'2017-11-19 21:31:54','2017-11-19 21:31:54',NULL,'Romiszowski ',0),
	(2030,'2017-11-22 13:07:31','2017-11-30 18:35:38','2017-11-30 18:35:38','Bon matin, j\'ai rendez-vous avec Madame Cheva.',0),
	(2031,'2017-11-22 13:07:31','2017-11-30 18:35:38','2017-11-30 18:35:38','Bonjour, j\'ai rendez-vous avec Madame Cheva. ',0),
	(2032,'2017-11-22 13:07:31','2017-11-30 18:35:38','2017-11-30 18:35:38','Bonjour, j\'ai un rendez-vous avec Madame Cheva. ',5),
	(2033,'2017-11-22 13:07:31','2017-11-30 18:35:38','2017-11-30 18:35:38','Salut, j\'ai rendez-vous avec Madame Cheva. ',0),
	(2034,'2017-11-30 16:45:56','2017-11-30 16:46:16','2017-11-30 16:46:16','Juist',4),
	(2035,'2017-11-30 16:45:56','2017-11-30 16:46:16','2017-11-30 16:46:16','Onjuist',0),
	(2036,'2017-11-30 16:46:16','2017-11-30 16:46:16',NULL,'Juist',4),
	(2037,'2017-11-30 16:46:16','2017-11-30 16:46:16',NULL,'Onjuist',0),
	(2038,'2017-11-30 16:46:17','2017-11-30 16:46:17',NULL,'groen',0),
	(2039,'2017-11-30 17:39:40','2017-11-30 17:39:56','2017-11-30 17:39:56','Juist',5),
	(2040,'2017-11-30 17:39:40','2017-11-30 17:39:56','2017-11-30 17:39:56','Onjuist',0),
	(2041,'2017-11-30 17:39:56','2017-11-30 17:39:56',NULL,'Juist',0),
	(2042,'2017-11-30 17:39:56','2017-11-30 17:39:56',NULL,'Onjuist',5),
	(2043,'2017-11-30 17:41:05','2017-11-30 17:43:30','2017-11-30 17:43:30','Juist',5),
	(2044,'2017-11-30 17:41:05','2017-11-30 17:43:30','2017-11-30 17:43:30','Onjuist',0),
	(2045,'2017-11-30 17:43:30','2017-11-30 17:43:30',NULL,'Juist',0),
	(2046,'2017-11-30 17:43:31','2017-11-30 17:43:31',NULL,'Onjuist',5),
	(2047,'2017-11-30 17:44:34','2017-11-30 17:44:34',NULL,'Juist',5),
	(2048,'2017-11-30 17:44:34','2017-11-30 17:44:34',NULL,'Onjuist',0),
	(2049,'2017-11-30 17:47:21','2017-11-30 17:47:48','2017-11-30 17:47:48',NULL,0),
	(2050,'2017-11-30 17:47:21','2017-11-30 17:47:48','2017-11-30 17:47:48',NULL,5),
	(2051,'2017-11-30 17:47:21','2017-11-30 17:47:48','2017-11-30 17:47:48',NULL,0),
	(2052,'2017-11-30 17:47:21','2017-11-30 17:47:48','2017-11-30 17:47:48',NULL,0),
	(2053,'2017-11-30 17:47:21','2017-11-30 17:47:48','2017-11-30 17:47:48',NULL,0),
	(2054,'2017-11-30 17:47:48','2017-11-30 17:47:48',NULL,NULL,4),
	(2055,'2017-11-30 17:47:48','2017-11-30 17:47:48',NULL,NULL,0),
	(2056,'2017-11-30 17:47:48','2017-11-30 17:47:48',NULL,NULL,0),
	(2057,'2017-11-30 17:47:48','2017-11-30 17:47:48',NULL,NULL,0),
	(2058,'2017-11-30 17:47:48','2017-11-30 17:47:48',NULL,NULL,0),
	(2059,'2017-11-30 18:35:38','2017-11-30 18:35:38',NULL,'Bon matin, j\'ai rendez-vous avec Madame Cheva.',0),
	(2060,'2017-11-30 18:35:38','2017-11-30 18:35:38',NULL,'Bonjour, j\'ai rendez-vous avec Madame Cheva. ',0),
	(2061,'2017-11-30 18:35:38','2017-11-30 18:35:38',NULL,'Bonjour, j\'ai un rendez-vous avec Madame Cheva. ',2),
	(2062,'2017-11-30 18:35:38','2017-11-30 18:35:38',NULL,'Salut, j\'ai rendez-vous avec Madame Cheva. ',0),
	(2063,'2017-11-30 18:36:04','2017-11-30 18:36:04',NULL,'A',0),
	(2064,'2017-11-30 18:36:04','2017-11-30 18:36:04',NULL,'B',0),
	(2065,'2017-11-30 18:36:04','2017-11-30 18:36:04',NULL,'C',0),
	(2066,'2017-11-30 18:36:04','2017-11-30 18:36:04',NULL,'D',5),
	(2067,'2017-12-13 12:26:38','2017-12-13 12:26:38',NULL,'12',0),
	(2068,'2017-12-13 12:26:38','2017-12-13 12:26:38',NULL,'13',5),
	(2069,'2017-12-13 12:26:38','2017-12-13 12:26:38',NULL,'14',0),
	(2070,'2017-12-20 11:35:37','2017-12-20 11:39:07','2017-12-20 11:39:07','1',2),
	(2071,'2017-12-20 11:35:37','2017-12-20 11:39:07','2017-12-20 11:39:07','2',0),
	(2072,'2017-12-20 11:35:37','2017-12-20 11:56:39','2017-12-20 11:56:39','3',0),
	(2073,'2017-12-20 11:39:07','2017-12-20 11:47:08','2017-12-20 11:47:08','1',2),
	(2074,'2017-12-20 11:39:07','2017-12-20 11:47:08','2017-12-20 11:47:08','2',0),
	(2075,'2017-12-20 11:39:08','2017-12-20 11:47:08','2017-12-20 11:47:08','3',0),
	(2076,'2017-12-20 11:39:08','2017-12-20 11:47:08','2017-12-20 11:47:08','4',0),
	(2077,'2017-12-20 11:47:08','2017-12-20 11:47:08',NULL,'1',2),
	(2078,'2017-12-20 11:47:08','2017-12-20 11:47:08',NULL,'3',0),
	(2079,'2017-12-20 11:47:08','2017-12-20 11:47:08',NULL,'4',0),
	(2080,'2017-12-20 11:56:39','2017-12-20 11:56:39',NULL,'3',0),
	(2081,'2017-12-20 11:56:39','2017-12-20 11:56:39',NULL,'5',2),
	(2082,'2017-12-20 12:02:01','2017-12-20 12:12:55','2017-12-20 12:12:55','1',0),
	(2083,'2017-12-20 12:02:01','2017-12-20 12:12:55','2017-12-20 12:12:55','2',2),
	(2084,'2017-12-20 12:02:01','2017-12-20 12:12:55','2017-12-20 12:12:55','3',0),
	(2085,'2017-12-20 12:12:55','2017-12-20 12:12:55',NULL,'1',0),
	(2086,'2017-12-20 12:12:55','2017-12-20 12:12:55',NULL,'2',2),
	(2087,'2017-12-20 12:14:38','2017-12-20 12:14:58','2017-12-20 12:14:58','1',0),
	(2088,'2017-12-20 12:14:38','2017-12-20 12:14:58','2017-12-20 12:14:58','2',5),
	(2089,'2017-12-20 12:14:38','2017-12-20 12:14:58','2017-12-20 12:14:58','3',0),
	(2090,'2017-12-20 12:14:58','2017-12-20 12:16:50','2017-12-20 12:16:50','1',0),
	(2091,'2017-12-20 12:14:58','2017-12-20 12:16:50','2017-12-20 12:16:50','2',5),
	(2092,'2017-12-20 12:16:50','2017-12-20 12:16:50',NULL,'1',0),
	(2093,'2017-12-20 12:16:50','2017-12-20 12:16:50',NULL,'2',5),
	(2094,'2017-12-20 12:16:50','2017-12-20 12:16:50',NULL,'7',0),
	(2095,'2017-12-20 12:32:48','2017-12-20 12:33:10','2017-12-20 12:33:10','1',2),
	(2096,'2017-12-20 12:32:48','2017-12-20 12:33:10','2017-12-20 12:33:10','2',0),
	(2097,'2017-12-20 12:32:48','2017-12-20 12:33:10','2017-12-20 12:33:10','3',0),
	(2098,'2017-12-20 12:33:10','2017-12-20 12:33:10',NULL,'1',2),
	(2099,'2017-12-20 12:33:10','2017-12-20 12:33:10',NULL,'2',0),
	(2100,'2017-12-20 12:33:10','2017-12-20 12:33:10',NULL,'3',0),
	(2101,'2017-12-20 12:33:10','2017-12-20 12:33:10',NULL,'4',0),
	(2102,'2017-12-20 12:35:01','2017-12-20 12:35:21','2017-12-20 12:35:21','1',3),
	(2103,'2017-12-20 12:35:01','2017-12-20 12:35:21','2017-12-20 12:35:21','2',0),
	(2104,'2017-12-20 12:35:01','2017-12-20 12:35:21','2017-12-20 12:35:21','3',0),
	(2105,'2017-12-20 12:35:21','2017-12-20 12:35:21',NULL,'1',3),
	(2106,'2017-12-20 12:35:21','2017-12-20 12:35:21',NULL,'2',0),
	(2107,'2017-12-20 12:37:13','2017-12-20 12:37:55','2017-12-20 12:37:55','1',3),
	(2108,'2017-12-20 12:37:13','2017-12-20 12:37:55','2017-12-20 12:37:55','2',0),
	(2109,'2017-12-20 12:37:13','2017-12-20 12:37:55','2017-12-20 12:37:55','3',0),
	(2110,'2017-12-20 12:37:55','2017-12-20 12:37:55',NULL,'1',3),
	(2111,'2017-12-20 12:37:55','2017-12-20 12:37:55',NULL,'2',0),
	(2112,'2017-12-20 12:37:55','2017-12-20 12:37:55',NULL,'3',0),
	(2113,'2017-12-20 12:37:55','2017-12-20 12:37:55',NULL,'4',0),
	(2114,'2017-12-20 12:49:41','2017-12-20 13:02:35','2017-12-20 13:02:35','A',0),
	(2115,'2017-12-20 12:49:41','2017-12-20 13:02:35','2017-12-20 13:02:35','B',0),
	(2116,'2017-12-20 12:49:41','2017-12-20 13:02:35','2017-12-20 13:02:35','C',2),
	(2117,'2017-12-20 12:49:42','2017-12-20 13:02:35','2017-12-20 13:02:35','D',0),
	(2118,'2017-12-20 12:55:36','2017-12-20 12:55:36',NULL,'In periode 1 en 6.',0),
	(2119,'2017-12-20 12:55:36','2017-12-20 12:55:36',NULL,'In periode 2 en 4.',0),
	(2120,'2017-12-20 12:55:36','2017-12-20 12:55:36',NULL,'Echt zeker wel in de periodes 3 en 5 hoor.',1),
	(2121,'2017-12-20 13:02:35','2017-12-20 13:02:35',NULL,'A',0),
	(2122,'2017-12-20 13:02:36','2017-12-20 13:02:36',NULL,'B',0),
	(2123,'2017-12-20 13:02:36','2017-12-20 13:02:36',NULL,'C',2),
	(2124,'2017-12-20 13:02:36','2017-12-20 13:02:36',NULL,'E',0),
	(2125,'2017-12-20 15:22:06','2017-12-20 15:22:56',NULL,'1',0),
	(2126,'2017-12-20 15:22:06','2017-12-20 15:22:56','2017-12-20 15:22:56','2',2),
	(2127,'2017-12-20 15:22:06','2017-12-20 15:22:56','2017-12-20 15:22:56','3',0),
	(2128,'2017-12-20 15:22:56','2017-12-20 15:22:56',NULL,'1',0),
	(2129,'2017-12-20 15:22:56','2017-12-20 15:22:56',NULL,'2',2),
	(2130,'2017-12-20 15:22:56','2017-12-20 15:22:56',NULL,'3',0),
	(2131,'2017-12-20 15:22:56','2017-12-20 15:22:56',NULL,'4',0),
	(2132,'2017-12-22 17:14:11','2017-12-22 17:14:11',NULL,'asd',0),
	(2133,'2017-12-22 17:14:11','2017-12-22 17:14:11',NULL,'asd',1),
	(2134,'2017-12-22 17:16:08','2017-12-22 17:16:08',NULL,'asd',0),
	(2135,'2017-12-22 17:16:08','2017-12-22 17:16:08',NULL,'asd',1),
	(2136,'2017-12-22 17:16:47','2017-12-22 17:16:47',NULL,'rertert',10),
	(2137,'2017-12-22 17:16:47','2017-12-22 17:16:47',NULL,'sdfsdffsdf',0),
	(2138,'2017-12-22 17:19:07','2017-12-22 17:19:07',NULL,'asd',1),
	(2139,'2017-12-22 17:19:07','2017-12-22 17:19:07',NULL,'asd',0),
	(2140,'2017-12-22 17:58:11','2017-12-22 17:58:11',NULL,'A',0),
	(2141,'2017-12-22 17:58:11','2017-12-22 17:58:11',NULL,'B',0),
	(2142,'2017-12-22 17:58:11','2017-12-22 17:58:11',NULL,'C',1),
	(2143,'2017-12-22 17:59:02','2017-12-22 17:59:02',NULL,'A',0),
	(2144,'2017-12-22 17:59:02','2017-12-22 17:59:02',NULL,'B',0),
	(2145,'2017-12-22 17:59:02','2017-12-22 17:59:02',NULL,'D',1),
	(2146,'2018-01-02 08:25:41','2018-01-02 08:25:41',NULL,'1',5),
	(2147,'2018-01-02 08:25:41','2018-01-02 08:25:41',NULL,'2',0),
	(2148,'2018-01-02 08:25:41','2018-01-02 08:25:41',NULL,'3',0),
	(2149,'2018-01-02 08:25:41','2018-01-02 08:25:41',NULL,'4',0),
	(2150,'2018-01-02 08:26:10','2018-01-02 08:26:10',NULL,'1',5),
	(2151,'2018-01-02 08:26:10','2018-01-02 08:26:10',NULL,'2',0),
	(2152,'2018-01-02 08:26:10','2018-01-02 08:26:10',NULL,'3',0),
	(2153,'2018-01-02 08:26:11','2018-01-02 08:26:11',NULL,'4',0),
	(2154,'2018-01-02 08:26:11','2018-01-02 08:26:11',NULL,'5',0),
	(2155,'2018-01-02 09:50:18','2018-01-02 09:50:18',NULL,'1',6),
	(2156,'2018-01-02 09:50:18','2018-01-02 09:50:18',NULL,'2',0),
	(2157,'2018-01-02 09:50:18','2018-01-02 09:50:18',NULL,'3',0),
	(2158,'2018-01-02 09:50:18','2018-01-02 09:50:18',NULL,'4',0),
	(2159,'2018-01-02 09:51:47','2018-01-02 09:51:47',NULL,'1',6),
	(2160,'2018-01-02 09:51:47','2018-01-02 09:51:47',NULL,'2',0),
	(2161,'2018-01-02 09:51:48','2018-01-02 09:51:48',NULL,'3',0),
	(2162,'2018-01-02 09:51:48','2018-01-02 09:51:48',NULL,'4',0),
	(2163,'2018-01-02 09:51:48','2018-01-02 09:51:48',NULL,'5',0),
	(2164,'2018-01-02 09:54:12','2018-01-02 09:54:12',NULL,'1',6),
	(2165,'2018-01-02 09:54:12','2018-01-02 09:54:12',NULL,'2',0),
	(2166,'2018-01-02 09:54:12','2018-01-02 09:54:12',NULL,'3',0),
	(2167,'2018-01-02 09:54:12','2018-01-02 09:54:12',NULL,'4',0),
	(2168,'2018-01-02 09:54:12','2018-01-02 09:54:12',NULL,'5',0),
	(2169,'2018-01-02 09:54:12','2018-01-02 09:54:12',NULL,'6',0),
	(2170,'2018-01-02 09:57:02','2018-01-02 09:57:02',NULL,'1',6),
	(2171,'2018-01-02 09:57:02','2018-01-02 09:57:02',NULL,'2',0),
	(2172,'2018-01-02 09:57:02','2018-01-02 09:57:02',NULL,'3',0),
	(2173,'2018-01-02 09:57:02','2018-01-02 09:57:02',NULL,'4',0),
	(2174,'2018-01-02 09:57:02','2018-01-02 09:57:02',NULL,'5',0),
	(2175,'2018-01-02 09:57:02','2018-01-02 09:57:02',NULL,'6',0),
	(2176,'2018-01-02 09:57:02','2018-01-02 09:57:02',NULL,'7',0),
	(2177,'2018-01-02 09:59:08','2018-01-02 09:59:08',NULL,'1',6),
	(2178,'2018-01-02 09:59:08','2018-01-02 09:59:08',NULL,'2',0),
	(2179,'2018-01-02 09:59:08','2018-01-02 09:59:08',NULL,'3',0),
	(2180,'2018-01-02 09:59:08','2018-01-02 09:59:08',NULL,'4',0),
	(2181,'2018-01-02 09:59:08','2018-01-02 09:59:08',NULL,'5',0),
	(2182,'2018-01-02 09:59:08','2018-01-02 09:59:08',NULL,'6',0),
	(2183,'2018-01-02 09:59:08','2018-01-02 09:59:08',NULL,'7',0),
	(2184,'2018-01-02 09:59:08','2018-01-02 09:59:08',NULL,'8',0),
	(2185,'2018-01-02 14:08:31','2018-01-02 14:08:31',NULL,'a',0),
	(2186,'2018-01-02 14:08:31','2018-01-02 14:08:31',NULL,'b',1),
	(2187,'2018-01-02 14:15:27','2018-01-02 14:15:27',NULL,'a',0),
	(2188,'2018-01-02 14:15:27','2018-01-02 14:15:27',NULL,'b',1),
	(2189,'2018-01-02 14:15:27','2018-01-02 14:15:27',NULL,'c',2),
	(2190,'2018-01-02 16:37:15','2018-01-02 16:37:15',NULL,'1',10),
	(2191,'2018-01-02 16:37:15','2018-01-02 16:37:15',NULL,'2',0),
	(2192,'2018-01-02 16:37:15','2018-01-02 16:37:15',NULL,'3',0),
	(2193,'2018-01-02 16:37:15','2018-01-02 16:37:15',NULL,'4',0),
	(2194,'2018-01-02 16:37:51','2018-01-02 16:37:51',NULL,'Juist',5),
	(2195,'2018-01-02 16:37:51','2018-01-02 16:37:51',NULL,'Onjuist',0),
	(2196,'2018-01-02 16:37:52','2018-01-02 16:37:52',NULL,'Juist',5),
	(2197,'2018-01-02 16:37:52','2018-01-02 16:37:52',NULL,'Onjuist',0),
	(2198,'2018-01-02 16:40:00','2018-01-02 16:40:00',NULL,NULL,4),
	(2199,'2018-01-02 16:40:00','2018-01-02 16:40:00',NULL,NULL,0),
	(2200,'2018-01-02 16:40:00','2018-01-02 16:40:00',NULL,NULL,0),
	(2201,'2018-01-02 16:40:00','2018-01-02 16:40:00',NULL,NULL,0),
	(2202,'2018-01-02 16:40:00','2018-01-02 16:40:00',NULL,NULL,0),
	(2203,'2018-01-02 16:48:50','2018-01-02 16:48:50',NULL,'1',10),
	(2204,'2018-01-02 16:48:50','2018-01-02 16:48:50',NULL,'2',0),
	(2205,'2018-01-02 16:48:50','2018-01-02 16:48:50',NULL,'3',0),
	(2206,'2018-01-02 16:48:50','2018-01-02 16:48:50',NULL,'4',0),
	(2207,'2018-01-02 16:48:50','2018-01-02 16:48:50',NULL,'5',0),
	(2208,'2018-01-02 16:51:38','2018-01-02 16:51:38',NULL,'Juist',0),
	(2209,'2018-01-02 16:51:38','2018-01-02 16:51:38',NULL,'Onjuist',5),
	(2210,'2018-01-02 16:54:46','2018-01-02 16:54:46',NULL,NULL,4),
	(2211,'2018-01-02 16:54:46','2018-01-02 16:54:46',NULL,NULL,0),
	(2212,'2018-01-02 16:54:46','2018-01-02 16:54:46',NULL,NULL,0),
	(2213,'2018-01-02 16:54:46','2018-01-02 16:54:46',NULL,NULL,0),
	(2214,'2018-01-02 16:54:46','2018-01-02 16:54:46',NULL,NULL,0),
	(2215,'2018-01-03 14:06:45','2018-01-03 14:06:45',NULL,'weemoedig',0),
	(2216,'2018-01-03 14:06:45','2018-01-03 14:06:45',NULL,'zinvol',1),
	(2217,'2018-01-03 14:06:45','2018-01-03 14:06:45',NULL,'contractueel',0),
	(2218,'2018-01-03 14:11:29','2018-01-03 14:11:29',NULL,'Juist',1),
	(2219,'2018-01-03 14:11:29','2018-01-03 14:11:29',NULL,'Onjuist',0),
	(2220,'2018-01-03 14:17:40','2018-01-03 14:17:40',NULL,NULL,0),
	(2221,'2018-01-03 14:17:40','2018-01-03 14:17:40',NULL,NULL,0),
	(2222,'2018-01-03 14:17:40','2018-01-03 14:17:40',NULL,NULL,0),
	(2223,'2018-01-03 14:17:40','2018-01-03 14:17:40',NULL,NULL,0),
	(2224,'2018-01-03 14:17:40','2018-01-03 14:17:40',NULL,NULL,2),
	(2225,'2018-01-03 16:53:22','2018-01-03 16:53:22',NULL,'!: Aanpassing op origineel item #​245123​',0),
	(2226,'2018-01-03 16:53:22','2018-01-03 16:53:22',NULL,'zinvol',1),
	(2227,'2018-01-03 16:53:22','2018-01-03 16:53:22',NULL,'contractueel',0),
	(2228,'2018-01-03 16:56:02','2018-01-03 16:56:02',NULL,'Juist',0),
	(2229,'2018-01-03 16:56:02','2018-01-03 16:56:02',NULL,'Onjuist',1),
	(2230,'2018-01-03 16:56:55','2018-01-03 16:56:55',NULL,NULL,0),
	(2231,'2018-01-03 16:56:55','2018-01-03 16:56:55',NULL,NULL,0),
	(2232,'2018-01-03 16:56:55','2018-01-03 16:56:55',NULL,NULL,0),
	(2233,'2018-01-03 16:56:55','2018-01-03 16:56:55',NULL,NULL,2),
	(2234,'2018-01-03 16:56:55','2018-01-03 16:56:55',NULL,NULL,0),
	(2235,'2018-01-03 16:57:42','2018-01-03 16:57:42',NULL,NULL,0),
	(2236,'2018-01-03 16:57:42','2018-01-03 16:57:42',NULL,NULL,0),
	(2237,'2018-01-03 16:57:42','2018-01-03 16:57:42',NULL,NULL,0),
	(2238,'2018-01-03 16:57:42','2018-01-03 16:57:42',NULL,NULL,2),
	(2239,'2018-01-03 16:57:42','2018-01-03 16:57:42',NULL,NULL,0),
	(2240,'2018-01-03 17:07:08','2018-01-03 17:07:08',NULL,'weemoedig',0),
	(2241,'2018-01-03 17:07:08','2018-01-03 17:07:08',NULL,'zinvol !: Aanpassing op origineel item binnen de originele toets #​24523​',0),
	(2242,'2018-01-03 17:07:08','2018-01-03 17:07:08',NULL,'contractueel',0),
	(2243,'2018-01-03 17:07:08','2018-01-03 17:07:08',NULL,'iets anders',2),
	(2244,'2018-01-03 17:09:52','2018-01-03 17:09:52',NULL,'weemoedig',0),
	(2245,'2018-01-03 17:09:52','2018-01-03 17:09:52',NULL,'zinvol !: Aanpassing op origineel item binnen de originele toets #​2453​',0),
	(2246,'2018-01-03 17:09:52','2018-01-03 17:09:52',NULL,'contractueel',0),
	(2247,'2018-01-03 17:09:52','2018-01-03 17:09:52',NULL,'iets anders',2),
	(2248,'2018-01-03 17:10:29','2018-01-03 17:10:29',NULL,'Juist',0),
	(2249,'2018-01-03 17:10:29','2018-01-03 17:10:29',NULL,'Onjuist',1),
	(2250,'2018-01-03 17:11:38','2018-01-03 17:11:38',NULL,NULL,0),
	(2251,'2018-01-03 17:11:38','2018-01-03 17:11:38',NULL,NULL,0),
	(2252,'2018-01-03 17:11:38','2018-01-03 17:11:38',NULL,NULL,2),
	(2253,'2018-01-03 17:11:38','2018-01-03 17:11:38',NULL,NULL,0),
	(2254,'2018-01-03 17:11:38','2018-01-03 17:11:38',NULL,NULL,0);

/*!40000 ALTER TABLE `multiple_choice_question_answers_5_1_2018` ENABLE KEYS */;
UNLOCK TABLES;


# Dump of table multiple_choice_questions
# ------------------------------------------------------------

DROP TABLE IF EXISTS `multiple_choice_questions`;

CREATE TABLE `multiple_choice_questions` (
  `id` int(10) unsigned NOT NULL,
  `created_at` timestamp NOT NULL DEFAULT '0000-00-00 00:00:00',
  `updated_at` timestamp NOT NULL DEFAULT '0000-00-00 00:00:00',
  `deleted_at` timestamp NULL DEFAULT NULL,
  `subtype` varchar(45) COLLATE utf8_unicode_ci NOT NULL DEFAULT '',
  `selectable_answers` int(10) unsigned NOT NULL DEFAULT '1',
  PRIMARY KEY (`id`),
  KEY `fk_multiple_choice_questions_questions1_idx` (`id`),
  CONSTRAINT `fk_multiple_choice_questions_questions1` FOREIGN KEY (`id`) REFERENCES `questions` (`id`) ON DELETE CASCADE ON UPDATE CASCADE
) ENGINE=InnoDB DEFAULT CHARSET=utf8 COLLATE=utf8_unicode_ci;

TRUNCATE TABLE `answers`;

LOCK TABLES `multiple_choice_questions` WRITE;
/*!40000 ALTER TABLE `multiple_choice_questions` DISABLE KEYS */;

INSERT INTO `multiple_choice_questions` (`id`, `created_at`, `updated_at`, `deleted_at`, `subtype`, `selectable_answers`)
VALUES
	(16,'2019-02-25 11:25:21','2019-02-25 11:25:21',NULL,'MultipleChoice',1),
	(20,'2019-02-27 11:02:49','2019-02-27 11:02:49',NULL,'MultipleChoice',1);

/*!40000 ALTER TABLE `multiple_choice_questions` ENABLE KEYS */;
UNLOCK TABLES;


# Dump of table open_questions
# ------------------------------------------------------------

DROP TABLE IF EXISTS `open_questions`;

CREATE TABLE `open_questions` (
  `id` int(10) unsigned NOT NULL,
  `created_at` timestamp NOT NULL DEFAULT '0000-00-00 00:00:00',
  `updated_at` timestamp NOT NULL DEFAULT '0000-00-00 00:00:00',
  `deleted_at` timestamp NULL DEFAULT NULL,
  `subtype` varchar(45) COLLATE utf8_unicode_ci NOT NULL,
  `answer` text COLLATE utf8_unicode_ci,
  PRIMARY KEY (`id`),
  KEY `fk_open_questions_questions1_idx` (`id`),
  CONSTRAINT `fk_open_questions_questions1` FOREIGN KEY (`id`) REFERENCES `questions` (`id`) ON DELETE CASCADE ON UPDATE CASCADE
) ENGINE=InnoDB DEFAULT CHARSET=utf8 COLLATE=utf8_unicode_ci;

TRUNCATE TABLE `answers`;

LOCK TABLES `open_questions` WRITE;
/*!40000 ALTER TABLE `open_questions` DISABLE KEYS */;

INSERT INTO `open_questions` (`id`, `created_at`, `updated_at`, `deleted_at`, `subtype`, `answer`)
VALUES
	(10,'2019-01-04 11:18:22','2019-01-04 11:18:22',NULL,'short','<p>JA</p>\r\n'),
	(11,'2019-01-04 11:38:45','2019-01-04 11:38:45',NULL,'short','<p>Antwoord open kort</p>\r\n'),
	(12,'2019-01-04 11:39:11','2019-01-04 11:39:11',NULL,'medium','<p>Antwoord open lang</p>\r\n'),
	(19,'2019-02-27 11:01:30','2019-02-27 11:01:30',NULL,'short','<p>dit is correct</p>\r\n');

/*!40000 ALTER TABLE `open_questions` ENABLE KEYS */;
UNLOCK TABLES;


# Dump of table p_value_attainments
# ------------------------------------------------------------

DROP TABLE IF EXISTS `p_value_attainments`;

CREATE TABLE `p_value_attainments` (
  `p_value_id` int(10) unsigned NOT NULL,
  `attainment_id` int(10) unsigned NOT NULL,
  `created_at` timestamp NOT NULL DEFAULT '0000-00-00 00:00:00',
  `updated_at` timestamp NOT NULL DEFAULT '0000-00-00 00:00:00',
  `deleted_at` timestamp NULL DEFAULT NULL,
  PRIMARY KEY (`p_value_id`,`attainment_id`),
  KEY `fk_p_value_attainments_p_values1_idx` (`p_value_id`),
  KEY `fk_p_value_attainments_attainments1_idx` (`attainment_id`),
  CONSTRAINT `fk_p_value_attainments_attainments1` FOREIGN KEY (`attainment_id`) REFERENCES `attainments` (`id`) ON DELETE CASCADE ON UPDATE CASCADE,
  CONSTRAINT `fk_p_value_attainments_p_values1` FOREIGN KEY (`p_value_id`) REFERENCES `p_values` (`id`) ON DELETE CASCADE ON UPDATE CASCADE
) ENGINE=InnoDB DEFAULT CHARSET=utf8 COLLATE=utf8_unicode_ci;

TRUNCATE TABLE `answers`;

# Dump of table p_value_users
# ------------------------------------------------------------

DROP TABLE IF EXISTS `p_value_users`;

CREATE TABLE `p_value_users` (
  `p_value_id` int(10) unsigned NOT NULL,
  `user_id` int(10) unsigned NOT NULL,
  `created_at` timestamp NOT NULL DEFAULT '0000-00-00 00:00:00',
  `updated_at` timestamp NOT NULL DEFAULT '0000-00-00 00:00:00',
  `deleted_at` timestamp NULL DEFAULT NULL,
  PRIMARY KEY (`p_value_id`,`user_id`),
  KEY `fk_p_value_users_p_values1_idx` (`p_value_id`),
  KEY `fk_p_value_users_users1_idx` (`user_id`),
  CONSTRAINT `fk_p_value_users_p_values1` FOREIGN KEY (`p_value_id`) REFERENCES `p_values` (`id`) ON DELETE CASCADE ON UPDATE CASCADE,
  CONSTRAINT `fk_p_value_users_users1` FOREIGN KEY (`user_id`) REFERENCES `users` (`id`) ON DELETE CASCADE ON UPDATE CASCADE
) ENGINE=InnoDB DEFAULT CHARSET=utf8 COLLATE=utf8_unicode_ci;

TRUNCATE TABLE `answers`;

# Dump of table p_values
# ------------------------------------------------------------

DROP TABLE IF EXISTS `p_values`;

CREATE TABLE `p_values` (
  `id` int(10) unsigned NOT NULL AUTO_INCREMENT,
  `created_at` timestamp NOT NULL DEFAULT '0000-00-00 00:00:00',
  `updated_at` timestamp NOT NULL DEFAULT '0000-00-00 00:00:00',
  `deleted_at` timestamp NULL DEFAULT NULL,
  `score` decimal(11,1) unsigned NOT NULL,
  `max_score` decimal(11,1) unsigned NOT NULL,
  `answer_id` int(10) unsigned NOT NULL,
  `test_participant_id` int(10) unsigned NOT NULL,
  `question_id` int(10) unsigned NOT NULL,
  `period_id` int(10) unsigned NOT NULL,
  `school_class_id` int(10) unsigned NOT NULL,
  `education_level_id` int(10) unsigned NOT NULL,
  `education_level_year` int(10) unsigned NOT NULL,
  `subject_id` int(10) unsigned NOT NULL,
  PRIMARY KEY (`id`),
  KEY `fk_p_values_answers1_idx` (`answer_id`),
  KEY `fk_p_values_test_participants1_idx` (`test_participant_id`),
  KEY `fk_p_values_questions1_idx` (`question_id`),
  KEY `fk_p_values_periods1_idx` (`period_id`),
  KEY `fk_p_values_school_classes1_idx` (`school_class_id`),
  KEY `fk_p_values_education_levels1_idx` (`education_level_id`),
  KEY `fk_p_values_subjects1_idx` (`subject_id`),
  CONSTRAINT `fk_p_values_answers1` FOREIGN KEY (`answer_id`) REFERENCES `answers` (`id`) ON DELETE CASCADE ON UPDATE CASCADE,
  CONSTRAINT `fk_p_values_education_levels1` FOREIGN KEY (`education_level_id`) REFERENCES `education_levels` (`id`) ON DELETE CASCADE ON UPDATE CASCADE,
  CONSTRAINT `fk_p_values_periods1` FOREIGN KEY (`period_id`) REFERENCES `periods` (`id`) ON DELETE CASCADE ON UPDATE CASCADE,
  CONSTRAINT `fk_p_values_questions1` FOREIGN KEY (`question_id`) REFERENCES `questions` (`id`) ON DELETE CASCADE ON UPDATE CASCADE,
  CONSTRAINT `fk_p_values_school_classes1` FOREIGN KEY (`school_class_id`) REFERENCES `school_classes` (`id`) ON DELETE CASCADE ON UPDATE CASCADE,
  CONSTRAINT `fk_p_values_subjects1` FOREIGN KEY (`subject_id`) REFERENCES `subjects` (`id`) ON DELETE CASCADE ON UPDATE CASCADE,
  CONSTRAINT `fk_p_values_test_participants1` FOREIGN KEY (`test_participant_id`) REFERENCES `test_participants` (`id`) ON DELETE CASCADE ON UPDATE CASCADE
) ENGINE=InnoDB DEFAULT CHARSET=utf8 COLLATE=utf8_unicode_ci;

TRUNCATE TABLE `answers`;

# Dump of table password_resets
# ------------------------------------------------------------

DROP TABLE IF EXISTS `password_resets`;

CREATE TABLE `password_resets` (
  `email` varchar(255) COLLATE utf8_unicode_ci NOT NULL,
  `token` varchar(255) COLLATE utf8_unicode_ci NOT NULL,
  `created_at` timestamp NOT NULL DEFAULT '0000-00-00 00:00:00',
  KEY `password_resets_email_index` (`email`),
  KEY `password_resets_token_index` (`token`)
) ENGINE=InnoDB DEFAULT CHARSET=utf8 COLLATE=utf8_unicode_ci;

TRUNCATE TABLE `answers`;

# Dump of table periods
# ------------------------------------------------------------

DROP TABLE IF EXISTS `periods`;

CREATE TABLE `periods` (
  `id` int(10) unsigned NOT NULL AUTO_INCREMENT,
  `created_at` timestamp NOT NULL DEFAULT '0000-00-00 00:00:00',
  `updated_at` timestamp NOT NULL DEFAULT '0000-00-00 00:00:00',
  `deleted_at` timestamp NULL DEFAULT NULL,
  `school_year_id` int(10) unsigned NOT NULL,
  `name` varchar(45) COLLATE utf8_unicode_ci DEFAULT NULL,
  `start_date` date DEFAULT NULL,
  `end_date` date DEFAULT NULL,
  PRIMARY KEY (`id`),
  KEY `fk_periods_school_years1_idx` (`school_year_id`),
  CONSTRAINT `fk_periods_school_years1` FOREIGN KEY (`school_year_id`) REFERENCES `school_years` (`id`) ON DELETE CASCADE ON UPDATE CASCADE
) ENGINE=InnoDB DEFAULT CHARSET=utf8 COLLATE=utf8_unicode_ci;

TRUNCATE TABLE `answers`;

LOCK TABLES `periods` WRITE;
/*!40000 ALTER TABLE `periods` DISABLE KEYS */;

INSERT INTO `periods` (`id`, `created_at`, `updated_at`, `deleted_at`, `school_year_id`, `name`, `start_date`, `end_date`)
VALUES
	(1,'2018-12-21 16:00:57','2018-12-21 16:00:57',NULL,1,'2018','2018-12-21','2019-08-31'),
	(2,'2019-02-25 14:39:08','2019-02-25 14:39:08',NULL,2,'2018','2018-08-31','2019-08-30'),
	(3,'2019-07-26 11:14:14','2019-07-26 11:14:14',NULL,3,'Periode 2019','2019-07-01','2020-07-02');

/*!40000 ALTER TABLE `periods` ENABLE KEYS */;
UNLOCK TABLES;


# Dump of table question_attachments
# ------------------------------------------------------------

DROP TABLE IF EXISTS `question_attachments`;

CREATE TABLE `question_attachments` (
  `question_id` int(10) unsigned NOT NULL,
  `attachment_id` int(10) unsigned NOT NULL,
  `created_at` timestamp NOT NULL DEFAULT '0000-00-00 00:00:00',
  `updated_at` timestamp NOT NULL DEFAULT '0000-00-00 00:00:00',
  `deleted_at` timestamp NULL DEFAULT NULL,
  PRIMARY KEY (`question_id`,`attachment_id`),
  KEY `fk_question_attachments_questions1_idx` (`question_id`),
  KEY `fk_question_attachments_attachments1_idx` (`attachment_id`),
  CONSTRAINT `fk_question_attachments_attachments1` FOREIGN KEY (`attachment_id`) REFERENCES `attachments` (`id`) ON DELETE CASCADE ON UPDATE CASCADE,
  CONSTRAINT `fk_question_attachments_questions1` FOREIGN KEY (`question_id`) REFERENCES `questions` (`id`) ON DELETE CASCADE ON UPDATE CASCADE
) ENGINE=InnoDB DEFAULT CHARSET=utf8 COLLATE=utf8_unicode_ci;

TRUNCATE TABLE `answers`;

LOCK TABLES `question_attachments` WRITE;
/*!40000 ALTER TABLE `question_attachments` DISABLE KEYS */;

INSERT INTO `question_attachments` (`question_id`, `attachment_id`, `created_at`, `updated_at`, `deleted_at`)
VALUES
	(10,1,'2019-01-04 11:18:22','2019-01-04 11:18:22',NULL);

/*!40000 ALTER TABLE `question_attachments` ENABLE KEYS */;
UNLOCK TABLES;


# Dump of table question_attainments
# ------------------------------------------------------------

DROP TABLE IF EXISTS `question_attainments`;

CREATE TABLE `question_attainments` (
  `attainment_id` int(10) unsigned NOT NULL,
  `question_id` int(10) unsigned NOT NULL,
  `created_at` timestamp NOT NULL DEFAULT '0000-00-00 00:00:00',
  `updated_at` timestamp NOT NULL DEFAULT '0000-00-00 00:00:00',
  `deleted_at` timestamp NULL DEFAULT NULL,
  PRIMARY KEY (`attainment_id`,`question_id`),
  KEY `fk_question_attainments_attainments1_idx` (`attainment_id`),
  KEY `fk_question_attainments_questions1_idx` (`question_id`),
  CONSTRAINT `fk_question_attainments_attainments1` FOREIGN KEY (`attainment_id`) REFERENCES `attainments` (`id`) ON DELETE CASCADE ON UPDATE CASCADE,
  CONSTRAINT `fk_question_attainments_questions1` FOREIGN KEY (`question_id`) REFERENCES `questions` (`id`) ON DELETE CASCADE ON UPDATE CASCADE
) ENGINE=InnoDB DEFAULT CHARSET=utf8 COLLATE=utf8_unicode_ci;

TRUNCATE TABLE `answers`;

# Dump of table question_authors
# ------------------------------------------------------------

DROP TABLE IF EXISTS `question_authors`;

CREATE TABLE `question_authors` (
  `user_id` int(10) unsigned NOT NULL,
  `question_id` int(10) unsigned NOT NULL,
  `created_at` timestamp NOT NULL DEFAULT '0000-00-00 00:00:00',
  `updated_at` timestamp NOT NULL DEFAULT '0000-00-00 00:00:00',
  `deleted_at` timestamp NULL DEFAULT NULL,
  PRIMARY KEY (`user_id`,`question_id`),
  KEY `fk_question_authors_users1_idx` (`user_id`),
  KEY `fk_question_authors_questions1_idx` (`question_id`),
  CONSTRAINT `fk_question_authors_questions1` FOREIGN KEY (`question_id`) REFERENCES `questions` (`id`) ON DELETE CASCADE ON UPDATE CASCADE,
  CONSTRAINT `fk_question_authors_users1` FOREIGN KEY (`user_id`) REFERENCES `users` (`id`) ON DELETE CASCADE ON UPDATE CASCADE
) ENGINE=InnoDB DEFAULT CHARSET=utf8 COLLATE=utf8_unicode_ci;

TRUNCATE TABLE `answers`;

LOCK TABLES `question_authors` WRITE;
/*!40000 ALTER TABLE `question_authors` DISABLE KEYS */;

INSERT INTO `question_authors` (`user_id`, `question_id`, `created_at`, `updated_at`, `deleted_at`)
VALUES
	(1486,10,'2019-01-04 11:18:22','2019-01-04 11:18:22',NULL),
	(1486,11,'2019-01-04 11:38:45','2019-01-04 11:38:45',NULL),
	(1486,12,'2019-01-04 11:39:11','2019-01-04 11:39:11',NULL),
	(1486,13,'2019-01-04 11:40:09','2019-01-04 11:40:09',NULL),
	(1486,14,'2019-01-21 07:57:29','2019-01-21 07:57:29',NULL),
	(1486,15,'2019-01-21 07:57:43','2019-01-21 07:57:43',NULL),
	(1486,16,'2019-02-25 11:25:21','2019-02-25 11:25:21',NULL),
	(1486,17,'2019-02-25 11:26:39','2019-02-25 11:26:39',NULL),
	(1486,18,'2019-02-25 11:27:38','2019-02-25 11:27:38',NULL),
	(1500,19,'2019-02-27 11:01:30','2019-02-27 11:01:30',NULL),
	(1500,20,'2019-02-27 11:02:49','2019-02-27 11:02:49',NULL);

/*!40000 ALTER TABLE `question_authors` ENABLE KEYS */;
UNLOCK TABLES;


# Dump of table question_groups
# ------------------------------------------------------------

DROP TABLE IF EXISTS `question_groups`;

CREATE TABLE `question_groups` (
  `id` int(10) unsigned NOT NULL AUTO_INCREMENT,
  `created_at` timestamp NULL DEFAULT NULL,
  `updated_at` timestamp NULL DEFAULT NULL,
  `deleted_at` timestamp NULL DEFAULT NULL,
  `test_id` int(10) unsigned NOT NULL,
  `database_question_id` int(10) unsigned DEFAULT NULL,
  `name` varchar(255) COLLATE utf8_unicode_ci DEFAULT NULL,
  `text` text COLLATE utf8_unicode_ci,
  `order` int(10) unsigned NOT NULL,
  `shuffle` tinyint(1) NOT NULL,
  `maintain_position` tinyint(1) NOT NULL,
  `add_to_database` tinyint(1) NOT NULL,
  PRIMARY KEY (`id`),
  KEY `fk_question_groups_tests1_idx` (`test_id`),
  KEY `fk_question_groups_database_questions1_idx` (`database_question_id`)
) ENGINE=InnoDB DEFAULT CHARSET=utf8 COLLATE=utf8_unicode_ci;

TRUNCATE TABLE `answers`;

# Dump of table questions
# ------------------------------------------------------------

DROP TABLE IF EXISTS `questions`;

CREATE TABLE `questions` (
  `id` int(10) unsigned NOT NULL AUTO_INCREMENT,
  `created_at` timestamp NOT NULL DEFAULT '0000-00-00 00:00:00',
  `updated_at` timestamp NOT NULL DEFAULT '0000-00-00 00:00:00',
  `deleted_at` timestamp NULL DEFAULT NULL,
  `subject_id` int(10) unsigned NOT NULL,
  `education_level_id` int(10) unsigned NOT NULL,
  `type` varchar(45) COLLATE utf8_unicode_ci DEFAULT NULL,
  `question` longtext COLLATE utf8_unicode_ci,
  `education_level_year` int(10) unsigned NOT NULL,
  `score` int(10) unsigned DEFAULT NULL,
  `decimal_score` tinyint(1) DEFAULT NULL,
  `note_type` enum('NONE','TEXT','DRAWING') COLLATE utf8_unicode_ci NOT NULL DEFAULT 'NONE',
  `rtti` enum('R','T1','T2','I') COLLATE utf8_unicode_ci DEFAULT NULL,
  `add_to_database` tinyint(1) NOT NULL,
  `is_subquestion` tinyint(1) NOT NULL,
  `derived_question_id` int(10) unsigned DEFAULT NULL,
  `is_open_source_content` tinyint(1) DEFAULT NULL,
  PRIMARY KEY (`id`),
  KEY `fk_questions_subjects1_idx` (`subject_id`),
  KEY `fk_questions_education_levels1_idx` (`education_level_id`),
  KEY `fk_questions_questions1_idx` (`derived_question_id`),
  CONSTRAINT `fk_questions_education_levels1` FOREIGN KEY (`education_level_id`) REFERENCES `education_levels` (`id`) ON DELETE CASCADE ON UPDATE CASCADE,
  CONSTRAINT `fk_questions_questions1` FOREIGN KEY (`derived_question_id`) REFERENCES `questions` (`id`) ON DELETE CASCADE ON UPDATE CASCADE,
  CONSTRAINT `fk_questions_subjects1` FOREIGN KEY (`subject_id`) REFERENCES `subjects` (`id`) ON DELETE CASCADE ON UPDATE CASCADE
) ENGINE=InnoDB DEFAULT CHARSET=utf8 COLLATE=utf8_unicode_ci;

TRUNCATE TABLE `answers`;

LOCK TABLES `questions` WRITE;
/*!40000 ALTER TABLE `questions` DISABLE KEYS */;

INSERT INTO `questions` (`id`, `created_at`, `updated_at`, `deleted_at`, `subject_id`, `education_level_id`, `type`, `question`, `education_level_year`, `score`, `decimal_score`, `note_type`, `rtti`, `add_to_database`, `is_subquestion`, `derived_question_id`, `is_open_source_content`)
VALUES
	(10,'2019-01-04 11:18:22','2019-01-04 11:18:22',NULL,1,1,'OpenQuestion','<p>TEST</p>\r\n',1,5,0,'NONE','',1,0,NULL,1),
	(11,'2019-01-04 11:38:45','2019-01-04 11:38:45',NULL,1,1,'OpenQuestion','<p>Open kort</p>\r\n',1,5,0,'NONE','',1,0,NULL,1),
	(12,'2019-01-04 11:39:11','2019-01-04 11:39:11',NULL,1,1,'OpenQuestion','<p>Open lang</p>\r\n',1,5,0,'NONE','',1,0,NULL,1),
	(13,'2019-01-04 11:40:09','2019-01-04 11:40:09',NULL,1,1,'CompletionQuestion','<p>Gatentekstvraag [1], [2], [3], [4], [5], [6], [7], [8], [9]. [10], [11]</p>\r\n',1,5,0,'NONE','',1,0,NULL,1),
	(14,'2019-01-21 07:57:29','2019-01-21 07:57:29',NULL,1,1,'GroupQuestion','',1,NULL,NULL,'NONE',NULL,1,0,NULL,NULL),
	(15,'2019-01-21 07:57:43','2019-01-21 07:57:43',NULL,1,1,'CompletionQuestion','<p>aaa [1]</p>\r\n',1,5,0,'NONE','',1,1,NULL,1),
	(16,'2019-02-25 11:25:21','2019-02-25 11:25:21',NULL,1,1,'MultipleChoiceQuestion','<p>Wat is correct?</p>\r\n',1,4,0,'NONE','',1,0,NULL,1),
	(17,'2019-02-25 11:26:39','2019-02-25 11:26:39',NULL,1,1,'MatchingQuestion','<p>Zet de juiste combinatie bij elkaar</p>\r\n',1,5,0,'NONE','',1,0,NULL,1),
	(18,'2019-02-25 11:27:38','2019-02-25 11:27:38',NULL,1,1,'RankingQuestion','<p>Zet in de juiste volgorde</p>\r\n',1,5,0,'NONE','',1,0,NULL,1),
	(19,'2019-02-27 11:01:30','2019-02-27 11:02:00',NULL,2,1,'OpenQuestion','<p>Wat is correct?</p>\r\n',1,2,0,'NONE','',0,0,NULL,0),
	(20,'2019-02-27 11:02:49','2019-02-27 11:02:49',NULL,2,1,'MultipleChoiceQuestion','<p>Welke antwoord is juist?</p>\r\n',1,2,0,'NONE','',1,0,NULL,0);

/*!40000 ALTER TABLE `questions` ENABLE KEYS */;
UNLOCK TABLES;


# Dump of table ranking_question_answer_links
# ------------------------------------------------------------

DROP TABLE IF EXISTS `ranking_question_answer_links`;

CREATE TABLE `ranking_question_answer_links` (
  `ranking_question_id` int(10) unsigned NOT NULL,
  `ranking_question_answer_id` int(10) unsigned NOT NULL,
  `created_at` timestamp NOT NULL DEFAULT '0000-00-00 00:00:00',
  `updated_at` timestamp NOT NULL DEFAULT '0000-00-00 00:00:00',
  `deleted_at` timestamp NULL DEFAULT NULL,
  `order` int(10) unsigned NOT NULL,
  `correct_order` int(10) unsigned NOT NULL,
  PRIMARY KEY (`ranking_question_id`,`ranking_question_answer_id`),
  KEY `fk_ranking_question_answer_links_ranking_questions1_idx` (`ranking_question_id`),
  KEY `fk_ranking_question_answer_links_ranking_question_answers1_idx` (`ranking_question_answer_id`),
  CONSTRAINT `fk_ranking_question_answer_links_ranking_question_answers1` FOREIGN KEY (`ranking_question_answer_id`) REFERENCES `ranking_question_answers` (`id`) ON DELETE CASCADE ON UPDATE CASCADE,
  CONSTRAINT `fk_ranking_question_answer_links_ranking_questions1` FOREIGN KEY (`ranking_question_id`) REFERENCES `ranking_questions` (`id`) ON DELETE CASCADE ON UPDATE CASCADE
) ENGINE=InnoDB DEFAULT CHARSET=utf8 COLLATE=utf8_unicode_ci;

TRUNCATE TABLE `answers`;

LOCK TABLES `ranking_question_answer_links` WRITE;
/*!40000 ALTER TABLE `ranking_question_answer_links` DISABLE KEYS */;

INSERT INTO `ranking_question_answer_links` (`ranking_question_id`, `ranking_question_answer_id`, `created_at`, `updated_at`, `deleted_at`, `order`, `correct_order`)
VALUES
	(18,1,'2019-02-25 11:27:38','2019-02-25 11:27:38',NULL,1,1),
	(18,2,'2019-02-25 11:27:38','2019-02-25 11:27:38',NULL,2,2),
	(18,3,'2019-02-25 11:27:39','2019-02-25 11:27:39',NULL,3,3),
	(18,4,'2019-02-25 11:27:39','2019-02-25 11:27:39',NULL,4,4);

/*!40000 ALTER TABLE `ranking_question_answer_links` ENABLE KEYS */;
UNLOCK TABLES;


# Dump of table ranking_question_answers
# ------------------------------------------------------------

DROP TABLE IF EXISTS `ranking_question_answers`;

CREATE TABLE `ranking_question_answers` (
  `id` int(10) unsigned NOT NULL AUTO_INCREMENT,
  `created_at` timestamp NOT NULL DEFAULT '0000-00-00 00:00:00',
  `updated_at` timestamp NOT NULL DEFAULT '0000-00-00 00:00:00',
  `deleted_at` timestamp NULL DEFAULT NULL,
  `answer` varchar(255) COLLATE utf8_unicode_ci DEFAULT NULL,
  PRIMARY KEY (`id`)
) ENGINE=InnoDB DEFAULT CHARSET=utf8 COLLATE=utf8_unicode_ci;

TRUNCATE TABLE `answers`;

LOCK TABLES `ranking_question_answers` WRITE;
/*!40000 ALTER TABLE `ranking_question_answers` DISABLE KEYS */;

INSERT INTO `ranking_question_answers` (`id`, `created_at`, `updated_at`, `deleted_at`, `answer`)
VALUES
	(1,'2019-02-25 11:27:38','2019-02-25 11:27:38',NULL,'1'),
	(2,'2019-02-25 11:27:38','2019-02-25 11:27:38',NULL,'2'),
	(3,'2019-02-25 11:27:39','2019-02-25 11:27:39',NULL,'3'),
	(4,'2019-02-25 11:27:39','2019-02-25 11:27:39',NULL,'4');

/*!40000 ALTER TABLE `ranking_question_answers` ENABLE KEYS */;
UNLOCK TABLES;


# Dump of table ranking_question_answers_5_1_2018
# ------------------------------------------------------------

DROP TABLE IF EXISTS `ranking_question_answers_5_1_2018`;

CREATE TABLE `ranking_question_answers_5_1_2018` (
  `id` int(10) unsigned NOT NULL AUTO_INCREMENT,
  `created_at` timestamp NOT NULL DEFAULT '0000-00-00 00:00:00',
  `updated_at` timestamp NOT NULL DEFAULT '0000-00-00 00:00:00',
  `deleted_at` timestamp NULL DEFAULT NULL,
  `answer` varchar(255) COLLATE utf8_unicode_ci DEFAULT NULL,
  PRIMARY KEY (`id`)
) ENGINE=InnoDB DEFAULT CHARSET=utf8 COLLATE=utf8_unicode_ci;

TRUNCATE TABLE `answers`;

LOCK TABLES `ranking_question_answers_5_1_2018` WRITE;
/*!40000 ALTER TABLE `ranking_question_answers_5_1_2018` DISABLE KEYS */;

INSERT INTO `ranking_question_answers_5_1_2018` (`id`, `created_at`, `updated_at`, `deleted_at`, `answer`)
VALUES
	(1,'2015-02-13 11:32:21','2015-02-13 11:32:21',NULL,'sdfg'),
	(2,'2015-02-13 11:32:21','2015-02-13 11:32:21',NULL,'fghjgfj'),
	(3,'2015-02-13 11:34:43','2015-02-13 11:48:44','2015-02-13 11:48:44','aaaa'),
	(4,'2015-02-13 11:34:44','2015-02-13 11:48:44','2015-02-13 11:48:44','bbbb'),
	(5,'2015-02-13 11:34:44','2015-02-13 11:48:44','2015-02-13 11:48:44','ccccc'),
	(6,'2015-02-13 11:34:44','2015-02-13 11:48:44','2015-02-13 11:48:44','dddd'),
	(7,'2015-02-13 11:42:06','2015-02-13 11:48:44','2015-02-13 11:48:44','aaaa'),
	(8,'2015-02-13 11:42:06','2015-02-13 11:48:44','2015-02-13 11:48:44','bbbb'),
	(9,'2015-02-13 11:42:06','2015-02-13 11:48:44','2015-02-13 11:48:44','ccccc'),
	(10,'2015-02-13 11:42:06','2015-02-13 11:48:44','2015-02-13 11:48:44','dddd'),
	(11,'2015-02-13 11:43:09','2015-02-13 11:48:44','2015-02-13 11:48:44','aaaa'),
	(12,'2015-02-13 11:43:09','2015-02-13 11:48:44','2015-02-13 11:48:44','bbbb'),
	(13,'2015-02-13 11:45:39','2015-02-13 11:48:44','2015-02-13 11:48:44','aaaa'),
	(14,'2015-02-13 11:45:39','2015-02-13 11:48:44','2015-02-13 11:48:44','bbbb'),
	(15,'2015-02-13 11:45:39','2015-02-13 11:48:44','2015-02-13 11:48:44','ccccc'),
	(16,'2015-02-13 11:45:39','2015-02-13 11:48:44','2015-02-13 11:48:44','dddd'),
	(17,'2015-02-13 11:45:39','2015-02-13 11:48:44','2015-02-13 11:48:44','aaaa'),
	(18,'2015-02-13 11:45:39','2015-02-13 11:48:44','2015-02-13 11:48:44','bbbb'),
	(19,'2015-02-13 11:45:39','2015-02-13 11:48:44','2015-02-13 11:48:44','ccccc'),
	(20,'2015-02-13 11:45:39','2015-02-13 11:48:44','2015-02-13 11:48:44','dddd'),
	(21,'2015-02-13 11:45:39','2015-02-13 11:48:44','2015-02-13 11:48:44','aaaa'),
	(22,'2015-02-13 11:45:39','2015-02-13 11:48:44','2015-02-13 11:48:44','bbbb'),
	(23,'2015-02-13 11:48:56','2015-02-13 11:49:13','2015-02-13 11:49:13','aaaa'),
	(24,'2015-02-13 11:48:56','2015-02-13 11:49:13','2015-02-13 11:49:13','bbbb'),
	(25,'2015-02-13 11:49:13','2015-02-13 12:11:58','2015-02-13 12:11:58','aaaa'),
	(26,'2015-02-13 11:49:13','2015-02-13 12:11:58','2015-02-13 12:11:58','bbbb'),
	(27,'2015-02-13 11:49:13','2015-02-13 12:11:58','2015-02-13 12:11:58','ccccc'),
	(28,'2015-02-13 12:11:58','2015-02-13 12:12:03','2015-02-13 12:12:03','aaaa'),
	(29,'2015-02-13 12:11:58','2015-02-13 12:12:03','2015-02-13 12:12:03','bbbb'),
	(30,'2015-02-13 12:11:58','2015-02-13 12:12:03','2015-02-13 12:12:03','ccccc'),
	(31,'2015-02-13 12:12:03','2015-02-13 12:12:11','2015-02-13 12:12:11','aaaa'),
	(32,'2015-02-13 12:12:03','2015-02-13 12:12:11','2015-02-13 12:12:11','bbbb'),
	(33,'2015-02-13 12:12:03','2015-02-13 12:12:11','2015-02-13 12:12:11','ccccc'),
	(34,'2015-02-13 12:12:11','2015-02-13 12:20:09','2015-02-13 12:20:09','aaaa'),
	(35,'2015-02-13 12:12:11','2015-02-13 12:20:09','2015-02-13 12:20:09','bbbb'),
	(36,'2015-02-13 12:12:11','2015-02-13 12:20:09','2015-02-13 12:20:09','ccccc'),
	(37,'2015-02-13 12:20:09','2015-02-13 12:20:16','2015-02-13 12:20:16','a'),
	(38,'2015-02-13 12:20:09','2015-02-13 12:20:16','2015-02-13 12:20:16','b'),
	(39,'2015-02-13 12:20:09','2015-02-13 12:20:16','2015-02-13 12:20:16','c'),
	(40,'2015-02-13 12:20:16','2015-02-13 12:20:16',NULL,'a'),
	(41,'2015-02-13 12:20:16','2015-02-13 12:20:16',NULL,'b'),
	(42,'2015-02-13 12:20:16','2015-02-13 12:20:16',NULL,'c'),
	(43,'2015-02-14 09:48:45','2015-02-14 09:48:45',NULL,'a'),
	(44,'2015-02-14 09:48:45','2015-02-14 09:48:45',NULL,'b'),
	(45,'2015-02-14 09:48:45','2015-02-14 09:48:45',NULL,'c'),
	(46,'2015-02-16 13:54:01','2015-02-16 13:54:01',NULL,'sdfgdsfg'),
	(47,'2015-02-16 13:54:01','2015-02-16 13:54:01',NULL,'fghjfghjfghj'),
	(48,'2015-03-04 08:03:13','2015-03-04 08:03:13',NULL,'a'),
	(49,'2015-03-04 08:03:13','2015-03-04 08:03:14',NULL,'b'),
	(50,'2015-03-04 08:03:14','2015-03-04 08:03:14',NULL,'c'),
	(51,'2015-03-04 08:03:14','2015-03-04 08:03:14',NULL,'d'),
	(52,'2015-03-05 15:47:47','2015-03-05 15:47:47',NULL,'Amsterdam'),
	(53,'2015-03-05 15:47:47','2015-03-05 15:47:47',NULL,'New York'),
	(54,'2015-03-05 15:47:47','2015-03-05 15:47:47',NULL,'Mekka'),
	(55,'2015-03-05 15:47:47','2015-03-05 15:47:47',NULL,'Shanghai'),
	(56,'2015-03-06 12:07:15','2015-03-06 12:07:15',NULL,'1'),
	(57,'2015-03-06 12:07:15','2015-03-06 12:07:15',NULL,'2'),
	(58,'2015-03-06 12:07:15','2015-03-06 12:07:15',NULL,'3'),
	(59,'2015-03-06 12:07:15','2015-03-06 12:07:15',NULL,'4'),
	(60,'2015-03-07 09:37:06','2015-03-07 09:37:06',NULL,'violet'),
	(61,'2015-03-07 09:37:06','2015-03-07 09:37:06',NULL,'paars'),
	(62,'2015-03-07 09:37:06','2015-03-07 09:37:07',NULL,'blauw'),
	(63,'2015-03-07 09:37:07','2015-03-07 09:37:07',NULL,'groen'),
	(64,'2015-03-07 09:37:07','2015-03-07 09:37:07',NULL,'geel'),
	(65,'2015-03-07 09:37:07','2015-03-07 09:37:07',NULL,'rood'),
	(66,'2015-03-07 09:37:07','2015-03-07 09:37:07',NULL,'infrarood'),
	(67,'2015-03-07 09:41:26','2015-03-07 09:41:26',NULL,'Regenboog in tegengestelde richting dan op de afbeelding'),
	(68,'2015-03-07 09:41:26','2015-03-07 09:41:26',NULL,'regenboog zoals op de afbeelding'),
	(69,'2015-03-10 11:41:46','2015-03-10 11:41:46',NULL,'a'),
	(70,'2015-03-10 11:41:46','2015-03-10 11:41:46',NULL,'b'),
	(71,'2015-03-10 11:41:46','2015-03-10 11:41:46',NULL,'c'),
	(72,'2015-03-10 13:24:40','2015-03-10 13:24:40',NULL,'Regenboog in tegengestelde richting dan op de afbeelding'),
	(73,'2015-03-10 13:24:40','2015-03-10 13:24:40',NULL,'regenboog zoals op de afbeelding'),
	(74,'2015-03-10 13:57:24','2015-03-10 13:57:24',NULL,'sdfgsgdfsdgf'),
	(75,'2015-03-10 13:57:24','2015-03-10 13:57:24',NULL,'fgfdhgdfh'),
	(76,'2015-03-10 16:20:22','2015-03-10 16:20:22',NULL,'Regenboog in tegengestelde richting dan op de afbeelding'),
	(77,'2015-03-10 16:20:22','2015-03-10 16:20:22',NULL,'regenboog zoals op de afbeelding'),
	(78,'2015-03-17 12:11:19','2015-03-17 12:47:12','2015-03-17 12:47:12','juistheid'),
	(79,'2015-03-17 12:11:19','2015-03-17 12:47:12','2015-03-17 12:47:12','Burgerkost'),
	(80,'2015-03-17 12:11:19','2015-03-17 12:47:12','2015-03-17 12:47:12','Tornen'),
	(81,'2015-03-17 12:47:12','2015-03-17 12:47:12',NULL,'Burgerkost'),
	(82,'2015-03-17 12:47:12','2015-03-17 12:47:12',NULL,'Juistheid'),
	(83,'2015-03-17 12:47:12','2015-03-17 12:47:12',NULL,'Tornen'),
	(84,'2015-03-17 13:22:21','2015-03-17 13:22:21',NULL,'1'),
	(85,'2015-03-17 13:22:21','2015-03-17 13:22:21',NULL,'2'),
	(86,'2015-03-17 13:22:21','2015-03-17 13:22:21',NULL,'3'),
	(87,'2015-03-17 13:22:21','2015-03-17 13:22:21',NULL,'4'),
	(88,'2015-03-17 16:15:12','2015-03-17 16:15:12',NULL,'Fur Elise'),
	(89,'2015-03-17 16:15:12','2015-03-17 16:15:12',NULL,'Bohemian Rhapsody'),
	(90,'2015-03-17 16:15:12','2015-03-17 16:15:12',NULL,'Happy'),
	(91,'2015-03-17 16:15:54','2015-03-17 16:15:54',NULL,'violet'),
	(92,'2015-03-17 16:15:54','2015-03-17 16:15:54',NULL,'paars'),
	(93,'2015-03-17 16:15:54','2015-03-17 16:15:54',NULL,'blauw'),
	(94,'2015-03-17 16:15:54','2015-03-17 16:15:54',NULL,'groen'),
	(95,'2015-03-17 16:15:54','2015-03-17 16:15:54',NULL,'geel'),
	(96,'2015-03-17 16:15:54','2015-03-17 16:15:54',NULL,'rood'),
	(97,'2015-03-17 16:15:54','2015-03-17 16:15:54',NULL,'infrarood'),
	(98,'2015-03-17 16:15:54','2015-03-17 16:15:54',NULL,'oranje'),
	(99,'2015-03-17 16:16:00','2015-03-17 16:16:00',NULL,'1'),
	(100,'2015-03-17 16:16:00','2015-03-17 16:16:00',NULL,'2'),
	(101,'2015-03-17 16:16:00','2015-03-17 16:16:01',NULL,'3'),
	(102,'2015-03-17 16:16:01','2015-03-17 16:16:01',NULL,'4'),
	(103,'2015-03-17 16:16:01','2015-03-17 16:16:01',NULL,'5'),
	(104,'2015-03-17 16:16:01','2015-03-17 16:16:01',NULL,'6'),
	(105,'2015-03-19 13:37:15','2015-03-19 13:37:15',NULL,'1'),
	(106,'2015-03-19 13:37:15','2015-03-19 13:37:15',NULL,'2'),
	(107,'2015-03-19 13:37:15','2015-03-19 13:37:15',NULL,'3'),
	(108,'2015-03-19 13:37:15','2015-03-19 13:37:15',NULL,'4'),
	(109,'2015-03-19 13:37:15','2015-03-19 13:37:15',NULL,'5'),
	(110,'2015-03-19 13:37:16','2015-03-19 13:37:16',NULL,'6'),
	(111,'2015-03-19 13:37:16','2015-03-19 13:37:16',NULL,'7'),
	(112,'2015-03-19 13:37:16','2015-03-19 13:37:16',NULL,'8'),
	(113,'2015-03-19 13:37:16','2015-03-19 13:37:16',NULL,'9'),
	(114,'2015-03-25 21:23:07','2015-03-25 21:23:07',NULL,'10.000'),
	(115,'2015-03-25 21:23:07','2015-03-25 21:23:07',NULL,'5.000'),
	(116,'2015-03-25 21:23:07','2015-03-25 21:23:07',NULL,'12.000'),
	(117,'2015-03-25 21:23:07','2015-03-25 21:23:07',NULL,'2500'),
	(118,'2015-03-26 16:07:14','2015-03-26 16:07:14',NULL,'1'),
	(119,'2015-03-26 16:07:14','2015-03-26 16:07:14',NULL,'2'),
	(120,'2015-03-26 16:07:14','2015-03-26 16:07:14',NULL,'3'),
	(121,'2015-03-26 16:07:14','2015-03-26 16:07:14',NULL,'4'),
	(122,'2015-03-26 16:07:14','2015-03-26 16:07:14',NULL,'5'),
	(123,'2015-03-26 16:07:14','2015-03-26 16:07:14',NULL,'6'),
	(124,'2015-04-07 12:11:45','2015-04-07 12:11:45',NULL,'violet'),
	(125,'2015-04-07 12:11:45','2015-04-07 12:11:45',NULL,'paars'),
	(126,'2015-04-07 12:11:45','2015-04-07 12:11:45',NULL,'blauw'),
	(127,'2015-04-07 12:11:45','2015-04-07 12:11:45',NULL,'groen'),
	(128,'2015-04-07 12:11:45','2015-04-07 12:11:45',NULL,'geel'),
	(129,'2015-04-07 12:11:45','2015-04-07 12:11:45',NULL,'rood'),
	(130,'2015-04-07 12:11:45','2015-04-07 12:11:45',NULL,'infrarood'),
	(131,'2015-04-07 12:11:45','2015-04-07 12:11:45',NULL,'Regenboog in tegengestelde richting dan op de afbeelding'),
	(132,'2015-04-07 12:11:45','2015-04-07 12:11:45',NULL,'regenboog zoals op de afbeelding'),
	(133,'2015-05-09 10:05:22','2015-05-09 10:05:22',NULL,'Zon'),
	(134,'2015-05-09 10:05:22','2015-05-09 10:05:22',NULL,'Jupiter'),
	(135,'2015-05-09 10:05:22','2015-05-09 10:05:22',NULL,'Saturnus'),
	(136,'2015-05-09 10:05:22','2015-05-09 10:05:22',NULL,'Venus'),
	(137,'2015-05-09 10:05:22','2015-05-09 10:05:22',NULL,'Mercurius'),
	(138,'2015-05-09 10:07:24','2015-05-09 10:07:24',NULL,'boven'),
	(139,'2015-05-09 10:07:24','2015-05-09 10:07:24',NULL,'beneden'),
	(140,'2015-05-12 19:47:35','2015-05-12 19:47:35',NULL,'1'),
	(141,'2015-05-12 19:47:35','2015-05-12 19:47:35',NULL,'10'),
	(142,'2015-05-12 19:48:38','2015-05-12 19:48:38',NULL,'1'),
	(143,'2015-05-12 19:48:38','2015-05-12 19:48:38',NULL,'2'),
	(144,'2015-05-12 19:48:38','2015-05-12 19:48:38',NULL,'4'),
	(145,'2015-05-12 19:48:38','2015-05-12 19:48:38',NULL,'8'),
	(146,'2015-05-12 19:48:38','2015-05-12 19:48:38',NULL,'16'),
	(147,'2015-05-12 19:48:38','2015-05-12 19:48:38',NULL,'32'),
	(148,'2015-05-12 19:48:38','2015-05-12 19:48:38',NULL,'64'),
	(149,'2015-05-12 19:48:38','2015-05-12 19:48:38',NULL,'128'),
	(150,'2015-05-12 19:48:39','2015-05-12 19:48:39',NULL,'256'),
	(151,'2015-05-12 19:48:39','2015-05-12 19:48:39',NULL,'512'),
	(152,'2015-05-12 19:49:14','2015-05-12 19:49:14',NULL,'Hoog'),
	(153,'2015-05-12 19:49:14','2015-05-12 19:49:14',NULL,'Laag'),
	(154,'2015-05-18 13:36:12','2015-05-18 13:36:12',NULL,'1'),
	(155,'2015-05-18 13:36:12','2015-05-18 13:36:12',NULL,'3'),
	(156,'2015-05-18 13:36:12','2015-05-18 13:36:12',NULL,'5'),
	(157,'2015-05-18 13:36:12','2015-05-18 13:36:12',NULL,'7'),
	(158,'2015-05-18 13:36:12','2015-05-18 13:36:12',NULL,'9'),
	(159,'2015-05-19 14:56:06','2015-05-19 14:56:06',NULL,'a'),
	(160,'2015-05-19 14:56:06','2015-05-19 14:56:06',NULL,'b'),
	(161,'2015-05-19 14:56:06','2015-05-19 14:56:06',NULL,'c'),
	(162,'2015-05-23 19:23:12','2015-05-23 19:23:12',NULL,'Boven'),
	(163,'2015-05-23 19:23:12','2015-05-23 19:23:12',NULL,'Midden'),
	(164,'2015-05-23 19:23:12','2015-05-23 19:23:12',NULL,'Onder'),
	(165,'2015-06-01 20:53:07','2015-06-01 20:53:07',NULL,'10'),
	(166,'2015-06-01 20:53:07','2015-06-01 20:53:07',NULL,'7'),
	(167,'2015-06-01 20:53:07','2015-06-01 20:53:07',NULL,'5'),
	(168,'2015-06-03 15:37:12','2015-06-03 15:37:12',NULL,'Mercurius'),
	(169,'2015-06-03 15:37:12','2015-06-03 15:37:12',NULL,'Venus'),
	(170,'2015-06-03 15:37:12','2015-06-03 15:37:12',NULL,'Aarde'),
	(171,'2015-06-03 15:37:12','2015-06-03 15:37:12',NULL,'Mars'),
	(172,'2015-06-03 15:37:12','2015-06-03 15:37:12',NULL,'Jupiter'),
	(173,'2015-06-03 15:37:12','2015-06-03 15:37:12',NULL,'Saturnus'),
	(174,'2015-06-03 15:37:12','2015-06-03 15:37:12',NULL,'Uranus'),
	(175,'2015-06-03 15:37:12','2015-06-03 15:37:12',NULL,' Neptunus'),
	(176,'2015-06-03 15:54:55','2015-06-03 15:54:55',NULL,'Piet'),
	(177,'2015-06-03 15:54:55','2015-06-03 15:54:55',NULL,'Jan'),
	(178,'2015-06-03 15:54:55','2015-06-03 15:54:55',NULL,'Klaas'),
	(179,'2015-06-03 15:54:55','2015-06-03 15:54:55',NULL,'Johan'),
	(180,'2015-07-23 11:46:42','2015-07-23 11:46:42',NULL,'8'),
	(181,'2015-07-23 11:46:42','2015-07-23 11:46:42',NULL,'7,5'),
	(182,'2015-07-23 11:46:42','2015-07-23 11:46:42',NULL,'3'),
	(183,'2015-07-23 14:49:37','2015-07-23 14:51:05','2015-07-23 14:51:05','Kat'),
	(184,'2015-07-23 14:49:37','2015-07-23 14:51:05','2015-07-23 14:51:05','Hond'),
	(185,'2015-07-23 14:49:37','2015-07-23 14:51:05','2015-07-23 14:51:05','Zeehond'),
	(186,'2015-07-23 14:51:05','2015-07-23 14:51:05',NULL,'Kat'),
	(187,'2015-07-23 14:51:05','2015-07-23 14:51:05',NULL,'Hond'),
	(188,'2015-07-23 14:51:05','2015-07-23 14:51:05',NULL,'Zeehond'),
	(189,'2015-07-23 14:51:05','2015-07-23 14:51:05',NULL,'Giraf'),
	(190,'2015-07-23 14:51:05','2015-07-23 14:51:05',NULL,'Mug'),
	(191,'2015-07-23 14:51:05','2015-07-23 14:51:05',NULL,'Vlieg'),
	(192,'2015-07-23 14:51:05','2015-07-23 14:51:05',NULL,'Ferrari'),
	(193,'2015-07-23 14:51:05','2015-07-23 14:51:05',NULL,'Lamborghini'),
	(194,'2015-07-23 14:51:05','2015-07-23 14:51:05',NULL,'Ford'),
	(195,'2015-07-23 14:51:05','2015-07-23 14:51:05',NULL,'Jaguar'),
	(196,'2015-08-06 08:09:59','2015-08-06 08:09:59',NULL,'1'),
	(197,'2015-08-06 08:09:59','2015-08-06 08:09:59',NULL,'2'),
	(198,'2015-08-06 08:09:59','2015-08-06 08:09:59',NULL,'3'),
	(199,'2015-08-06 08:09:59','2015-08-06 08:09:59',NULL,'4'),
	(200,'2015-08-06 08:09:59','2015-08-06 08:09:59',NULL,'5'),
	(201,'2015-08-06 08:09:59','2015-08-06 08:09:59',NULL,'6'),
	(202,'2015-08-06 08:09:59','2015-08-06 08:09:59',NULL,'7'),
	(203,'2015-08-06 08:09:59','2015-08-06 08:09:59',NULL,'8'),
	(204,'2015-08-06 08:09:59','2015-08-06 08:09:59',NULL,'9'),
	(205,'2015-08-06 08:09:59','2015-08-06 08:09:59',NULL,'10'),
	(206,'2015-08-06 08:40:06','2015-08-06 08:40:06',NULL,'1'),
	(207,'2015-08-06 08:40:06','2015-08-06 08:40:06',NULL,'2'),
	(208,'2015-08-06 08:40:06','2015-08-06 08:40:06',NULL,'3'),
	(209,'2015-08-06 08:40:06','2015-08-06 08:40:06',NULL,'4'),
	(210,'2015-08-06 09:01:14','2015-08-06 09:01:14',NULL,'1'),
	(211,'2015-08-06 09:01:14','2015-08-06 09:01:14',NULL,'3'),
	(212,'2015-08-06 09:01:14','2015-08-06 09:01:14',NULL,'5'),
	(213,'2015-08-06 09:01:14','2015-08-06 09:01:14',NULL,'7'),
	(214,'2015-08-06 09:01:14','2015-08-06 09:01:14',NULL,'9'),
	(215,'2015-08-06 14:07:46','2015-08-06 14:07:46',NULL,'Croman'),
	(216,'2015-08-06 14:07:46','2015-08-06 14:07:46',NULL,'Neanderthaler'),
	(217,'2015-08-06 14:07:47','2015-08-06 14:07:47',NULL,'Homo Sapiens'),
	(218,'2015-08-19 13:54:50','2015-08-19 13:54:50',NULL,'A'),
	(219,'2015-08-19 13:54:50','2015-08-19 13:54:50',NULL,'B'),
	(220,'2015-08-19 13:54:50','2015-08-19 13:54:50',NULL,'C'),
	(221,'2015-08-28 06:43:33','2015-08-28 06:43:33',NULL,'1'),
	(222,'2015-08-28 06:43:33','2015-08-28 06:43:33',NULL,'2'),
	(223,'2015-08-28 06:43:33','2015-08-28 06:43:33',NULL,'3'),
	(224,'2015-08-28 06:43:33','2015-08-28 06:43:33',NULL,'4'),
	(225,'2015-08-28 06:43:33','2015-08-28 06:43:33',NULL,'5'),
	(226,'2015-09-16 11:18:53','2015-09-17 14:45:29','2015-09-17 14:45:29','strottenhoofd'),
	(227,'2015-09-16 11:18:53','2015-09-17 14:45:29','2015-09-17 14:45:29','keelholte'),
	(228,'2015-09-16 11:18:53','2015-09-17 14:45:29','2015-09-17 14:45:29','longblaasjes'),
	(229,'2015-09-16 11:18:53','2015-09-17 14:45:29','2015-09-17 14:45:29','bronchie'),
	(230,'2015-09-16 11:18:53','2015-09-17 14:45:29','2015-09-17 14:45:29','luchtpijptakje'),
	(231,'2015-09-16 11:18:53','2015-09-17 14:45:29','2015-09-17 14:45:29','neusholte'),
	(232,'2015-09-16 11:18:53','2015-09-17 14:45:29','2015-09-17 14:45:29','luchtpijp'),
	(233,'2015-09-17 14:45:29','2015-09-17 14:45:29',NULL,'neusholte'),
	(234,'2015-09-17 14:45:29','2015-09-17 14:45:29',NULL,'strottenhoofd'),
	(235,'2015-09-17 14:45:29','2015-09-17 14:45:29',NULL,'keelholte'),
	(236,'2015-09-17 14:45:29','2015-09-17 14:45:29',NULL,'luchtpijp'),
	(237,'2015-09-17 14:45:29','2015-09-17 14:45:29',NULL,'longblaasjes'),
	(238,'2015-09-17 14:45:29','2015-09-17 14:45:29',NULL,'bronchie'),
	(239,'2015-09-17 14:45:29','2015-09-17 14:45:29',NULL,'luchtpijptakje'),
	(240,'2015-09-17 14:51:14','2015-09-17 14:51:34','2015-09-17 14:51:34','neusholte'),
	(241,'2015-09-17 14:51:14','2015-09-17 14:51:34','2015-09-17 14:51:34','keelholte'),
	(242,'2015-09-17 14:51:14','2015-09-17 14:51:34','2015-09-17 14:51:34','strottenhoofd'),
	(243,'2015-09-17 14:51:14','2015-09-17 14:51:34','2015-09-17 14:51:34','luchtpijp'),
	(244,'2015-09-17 14:51:14','2015-09-17 14:51:34','2015-09-17 14:51:34','bronchie'),
	(245,'2015-09-17 14:51:14','2015-09-17 14:51:34','2015-09-17 14:51:34','luchtpijptakje'),
	(246,'2015-09-17 14:51:14','2015-09-17 14:51:34','2015-09-17 14:51:34','longblaasje'),
	(247,'2015-09-17 14:51:34','2015-09-17 14:51:46','2015-09-17 14:51:46','neusholte'),
	(248,'2015-09-17 14:51:34','2015-09-17 14:51:46','2015-09-17 14:51:46','keelholte'),
	(249,'2015-09-17 14:51:34','2015-09-17 14:51:46','2015-09-17 14:51:46','strottenhoofd'),
	(250,'2015-09-17 14:51:34','2015-09-17 14:51:46','2015-09-17 14:51:46','luchtpijp'),
	(251,'2015-09-17 14:51:34','2015-09-17 14:51:46','2015-09-17 14:51:46','bronchie'),
	(252,'2015-09-17 14:51:34','2015-09-17 14:51:46','2015-09-17 14:51:46','luchtpijptakje'),
	(253,'2015-09-17 14:51:35','2015-09-17 14:51:46','2015-09-17 14:51:46','longblaasje'),
	(254,'2015-09-17 14:51:46','2015-09-17 14:52:02','2015-09-17 14:52:02','neusholte'),
	(255,'2015-09-17 14:51:46','2015-09-17 14:52:02','2015-09-17 14:52:02','strottenhoofd'),
	(256,'2015-09-17 14:51:46','2015-09-17 14:52:02','2015-09-17 14:52:02','luchtpijp'),
	(257,'2015-09-17 14:51:46','2015-09-17 14:52:02','2015-09-17 14:52:02','bronchie'),
	(258,'2015-09-17 14:51:46','2015-09-17 14:52:02','2015-09-17 14:52:02','luchtpijptakje'),
	(259,'2015-09-17 14:51:46','2015-09-17 14:52:02','2015-09-17 14:52:02','longblaasje'),
	(260,'2015-09-17 14:51:46','2015-09-17 14:52:02','2015-09-17 14:52:02','keelholte'),
	(261,'2015-09-17 14:52:02','2015-09-17 14:52:13','2015-09-17 14:52:13','neusholte'),
	(262,'2015-09-17 14:52:02','2015-09-17 14:52:13','2015-09-17 14:52:13','keelholte'),
	(263,'2015-09-17 14:52:02','2015-09-17 14:52:13','2015-09-17 14:52:13','strottenhoofd'),
	(264,'2015-09-17 14:52:02','2015-09-17 14:52:13','2015-09-17 14:52:13','luchtpijp'),
	(265,'2015-09-17 14:52:02','2015-09-17 14:52:13','2015-09-17 14:52:13','bronchie'),
	(266,'2015-09-17 14:52:02','2015-09-17 14:52:13','2015-09-17 14:52:13','luchtpijptakje'),
	(267,'2015-09-17 14:52:02','2015-09-17 14:52:13','2015-09-17 14:52:13','longblaasje'),
	(268,'2015-09-17 14:52:13','2015-09-17 14:54:04','2015-09-17 14:54:04','neusholte'),
	(269,'2015-09-17 14:52:13','2015-09-17 14:54:04','2015-09-17 14:54:04','strottenhoofd'),
	(270,'2015-09-17 14:52:13','2015-09-17 14:54:04','2015-09-17 14:54:04','keelholte'),
	(271,'2015-09-17 14:52:13','2015-09-17 14:54:04','2015-09-17 14:54:04','luchtpijp'),
	(272,'2015-09-17 14:52:13','2015-09-17 14:54:04','2015-09-17 14:54:04','bronchie'),
	(273,'2015-09-17 14:52:13','2015-09-17 14:54:04','2015-09-17 14:54:04','luchtpijptakje'),
	(274,'2015-09-17 14:52:13','2015-09-17 14:54:04','2015-09-17 14:54:04','longblaasje'),
	(275,'2015-09-17 14:54:04','2015-09-17 14:54:04',NULL,'neusholte'),
	(276,'2015-09-17 14:54:04','2015-09-17 14:54:04',NULL,'keelholte'),
	(277,'2015-09-17 14:54:04','2015-09-17 14:54:04',NULL,'strottenhoofd'),
	(278,'2015-09-17 14:54:04','2015-09-17 14:54:04',NULL,'luchtpijp'),
	(279,'2015-09-17 14:54:04','2015-09-17 14:54:04',NULL,'bronchie'),
	(280,'2015-09-17 14:54:04','2015-09-17 14:54:04',NULL,'luchtpijptakje'),
	(281,'2015-09-17 14:54:04','2015-09-17 14:54:04',NULL,'longblaasje'),
	(282,'2015-09-17 17:11:19','2015-09-17 17:11:19',NULL,'neusholte'),
	(283,'2015-09-17 17:11:19','2015-09-17 17:11:19',NULL,'keelholte'),
	(284,'2015-09-17 17:11:19','2015-09-17 17:11:19',NULL,'strottenhoofd'),
	(285,'2015-09-17 17:11:19','2015-09-17 17:11:19',NULL,'luchtpijp'),
	(286,'2015-09-17 17:11:19','2015-09-17 17:11:19',NULL,'bronchie'),
	(287,'2015-09-17 17:11:19','2015-09-17 17:11:19',NULL,'luchtpijptakje'),
	(288,'2015-09-17 17:11:19','2015-09-17 17:11:19',NULL,'longblaasje'),
	(289,'2015-10-01 12:59:37','2015-10-01 12:59:37',NULL,'Cel'),
	(290,'2015-10-01 12:59:37','2015-10-01 12:59:37',NULL,'Celkern'),
	(291,'2015-10-01 12:59:37','2015-10-01 12:59:37',NULL,'Chromosoom'),
	(292,'2015-10-01 12:59:37','2015-10-01 12:59:37',NULL,'DNA'),
	(293,'2015-10-01 12:59:37','2015-10-01 12:59:37',NULL,'Gen'),
	(294,'2015-10-01 12:59:37','2015-10-01 12:59:37',NULL,'Basenpaar'),
	(295,'2015-11-03 21:18:47','2015-11-03 21:19:37','2015-11-03 21:19:37','Toets creëren in de itembank'),
	(296,'2015-11-03 21:18:47','2015-11-03 21:19:37','2015-11-03 21:19:37','Toets inplannen en afnemen'),
	(297,'2015-11-03 21:18:47','2015-11-03 21:19:37','2015-11-03 21:19:37','Toets bespreken'),
	(298,'2015-11-03 21:18:47','2015-11-03 21:19:37','2015-11-03 21:19:37','Toets nakijken'),
	(299,'2015-11-03 21:18:47','2015-11-03 21:19:37','2015-11-03 21:19:37','Toets & klas analyseren'),
	(300,'2015-11-03 21:19:37','2015-11-03 21:19:37',NULL,'Toets creëren in de itembank'),
	(301,'2015-11-03 21:19:37','2015-11-03 21:19:37',NULL,'Toets inplannen & afnemen'),
	(302,'2015-11-03 21:19:37','2015-11-03 21:19:37',NULL,'Toets bespreken'),
	(303,'2015-11-03 21:19:37','2015-11-03 21:19:37',NULL,'Toets nakijken'),
	(304,'2015-11-03 21:19:37','2015-11-03 21:19:37',NULL,'Toets & klas analyseren'),
	(305,'2015-11-26 17:53:59','2015-11-26 17:53:59',NULL,'Water koken'),
	(306,'2015-11-26 17:53:59','2015-11-26 17:53:59',NULL,'Chloor'),
	(307,'2015-11-26 17:53:59','2015-11-26 17:53:59',NULL,'Zeep op alcohol basis'),
	(308,'2015-12-09 11:21:43','2015-12-09 11:23:51','2015-12-09 11:23:51','Stuifmeelkorrels'),
	(309,'2015-12-09 11:21:43','2015-12-09 11:23:51','2015-12-09 11:23:51','Jaarringen van bomen'),
	(310,'2015-12-09 11:21:43','2015-12-09 11:23:51','2015-12-09 11:23:51','Weerkundige waarnemingen'),
	(311,'2015-12-09 11:21:43','2015-12-09 11:23:51','2015-12-09 11:23:51','Fossielen in oceaansedimenten'),
	(312,'2015-12-09 11:21:43','2015-12-09 11:23:51','2015-12-09 11:23:51','Samenstelling van de ijskappen van Antarctica en Groenland'),
	(313,'2015-12-09 11:23:51','2015-12-09 11:23:51',NULL,'Weerkundige waarnemingen'),
	(314,'2015-12-09 11:23:52','2015-12-09 11:23:52',NULL,'Stuifmeelkorrels'),
	(315,'2015-12-09 11:23:52','2015-12-09 11:23:52',NULL,'Samenstelling van de ijskappen van Antarctica en Groenland'),
	(316,'2015-12-09 11:23:52','2015-12-09 11:23:52',NULL,'Jaarringen van bomen'),
	(317,'2015-12-09 11:23:52','2015-12-09 11:23:52',NULL,'Fossielen in oceaansedimenten'),
	(318,'2016-01-20 13:46:15','2016-01-20 13:46:15',NULL,'1'),
	(319,'2016-01-20 13:46:15','2016-01-20 13:46:15',NULL,'2'),
	(320,'2016-01-20 13:46:15','2016-01-20 13:46:15',NULL,'3'),
	(321,'2016-02-26 13:35:55','2016-02-26 13:35:55',NULL,'q'),
	(322,'2016-02-26 13:35:55','2016-02-26 13:35:55',NULL,'w'),
	(323,'2016-02-26 13:35:55','2016-02-26 13:35:55',NULL,'e'),
	(324,'2016-02-26 13:35:55','2016-02-26 13:35:55',NULL,'r'),
	(325,'2016-02-26 13:35:55','2016-02-26 13:35:55',NULL,'t'),
	(326,'2016-04-01 08:06:45','2016-04-01 08:07:30','2016-04-01 08:07:30','making'),
	(327,'2016-04-01 08:06:45','2016-04-01 08:07:30','2016-04-01 08:07:30','listening'),
	(328,'2016-04-01 08:06:45','2016-04-01 08:07:30','2016-04-01 08:07:30','reading'),
	(329,'2016-04-01 08:06:45','2016-04-01 08:07:30','2016-04-01 08:07:30','using'),
	(330,'2016-04-01 08:07:30','2016-04-01 08:07:30',NULL,'making'),
	(331,'2016-04-01 08:07:30','2016-04-01 08:07:30',NULL,'listening'),
	(332,'2016-04-01 08:07:30','2016-04-01 08:07:30',NULL,'reading'),
	(333,'2016-04-01 08:07:30','2016-04-01 08:07:30',NULL,'living'),
	(334,'2016-04-01 08:07:30','2016-04-01 08:07:30',NULL,'using'),
	(335,'2016-05-18 22:38:27','2016-05-19 07:20:39','2016-05-19 07:20:39','DNA'),
	(336,'2016-05-18 22:38:27','2016-05-19 07:20:39','2016-05-19 07:20:39','gen'),
	(337,'2016-05-18 22:38:27','2016-05-19 07:20:39','2016-05-19 07:20:39','chromosoom'),
	(338,'2016-05-18 22:38:28','2016-05-19 07:20:39','2016-05-19 07:20:39','cel'),
	(339,'2016-05-19 07:20:39','2016-05-19 07:20:39',NULL,'DNA'),
	(340,'2016-05-19 07:20:39','2016-05-19 07:20:39',NULL,'gen'),
	(341,'2016-05-19 07:20:39','2016-05-19 07:20:39',NULL,'chromosoom'),
	(342,'2016-05-19 07:20:39','2016-05-19 07:20:39',NULL,'cel'),
	(343,'2016-05-22 21:24:51','2016-05-22 21:24:51',NULL,'Mercurius'),
	(344,'2016-05-22 21:24:51','2016-05-22 21:24:51',NULL,'Venus'),
	(345,'2016-05-22 21:24:51','2016-05-22 21:24:51',NULL,'Aarde'),
	(346,'2016-05-22 21:24:51','2016-05-22 21:24:51',NULL,'Mars'),
	(347,'2016-05-22 21:24:51','2016-05-22 21:24:51',NULL,'Ceres'),
	(348,'2016-05-22 21:24:51','2016-05-22 21:24:51',NULL,'Jupiter'),
	(349,'2016-05-22 21:24:51','2016-05-22 21:24:51',NULL,'Saturnus'),
	(350,'2016-05-22 21:24:51','2016-05-22 21:24:51',NULL,'Uranus'),
	(351,'2016-05-22 21:24:51','2016-05-22 21:24:51',NULL,'Neptunus'),
	(352,'2016-05-22 21:24:51','2016-05-22 21:24:51',NULL,'Pluto'),
	(353,'2016-05-23 08:36:03','2016-05-23 08:36:03',NULL,'een zintuig'),
	(354,'2016-05-23 08:36:03','2016-05-23 08:36:03',NULL,'gevoelszenuwcellen'),
	(355,'2016-05-23 08:36:04','2016-05-23 08:36:04',NULL,'schakelcellen'),
	(356,'2016-05-23 08:36:04','2016-05-23 08:36:04',NULL,'bewegingszenuwcellen'),
	(357,'2016-05-23 08:36:04','2016-05-23 08:36:04',NULL,'een spier'),
	(358,'2017-08-07 19:44:21','2017-08-07 19:44:21',NULL,'Eerste'),
	(359,'2017-08-07 19:44:21','2017-08-07 19:44:21',NULL,'Tweede'),
	(360,'2017-08-07 19:44:21','2017-08-07 19:44:21',NULL,'Derde'),
	(361,'2017-08-07 19:44:21','2017-08-07 19:44:21',NULL,'Vierde'),
	(362,'2017-09-29 13:01:52','2017-09-29 13:01:52',NULL,'1. Groen'),
	(363,'2017-09-29 13:01:52','2017-09-29 13:01:52',NULL,'2. Rood'),
	(364,'2017-09-29 13:01:52','2017-09-29 13:01:52',NULL,'3. Geel'),
	(365,'2017-09-29 13:01:52','2017-09-29 13:01:52',NULL,'4. Paars'),
	(366,'2017-09-29 13:01:52','2017-09-29 13:01:52',NULL,'5. Groen'),
	(367,'2017-10-13 13:24:04','2017-10-13 13:24:04',NULL,'Piet'),
	(368,'2017-10-13 13:24:04','2017-10-13 13:24:04',NULL,'Jan'),
	(369,'2017-10-13 13:24:04','2017-10-13 13:24:04',NULL,'Klaas'),
	(370,'2017-10-16 11:36:55','2017-10-16 11:36:55',NULL,'1'),
	(371,'2017-10-16 11:36:55','2017-10-16 11:36:55',NULL,'2'),
	(372,'2017-10-16 11:36:55','2017-10-16 11:36:55',NULL,'3'),
	(373,'2017-10-16 11:36:55','2017-10-16 11:36:55',NULL,'4'),
	(374,'2017-10-16 11:36:55','2017-10-16 11:36:55',NULL,'5'),
	(375,'2017-11-01 08:46:42','2017-11-01 08:46:42',NULL,'1'),
	(376,'2017-11-01 08:46:42','2017-11-01 08:46:42',NULL,'2'),
	(377,'2017-11-01 08:46:42','2017-11-01 08:46:42',NULL,'3'),
	(378,'2017-11-01 08:46:43','2017-11-01 08:46:43',NULL,'4'),
	(379,'2017-11-01 08:46:43','2017-11-01 08:46:43',NULL,'100'),
	(380,'2017-11-01 09:05:22','2017-11-01 09:05:22',NULL,'Mercury'),
	(381,'2017-11-01 09:05:22','2017-11-01 09:05:22',NULL,'Venus'),
	(382,'2017-11-01 09:05:22','2017-11-01 09:05:22',NULL,'Earth'),
	(383,'2017-11-01 09:05:22','2017-11-01 09:05:22',NULL,'Mars'),
	(384,'2017-11-01 09:05:22','2017-11-01 09:05:22',NULL,'Jupiter'),
	(385,'2017-11-01 09:05:22','2017-11-01 09:05:22',NULL,'Saturn'),
	(386,'2017-11-01 09:05:22','2017-11-01 09:05:22',NULL,'Uranus'),
	(387,'2017-11-01 09:05:22','2017-11-01 09:05:22',NULL,'Neptune'),
	(388,'2017-11-17 15:09:55','2017-11-17 15:09:55',NULL,'Alex'),
	(389,'2017-11-17 15:09:55','2017-11-17 15:09:55',NULL,'Computerscherm ultra breedbeeld'),
	(390,'2017-11-17 15:09:55','2017-11-17 15:09:55',NULL,'Telefoon'),
	(391,'2017-11-17 15:09:55','2017-11-17 15:09:55',NULL,'Laptop'),
	(392,'2017-11-17 15:09:55','2017-11-17 15:09:55',NULL,'Carlo'),
	(393,'2017-11-30 16:40:52','2017-11-30 16:41:25','2017-11-30 16:41:25','1'),
	(394,'2017-11-30 16:40:52','2017-11-30 16:41:25','2017-11-30 16:41:25','2'),
	(395,'2017-11-30 16:40:53','2017-11-30 16:41:25','2017-11-30 16:41:25','3'),
	(396,'2017-11-30 16:41:25','2017-11-30 16:41:25',NULL,'1'),
	(397,'2017-11-30 16:41:25','2017-11-30 16:41:25',NULL,'2'),
	(398,'2017-11-30 16:41:25','2017-11-30 16:41:25',NULL,'3'),
	(399,'2017-11-30 16:41:25','2017-11-30 16:41:25',NULL,'4'),
	(400,'2018-01-02 14:13:10','2018-01-02 14:13:10',NULL,'1'),
	(401,'2018-01-02 14:13:10','2018-01-02 14:13:10',NULL,'2'),
	(402,'2018-01-02 14:13:10','2018-01-02 14:13:10',NULL,'3'),
	(403,'2018-01-02 14:16:04','2018-01-02 14:16:04',NULL,'1'),
	(404,'2018-01-02 14:16:04','2018-01-02 14:16:04',NULL,'2'),
	(405,'2018-01-02 14:16:04','2018-01-02 14:16:04',NULL,'3'),
	(406,'2018-01-02 14:16:04','2018-01-02 14:16:04',NULL,'4'),
	(407,'2018-01-02 16:37:37','2018-01-02 16:37:37',NULL,'1'),
	(408,'2018-01-02 16:37:37','2018-01-02 16:37:37',NULL,'2'),
	(409,'2018-01-02 16:37:37','2018-01-02 16:37:37',NULL,'3'),
	(410,'2018-01-02 16:37:38','2018-01-02 16:37:38',NULL,'4'),
	(411,'2018-01-02 16:49:59','2018-01-02 16:49:59',NULL,'1'),
	(412,'2018-01-02 16:49:59','2018-01-02 16:49:59',NULL,'2'),
	(413,'2018-01-02 16:49:59','2018-01-02 16:49:59',NULL,'3'),
	(414,'2018-01-02 16:49:59','2018-01-02 16:49:59',NULL,'4'),
	(415,'2018-01-02 16:49:59','2018-01-02 16:49:59',NULL,'5'),
	(416,'2018-01-03 14:07:39','2018-01-03 14:07:39',NULL,'2'),
	(417,'2018-01-03 14:07:39','2018-01-03 14:07:39',NULL,'4'),
	(418,'2018-01-03 14:07:39','2018-01-03 14:07:39',NULL,'8'),
	(419,'2018-01-03 14:07:39','2018-01-03 14:07:39',NULL,'16'),
	(420,'2018-01-03 14:07:39','2018-01-03 14:07:39',NULL,'32'),
	(421,'2018-01-03 16:54:01','2018-01-03 16:54:01',NULL,'5 !: Aanpassing op origineel item #​2451234​'),
	(422,'2018-01-03 16:54:01','2018-01-03 16:54:01',NULL,'4'),
	(423,'2018-01-03 16:54:01','2018-01-03 16:54:01',NULL,'8'),
	(424,'2018-01-03 16:54:01','2018-01-03 16:54:01',NULL,'16'),
	(425,'2018-01-03 16:54:02','2018-01-03 16:54:02',NULL,'32'),
	(426,'2018-01-03 16:55:38','2018-01-03 16:55:38',NULL,'4'),
	(427,'2018-01-03 16:55:38','2018-01-03 16:55:38',NULL,'5 !: Aanpassing op origineel item #​2454​'),
	(428,'2018-01-03 16:55:39','2018-01-03 16:55:39',NULL,'8'),
	(429,'2018-01-03 16:55:39','2018-01-03 16:55:39',NULL,'16'),
	(430,'2018-01-03 16:55:39','2018-01-03 16:55:39',NULL,'32'),
	(431,'2018-01-03 17:07:25','2018-01-03 17:07:25',NULL,'2'),
	(432,'2018-01-03 17:07:25','2018-01-03 17:07:25',NULL,'4 !: Aanpassing op origineel item binnen de originele toets #​24523​'),
	(433,'2018-01-03 17:07:25','2018-01-03 17:07:25',NULL,'8'),
	(434,'2018-01-03 17:07:25','2018-01-03 17:07:25',NULL,'16'),
	(435,'2018-01-03 17:07:25','2018-01-03 17:07:25',NULL,'32');

/*!40000 ALTER TABLE `ranking_question_answers_5_1_2018` ENABLE KEYS */;
UNLOCK TABLES;


# Dump of table ranking_questions
# ------------------------------------------------------------

DROP TABLE IF EXISTS `ranking_questions`;

CREATE TABLE `ranking_questions` (
  `id` int(10) unsigned NOT NULL,
  `created_at` timestamp NOT NULL DEFAULT '0000-00-00 00:00:00',
  `updated_at` timestamp NOT NULL DEFAULT '0000-00-00 00:00:00',
  `deleted_at` timestamp NULL DEFAULT NULL,
  `random_order` tinyint(1) DEFAULT NULL,
  PRIMARY KEY (`id`),
  KEY `fk_ranking_questions_questions1_idx` (`id`),
  CONSTRAINT `fk_ranking_questions_questions1` FOREIGN KEY (`id`) REFERENCES `questions` (`id`) ON DELETE CASCADE ON UPDATE CASCADE
) ENGINE=InnoDB DEFAULT CHARSET=utf8 COLLATE=utf8_unicode_ci;

TRUNCATE TABLE `answers`;

LOCK TABLES `ranking_questions` WRITE;
/*!40000 ALTER TABLE `ranking_questions` DISABLE KEYS */;

INSERT INTO `ranking_questions` (`id`, `created_at`, `updated_at`, `deleted_at`, `random_order`)
VALUES
	(18,'2019-02-25 11:27:38','2019-02-25 11:27:38',NULL,NULL);

/*!40000 ALTER TABLE `ranking_questions` ENABLE KEYS */;
UNLOCK TABLES;


# Dump of table ratings
# ------------------------------------------------------------

DROP TABLE IF EXISTS `ratings`;

CREATE TABLE `ratings` (
  `id` int(10) unsigned NOT NULL AUTO_INCREMENT,
  `created_at` timestamp NOT NULL DEFAULT '0000-00-00 00:00:00',
  `updated_at` timestamp NOT NULL DEFAULT '0000-00-00 00:00:00',
  `deleted_at` timestamp NULL DEFAULT NULL,
  `rating` decimal(8,4) unsigned NOT NULL,
  `score` decimal(11,1) unsigned NOT NULL,
  `max_score` decimal(11,1) unsigned NOT NULL,
  `weight` int(10) unsigned NOT NULL,
  `test_participant_id` int(10) unsigned NOT NULL,
  `user_id` int(10) unsigned NOT NULL,
  `period_id` int(10) unsigned NOT NULL,
  `school_class_id` int(10) unsigned NOT NULL,
  `education_level_id` int(10) unsigned NOT NULL,
  `education_level_year` int(10) unsigned NOT NULL,
  `subject_id` int(10) unsigned NOT NULL,
  PRIMARY KEY (`id`),
  KEY `fk_ratings_test_participants1_idx` (`test_participant_id`),
  KEY `fk_ratings_users1_idx` (`user_id`),
  KEY `fk_ratings_periods1_idx` (`period_id`),
  KEY `fk_ratings_school_classes1_idx` (`school_class_id`),
  KEY `fk_ratings_education_levels1_idx` (`education_level_id`),
  KEY `fk_ratings_subjects1_idx` (`subject_id`),
  CONSTRAINT `fk_ratings_education_levels1` FOREIGN KEY (`education_level_id`) REFERENCES `education_levels` (`id`) ON DELETE CASCADE ON UPDATE CASCADE,
  CONSTRAINT `fk_ratings_periods1` FOREIGN KEY (`period_id`) REFERENCES `periods` (`id`) ON DELETE CASCADE ON UPDATE CASCADE,
  CONSTRAINT `fk_ratings_school_classes1` FOREIGN KEY (`school_class_id`) REFERENCES `school_classes` (`id`) ON DELETE CASCADE ON UPDATE CASCADE,
  CONSTRAINT `fk_ratings_subjects1` FOREIGN KEY (`subject_id`) REFERENCES `subjects` (`id`) ON DELETE CASCADE ON UPDATE CASCADE,
  CONSTRAINT `fk_ratings_test_participants1` FOREIGN KEY (`test_participant_id`) REFERENCES `test_participants` (`id`) ON DELETE CASCADE ON UPDATE CASCADE,
  CONSTRAINT `fk_ratings_users1` FOREIGN KEY (`user_id`) REFERENCES `users` (`id`) ON DELETE CASCADE ON UPDATE CASCADE
) ENGINE=InnoDB DEFAULT CHARSET=utf8 COLLATE=utf8_unicode_ci;

TRUNCATE TABLE `answers`;

# Dump of table roles
# ------------------------------------------------------------

DROP TABLE IF EXISTS `roles`;

CREATE TABLE `roles` (
  `id` int(10) unsigned NOT NULL AUTO_INCREMENT,
  `created_at` timestamp NOT NULL DEFAULT '0000-00-00 00:00:00',
  `updated_at` timestamp NOT NULL DEFAULT '0000-00-00 00:00:00',
  `deleted_at` timestamp NULL DEFAULT NULL,
  `name` varchar(45) COLLATE utf8_unicode_ci NOT NULL,
  PRIMARY KEY (`id`)
) ENGINE=InnoDB DEFAULT CHARSET=utf8 COLLATE=utf8_unicode_ci;

TRUNCATE TABLE `answers`;

LOCK TABLES `roles` WRITE;
/*!40000 ALTER TABLE `roles` DISABLE KEYS */;

INSERT INTO `roles` (`id`, `created_at`, `updated_at`, `deleted_at`, `name`)
VALUES
	(1,'2015-06-01 22:22:41','2015-06-01 22:22:57',NULL,'Teacher'),
	(2,'2015-06-01 22:23:02','2015-06-01 22:22:58',NULL,'Invigilator'),
	(3,'2015-06-01 22:23:01','2015-06-01 22:23:01',NULL,'Student'),
	(4,'2015-07-23 14:31:29','2015-07-23 14:31:29',NULL,'Administrator'),
	(5,'2015-07-23 14:31:31','2015-07-23 14:31:31',NULL,'Account manager'),
	(6,'2015-07-23 14:31:34','2015-07-23 14:31:34',NULL,'School manager'),
	(7,'2015-07-23 14:31:36','2015-07-23 14:31:36',NULL,'School management'),
	(8,'2015-07-23 14:31:37','2015-07-23 14:31:37',NULL,'Mentor'),
	(9,'2015-08-27 14:40:47','2015-08-27 14:40:47',NULL,'Parent');

/*!40000 ALTER TABLE `roles` ENABLE KEYS */;
UNLOCK TABLES;


# Dump of table sales_organizations
# ------------------------------------------------------------

DROP TABLE IF EXISTS `sales_organizations`;

CREATE TABLE `sales_organizations` (
  `id` int(10) unsigned NOT NULL AUTO_INCREMENT,
  `created_at` timestamp NOT NULL DEFAULT '0000-00-00 00:00:00',
  `updated_at` timestamp NOT NULL DEFAULT '0000-00-00 00:00:00',
  `deleted_at` timestamp NULL DEFAULT NULL,
  `name` varchar(45) COLLATE utf8_unicode_ci NOT NULL,
  PRIMARY KEY (`id`)
) ENGINE=InnoDB DEFAULT CHARSET=utf8 COLLATE=utf8_unicode_ci;

TRUNCATE TABLE `answers`;

LOCK TABLES `sales_organizations` WRITE;
/*!40000 ALTER TABLE `sales_organizations` DISABLE KEYS */;

INSERT INTO `sales_organizations` (`id`, `created_at`, `updated_at`, `deleted_at`, `name`)
VALUES
	(1,'2015-09-15 15:06:33','2015-09-15 15:06:33',NULL,'The Teach & Learn Company');

/*!40000 ALTER TABLE `sales_organizations` ENABLE KEYS */;
UNLOCK TABLES;


# Dump of table school_addresses
# ------------------------------------------------------------

DROP TABLE IF EXISTS `school_addresses`;

CREATE TABLE `school_addresses` (
  `address_id` int(10) unsigned NOT NULL,
  `school_id` int(10) unsigned NOT NULL,
  `type` enum('MAIN','INVOICE','OTHER') COLLATE utf8_unicode_ci NOT NULL,
  `created_at` timestamp NOT NULL DEFAULT '0000-00-00 00:00:00',
  `updated_at` timestamp NOT NULL DEFAULT '0000-00-00 00:00:00',
  `deleted_at` timestamp NULL DEFAULT NULL,
  PRIMARY KEY (`address_id`,`school_id`,`type`),
  KEY `fk_school_addresses_addresses1_idx` (`address_id`),
  KEY `fk_school_addresses_schools1_idx` (`school_id`),
  CONSTRAINT `fk_school_addresses_addresses1` FOREIGN KEY (`address_id`) REFERENCES `addresses` (`id`) ON DELETE CASCADE ON UPDATE CASCADE,
  CONSTRAINT `fk_school_addresses_schools1` FOREIGN KEY (`school_id`) REFERENCES `schools` (`id`) ON DELETE CASCADE ON UPDATE CASCADE
) ENGINE=InnoDB DEFAULT CHARSET=utf8 COLLATE=utf8_unicode_ci;

TRUNCATE TABLE `answers`;

# Dump of table school_classes
# ------------------------------------------------------------

DROP TABLE IF EXISTS `school_classes`;

CREATE TABLE `school_classes` (
  `id` int(10) unsigned NOT NULL AUTO_INCREMENT,
  `created_at` timestamp NOT NULL DEFAULT '0000-00-00 00:00:00',
  `updated_at` timestamp NOT NULL DEFAULT '0000-00-00 00:00:00',
  `deleted_at` timestamp NULL DEFAULT NULL,
  `school_location_id` int(10) unsigned NOT NULL,
  `education_level_id` int(10) unsigned NOT NULL,
  `school_year_id` int(10) unsigned NOT NULL,
  `name` varchar(45) COLLATE utf8_unicode_ci NOT NULL,
  `education_level_year` int(10) unsigned DEFAULT NULL,
  `is_main_school_class` tinyint(1) DEFAULT NULL,
  `do_not_overwrite_from_interface` tinyint(1) DEFAULT '1',
  PRIMARY KEY (`id`),
  KEY `fk_classes_school_locations1_idx` (`school_location_id`),
  KEY `fk_classes_education_levels1_idx` (`education_level_id`),
  KEY `fk_classes_school_years1_idx` (`school_year_id`),
  CONSTRAINT `fk_classes_education_levels1` FOREIGN KEY (`education_level_id`) REFERENCES `education_levels` (`id`) ON DELETE CASCADE ON UPDATE CASCADE,
  CONSTRAINT `fk_classes_school_locations1` FOREIGN KEY (`school_location_id`) REFERENCES `school_locations` (`id`) ON DELETE CASCADE ON UPDATE CASCADE,
  CONSTRAINT `fk_classes_school_years1` FOREIGN KEY (`school_year_id`) REFERENCES `school_years` (`id`) ON DELETE CASCADE ON UPDATE CASCADE
) ENGINE=InnoDB DEFAULT CHARSET=utf8 COLLATE=utf8_unicode_ci;

TRUNCATE TABLE `answers`;

LOCK TABLES `school_classes` WRITE;
/*!40000 ALTER TABLE `school_classes` DISABLE KEYS */;

INSERT INTO `school_classes` (`id`, `created_at`, `updated_at`, `deleted_at`, `school_location_id`, `education_level_id`, `school_year_id`, `name`, `education_level_year`, `is_main_school_class`, `do_not_overwrite_from_interface`)
VALUES
	(1,'2018-12-21 16:01:36','2018-12-21 16:01:36',NULL,1,1,1,'Klas1',1,1,1),
	(2,'2019-02-25 14:40:56','2019-02-25 14:40:56',NULL,2,1,2,'Klas1',1,1,0),
	(3,'2019-07-26 11:27:17','2019-07-26 11:27:17',NULL,3,1,3,'Biologie',1,0,1);

/*!40000 ALTER TABLE `school_classes` ENABLE KEYS */;
UNLOCK TABLES;


# Dump of table school_contacts
# ------------------------------------------------------------

DROP TABLE IF EXISTS `school_contacts`;

CREATE TABLE `school_contacts` (
  `school_id` int(10) unsigned NOT NULL,
  `contact_id` int(10) unsigned NOT NULL,
  `type` enum('FINANCE','TECHNICAL','IMPLEMENTATION','OTHER') COLLATE utf8_unicode_ci NOT NULL,
  `created_at` timestamp NOT NULL DEFAULT '0000-00-00 00:00:00',
  `updated_at` timestamp NOT NULL DEFAULT '0000-00-00 00:00:00',
  `deleted_at` timestamp NULL DEFAULT NULL,
  PRIMARY KEY (`school_id`,`contact_id`,`type`),
  KEY `fk_school_contacts_schools1_idx` (`school_id`),
  KEY `fk_school_contacts_contacts1_idx` (`contact_id`),
  CONSTRAINT `fk_school_contacts_contacts1` FOREIGN KEY (`contact_id`) REFERENCES `contacts` (`id`) ON DELETE CASCADE ON UPDATE CASCADE,
  CONSTRAINT `fk_school_contacts_schools1` FOREIGN KEY (`school_id`) REFERENCES `schools` (`id`) ON DELETE CASCADE ON UPDATE CASCADE
) ENGINE=InnoDB DEFAULT CHARSET=utf8 COLLATE=utf8_unicode_ci;

TRUNCATE TABLE `answers`;

# Dump of table school_location_addresses
# ------------------------------------------------------------

DROP TABLE IF EXISTS `school_location_addresses`;

CREATE TABLE `school_location_addresses` (
  `address_id` int(10) unsigned NOT NULL,
  `school_location_id` int(10) unsigned NOT NULL,
  `type` enum('MAIN','INVOICE','VISIT','OTHER') COLLATE utf8_unicode_ci NOT NULL,
  `created_at` timestamp NOT NULL DEFAULT '0000-00-00 00:00:00',
  `updated_at` timestamp NOT NULL DEFAULT '0000-00-00 00:00:00',
  `deleted_at` timestamp NULL DEFAULT NULL,
  PRIMARY KEY (`address_id`,`school_location_id`,`type`),
  KEY `fk_school_location_addresses_addresses1_idx` (`address_id`),
  KEY `fk_school_location_addresses_school_locations1_idx` (`school_location_id`),
  CONSTRAINT `fk_school_location_addresses_addresses1` FOREIGN KEY (`address_id`) REFERENCES `addresses` (`id`) ON DELETE CASCADE ON UPDATE CASCADE,
  CONSTRAINT `fk_school_location_addresses_school_locations1` FOREIGN KEY (`school_location_id`) REFERENCES `school_locations` (`id`) ON DELETE CASCADE ON UPDATE CASCADE
) ENGINE=InnoDB DEFAULT CHARSET=utf8 COLLATE=utf8_unicode_ci;

TRUNCATE TABLE `answers`;

# Dump of table school_location_contacts
# ------------------------------------------------------------

DROP TABLE IF EXISTS `school_location_contacts`;

CREATE TABLE `school_location_contacts` (
  `school_location_id` int(10) unsigned NOT NULL,
  `contact_id` int(10) unsigned NOT NULL,
  `type` enum('FINANCE','TECHNICAL','IMPLEMENTATION','OTHER') COLLATE utf8_unicode_ci NOT NULL,
  `created_at` timestamp NOT NULL DEFAULT '0000-00-00 00:00:00',
  `updated_at` timestamp NOT NULL DEFAULT '0000-00-00 00:00:00',
  `deleted_at` timestamp NULL DEFAULT NULL,
  PRIMARY KEY (`school_location_id`,`contact_id`,`type`),
  KEY `fk_school_location_contacts_school_locations1_idx` (`school_location_id`),
  KEY `fk_school_location_contacts_contacts1_idx` (`contact_id`),
  CONSTRAINT `fk_school_location_contacts_contacts1` FOREIGN KEY (`contact_id`) REFERENCES `contacts` (`id`) ON DELETE CASCADE ON UPDATE CASCADE,
  CONSTRAINT `fk_school_location_contacts_school_locations1` FOREIGN KEY (`school_location_id`) REFERENCES `school_locations` (`id`) ON DELETE CASCADE ON UPDATE CASCADE
) ENGINE=InnoDB DEFAULT CHARSET=utf8 COLLATE=utf8_unicode_ci;

TRUNCATE TABLE `answers`;

# Dump of table school_location_education_levels
# ------------------------------------------------------------

DROP TABLE IF EXISTS `school_location_education_levels`;

CREATE TABLE `school_location_education_levels` (
  `school_location_id` int(10) unsigned NOT NULL,
  `education_level_id` int(10) unsigned NOT NULL,
  `created_at` timestamp NOT NULL DEFAULT '0000-00-00 00:00:00',
  `updated_at` timestamp NOT NULL DEFAULT '0000-00-00 00:00:00',
  `deleted_at` timestamp NULL DEFAULT NULL,
  PRIMARY KEY (`school_location_id`,`education_level_id`),
  KEY `fk_school_location_education_levels_school_locations1_idx` (`school_location_id`),
  KEY `fk_school_location_education_levels_education_levels1_idx` (`education_level_id`),
  CONSTRAINT `fk_school_location_education_levels_education_levels1` FOREIGN KEY (`education_level_id`) REFERENCES `education_levels` (`id`) ON DELETE CASCADE ON UPDATE CASCADE,
  CONSTRAINT `fk_school_location_education_levels_school_locations1` FOREIGN KEY (`school_location_id`) REFERENCES `school_locations` (`id`) ON DELETE CASCADE ON UPDATE CASCADE
) ENGINE=InnoDB DEFAULT CHARSET=utf8 COLLATE=utf8_unicode_ci;

TRUNCATE TABLE `answers`;

LOCK TABLES `school_location_education_levels` WRITE;
/*!40000 ALTER TABLE `school_location_education_levels` DISABLE KEYS */;

INSERT INTO `school_location_education_levels` (`school_location_id`, `education_level_id`, `created_at`, `updated_at`, `deleted_at`)
VALUES
	(1,1,'2018-12-21 15:51:39','2018-12-21 15:51:39',NULL),
	(1,3,'2018-12-21 15:51:39','2018-12-21 15:51:39',NULL),
	(1,4,'2018-12-21 15:51:39','2018-12-21 15:51:39',NULL),
	(1,12,'2018-12-21 15:51:39','2018-12-21 15:51:39',NULL),
	(2,1,'2019-02-25 14:36:39','2019-02-25 14:36:39',NULL),
	(2,2,'2019-02-25 14:36:39','2019-02-25 14:36:39',NULL),
	(2,3,'2019-02-25 14:36:39','2019-02-25 14:36:39',NULL),
	(2,4,'2019-02-25 14:36:39','2019-02-25 14:36:39',NULL),
	(2,12,'2019-02-25 14:36:39','2019-02-25 14:36:39',NULL),
	(3,1,'2019-07-26 10:06:22','2019-07-26 10:06:22',NULL);

/*!40000 ALTER TABLE `school_location_education_levels` ENABLE KEYS */;
UNLOCK TABLES;


# Dump of table school_location_ips
# ------------------------------------------------------------

DROP TABLE IF EXISTS `school_location_ips`;

CREATE TABLE `school_location_ips` (
  `id` int(10) unsigned NOT NULL AUTO_INCREMENT,
  `created_at` timestamp NOT NULL DEFAULT '0000-00-00 00:00:00',
  `updated_at` timestamp NOT NULL DEFAULT '0000-00-00 00:00:00',
  `deleted_at` timestamp NULL DEFAULT NULL,
  `school_location_id` int(10) unsigned NOT NULL,
  `ip` varbinary(16) NOT NULL,
  `netmask` int(3) unsigned NOT NULL,
  PRIMARY KEY (`id`),
  KEY `fk_school_location_ips_school_locations1_idx` (`school_location_id`),
  CONSTRAINT `fk_school_location_ips_school_locations1` FOREIGN KEY (`school_location_id`) REFERENCES `school_locations` (`id`) ON DELETE CASCADE ON UPDATE CASCADE
) ENGINE=InnoDB DEFAULT CHARSET=utf8 COLLATE=utf8_unicode_ci;

TRUNCATE TABLE `answers`;

# Dump of table school_location_school_years
# ------------------------------------------------------------

DROP TABLE IF EXISTS `school_location_school_years`;

CREATE TABLE `school_location_school_years` (
  `school_location_id` int(10) unsigned NOT NULL,
  `school_year_id` int(10) unsigned NOT NULL,
  `created_at` timestamp NOT NULL DEFAULT '0000-00-00 00:00:00',
  `updated_at` timestamp NOT NULL DEFAULT '0000-00-00 00:00:00',
  `deleted_at` timestamp NULL DEFAULT NULL,
  PRIMARY KEY (`school_location_id`,`school_year_id`),
  KEY `fk_school_location_school_years_school_locations1_idx` (`school_location_id`),
  KEY `fk_school_location_school_years_school_years1_idx` (`school_year_id`),
  CONSTRAINT `fk_school_location_school_years_school_locations1` FOREIGN KEY (`school_location_id`) REFERENCES `school_locations` (`id`) ON DELETE CASCADE ON UPDATE CASCADE,
  CONSTRAINT `fk_school_location_school_years_sections1` FOREIGN KEY (`school_year_id`) REFERENCES `school_years` (`id`) ON DELETE CASCADE ON UPDATE CASCADE
) ENGINE=InnoDB DEFAULT CHARSET=utf8 COLLATE=utf8_unicode_ci;

TRUNCATE TABLE `answers`;

LOCK TABLES `school_location_school_years` WRITE;
/*!40000 ALTER TABLE `school_location_school_years` DISABLE KEYS */;

INSERT INTO `school_location_school_years` (`school_location_id`, `school_year_id`, `created_at`, `updated_at`, `deleted_at`)
VALUES
	(1,1,'2018-12-21 16:00:41','2018-12-21 16:00:41',NULL),
	(2,2,'2019-02-25 14:38:47','2019-02-25 14:38:47',NULL),
	(3,3,'2019-07-26 11:13:50','2019-07-26 11:13:50',NULL);

/*!40000 ALTER TABLE `school_location_school_years` ENABLE KEYS */;
UNLOCK TABLES;


# Dump of table school_location_sections
# ------------------------------------------------------------

DROP TABLE IF EXISTS `school_location_sections`;

CREATE TABLE `school_location_sections` (
  `school_location_id` int(10) unsigned NOT NULL,
  `section_id` int(10) unsigned NOT NULL,
  `created_at` timestamp NOT NULL DEFAULT '0000-00-00 00:00:00',
  `updated_at` timestamp NOT NULL DEFAULT '0000-00-00 00:00:00',
  `deleted_at` timestamp NULL DEFAULT NULL,
  PRIMARY KEY (`school_location_id`,`section_id`),
  KEY `fk_school_location_sections_school_locations1_idx` (`school_location_id`),
  KEY `fk_school_location_sections_sections1_idx` (`section_id`),
  CONSTRAINT `fk_school_location_sections_school_locations1` FOREIGN KEY (`school_location_id`) REFERENCES `school_locations` (`id`) ON DELETE CASCADE ON UPDATE CASCADE,
  CONSTRAINT `fk_school_location_sections_sections1` FOREIGN KEY (`section_id`) REFERENCES `sections` (`id`) ON DELETE CASCADE ON UPDATE CASCADE
) ENGINE=InnoDB DEFAULT CHARSET=utf8 COLLATE=utf8_unicode_ci;

TRUNCATE TABLE `answers`;

LOCK TABLES `school_location_sections` WRITE;
/*!40000 ALTER TABLE `school_location_sections` DISABLE KEYS */;

INSERT INTO `school_location_sections` (`school_location_id`, `section_id`, `created_at`, `updated_at`, `deleted_at`)
VALUES
	(1,1,'2018-12-21 16:01:08','2018-12-21 16:01:08',NULL),
	(2,2,'2019-02-25 14:40:09','2019-02-25 14:40:09',NULL),
	(3,3,'2019-07-26 11:31:16','2019-07-26 11:31:16',NULL);

/*!40000 ALTER TABLE `school_location_sections` ENABLE KEYS */;
UNLOCK TABLES;


# Dump of table school_locations
# ------------------------------------------------------------

DROP TABLE IF EXISTS `school_locations`;

CREATE TABLE `school_locations` (
  `id` int(10) unsigned NOT NULL AUTO_INCREMENT,
  `created_at` timestamp NOT NULL DEFAULT '0000-00-00 00:00:00',
  `updated_at` timestamp NOT NULL DEFAULT '0000-00-00 00:00:00',
  `deleted_at` timestamp NULL DEFAULT NULL,
  `user_id` int(10) unsigned NOT NULL,
  `number_of_teachers` int(10) unsigned NOT NULL,
  `number_of_students` int(10) unsigned NOT NULL,
  `school_id` int(10) unsigned DEFAULT NULL,
  `grading_scale_id` int(10) unsigned NOT NULL,
  `customer_code` varchar(60) COLLATE utf8_unicode_ci DEFAULT NULL,
  `name` varchar(45) COLLATE utf8_unicode_ci NOT NULL,
  `main_address` varchar(60) COLLATE utf8_unicode_ci NOT NULL,
  `main_postal` varchar(7) COLLATE utf8_unicode_ci NOT NULL,
  `main_city` varchar(60) COLLATE utf8_unicode_ci NOT NULL,
  `main_country` varchar(60) COLLATE utf8_unicode_ci NOT NULL,
  `invoice_address` varchar(60) COLLATE utf8_unicode_ci NOT NULL,
  `invoice_postal` varchar(7) COLLATE utf8_unicode_ci NOT NULL,
  `invoice_city` varchar(60) COLLATE utf8_unicode_ci NOT NULL,
  `invoice_country` varchar(60) COLLATE utf8_unicode_ci NOT NULL,
  `visit_address` varchar(60) COLLATE utf8_unicode_ci NOT NULL,
  `visit_postal` varchar(7) COLLATE utf8_unicode_ci NOT NULL,
  `visit_city` varchar(60) COLLATE utf8_unicode_ci NOT NULL,
  `visit_country` varchar(60) COLLATE utf8_unicode_ci NOT NULL,
  `count_active_licenses` int(10) unsigned NOT NULL DEFAULT '0',
  `count_active_teachers` int(10) unsigned NOT NULL DEFAULT '0',
  `count_expired_licenses` int(10) unsigned NOT NULL DEFAULT '0',
  `count_licenses` int(10) unsigned NOT NULL DEFAULT '0',
  `count_questions` int(10) unsigned NOT NULL DEFAULT '0',
  `count_students` int(10) unsigned NOT NULL DEFAULT '0',
  `count_teachers` int(10) unsigned NOT NULL DEFAULT '0',
  `count_tests` int(10) unsigned NOT NULL DEFAULT '0',
  `count_tests_taken` int(10) unsigned NOT NULL DEFAULT '0',
  `activated` tinyint(1) NOT NULL DEFAULT '0',
  `is_rtti_school_location` tinyint(1) DEFAULT '0',
  `external_main_code` varchar(50) COLLATE utf8_unicode_ci DEFAULT NULL,
  `external_sub_code` varchar(50) COLLATE utf8_unicode_ci DEFAULT NULL,
  `is_open_source_content_creator` tinyint(1) DEFAULT '0',
  `is_allowed_to_view_open_source_content` tinyint(1) DEFAULT '0',
  PRIMARY KEY (`id`),
  KEY `fk_school_location_school_idx` (`school_id`),
  KEY `fk_school_locations_users1_idx` (`user_id`),
  KEY `fk_school_locations_grading_scales1_idx` (`grading_scale_id`),
  CONSTRAINT `fk_school_location_school` FOREIGN KEY (`school_id`) REFERENCES `schools` (`id`) ON DELETE CASCADE ON UPDATE CASCADE,
  CONSTRAINT `fk_school_locations_grading_scales1` FOREIGN KEY (`grading_scale_id`) REFERENCES `grading_scales` (`id`) ON DELETE CASCADE ON UPDATE CASCADE,
  CONSTRAINT `fk_school_locations_users1` FOREIGN KEY (`user_id`) REFERENCES `users` (`id`) ON DELETE CASCADE ON UPDATE CASCADE
) ENGINE=InnoDB DEFAULT CHARSET=utf8 COLLATE=utf8_unicode_ci;

TRUNCATE TABLE `answers`;

LOCK TABLES `school_locations` WRITE;
/*!40000 ALTER TABLE `school_locations` DISABLE KEYS */;

INSERT INTO `school_locations` (`id`, `created_at`, `updated_at`, `deleted_at`, `user_id`, `number_of_teachers`, `number_of_students`, `school_id`, `grading_scale_id`, `customer_code`, `name`, `main_address`, `main_postal`, `main_city`, `main_country`, `invoice_address`, `invoice_postal`, `invoice_city`, `invoice_country`, `visit_address`, `visit_postal`, `visit_city`, `visit_country`, `count_active_licenses`, `count_active_teachers`, `count_expired_licenses`, `count_licenses`, `count_questions`, `count_students`, `count_teachers`, `count_tests`, `count_tests_taken`, `activated`, `is_rtti_school_location`, `external_main_code`, `external_sub_code`, `is_open_source_content_creator`, `is_allowed_to_view_open_source_content`)
VALUES
	(1,'2018-12-21 15:51:39','2019-02-25 14:38:18',NULL,520,100,1000,1,1,'OSSL1','Open source schoolocatie1','1','1','1','1','2','2','2','2','3','3','3','3',0,0,0,0,0,0,0,0,0,1,0,'8888','00',1,0),
	(2,'2019-02-25 14:36:39','2019-02-25 14:36:39',NULL,521,100,1000,NULL,1,'RS','RTTI School','1','1','1','1','2','2','2','2','3','3','3','3',0,0,0,0,0,0,0,0,0,1,1,'9999','00',0,1),
	(3,'2019-07-26 10:06:22','2019-07-26 10:06:22',NULL,520,10,100,NULL,1,'standaard testschool','Standaard school','-','-','-','-','-','-','-','-','-','-','-','-',0,0,0,0,0,0,0,0,0,0,0,'','',0,0);

/*!40000 ALTER TABLE `school_locations` ENABLE KEYS */;
UNLOCK TABLES;


# Dump of table school_years
# ------------------------------------------------------------

DROP TABLE IF EXISTS `school_years`;

CREATE TABLE `school_years` (
  `id` int(10) unsigned NOT NULL AUTO_INCREMENT,
  `created_at` timestamp NOT NULL DEFAULT '0000-00-00 00:00:00',
  `updated_at` timestamp NOT NULL DEFAULT '0000-00-00 00:00:00',
  `deleted_at` timestamp NULL DEFAULT NULL,
  `year` int(4) unsigned DEFAULT NULL,
  PRIMARY KEY (`id`)
) ENGINE=InnoDB DEFAULT CHARSET=utf8 COLLATE=utf8_unicode_ci;

TRUNCATE TABLE `answers`;

LOCK TABLES `school_years` WRITE;
/*!40000 ALTER TABLE `school_years` DISABLE KEYS */;

INSERT INTO `school_years` (`id`, `created_at`, `updated_at`, `deleted_at`, `year`)
VALUES
	(1,'2018-12-21 16:00:40','2018-12-21 16:00:40',NULL,2018),
	(2,'2019-02-25 14:38:47','2019-02-25 14:38:47',NULL,2018),
	(3,'2019-07-26 11:13:50','2019-07-26 11:13:50',NULL,2019);

/*!40000 ALTER TABLE `school_years` ENABLE KEYS */;
UNLOCK TABLES;


# Dump of table schools
# ------------------------------------------------------------

DROP TABLE IF EXISTS `schools`;

CREATE TABLE `schools` (
  `id` int(10) unsigned NOT NULL AUTO_INCREMENT,
  `created_at` timestamp NOT NULL DEFAULT '0000-00-00 00:00:00',
  `updated_at` timestamp NOT NULL DEFAULT '0000-00-00 00:00:00',
  `deleted_at` timestamp NULL DEFAULT NULL,
  `user_id` int(10) unsigned NOT NULL,
  `umbrella_organization_id` int(10) unsigned DEFAULT NULL,
  `customer_code` varchar(60) COLLATE utf8_unicode_ci DEFAULT NULL,
  `name` varchar(60) COLLATE utf8_unicode_ci NOT NULL,
  `main_address` varchar(60) COLLATE utf8_unicode_ci NOT NULL,
  `main_postal` varchar(7) COLLATE utf8_unicode_ci NOT NULL,
  `main_city` varchar(60) COLLATE utf8_unicode_ci NOT NULL,
  `main_country` varchar(60) COLLATE utf8_unicode_ci NOT NULL,
  `invoice_address` varchar(60) COLLATE utf8_unicode_ci NOT NULL,
  `invoice_postal` varchar(7) COLLATE utf8_unicode_ci NOT NULL,
  `invoice_city` varchar(60) COLLATE utf8_unicode_ci NOT NULL,
  `invoice_country` varchar(60) COLLATE utf8_unicode_ci NOT NULL,
  `count_active_licenses` int(10) unsigned NOT NULL DEFAULT '0',
  `count_active_teachers` int(10) unsigned NOT NULL DEFAULT '0',
  `count_expired_licenses` int(10) unsigned NOT NULL DEFAULT '0',
  `count_licenses` int(10) unsigned NOT NULL DEFAULT '0',
  `count_questions` int(10) unsigned NOT NULL DEFAULT '0',
  `count_students` int(10) unsigned NOT NULL DEFAULT '0',
  `count_teachers` int(10) unsigned NOT NULL DEFAULT '0',
  `count_tests` int(10) unsigned NOT NULL DEFAULT '0',
  `count_tests_taken` int(10) unsigned NOT NULL DEFAULT '0',
  `external_main_code` varchar(50) COLLATE utf8_unicode_ci DEFAULT NULL,
  PRIMARY KEY (`id`),
  KEY `fk_school_umbrella_organizations1_idx` (`umbrella_organization_id`),
  KEY `fk_schools_users1_idx` (`user_id`),
  CONSTRAINT `fk_school_umbrella_organizations1` FOREIGN KEY (`umbrella_organization_id`) REFERENCES `umbrella_organizations` (`id`) ON DELETE CASCADE ON UPDATE CASCADE,
  CONSTRAINT `fk_schools_users1` FOREIGN KEY (`user_id`) REFERENCES `users` (`id`) ON DELETE CASCADE ON UPDATE CASCADE
) ENGINE=InnoDB DEFAULT CHARSET=utf8 COLLATE=utf8_unicode_ci;

TRUNCATE TABLE `answers`;

LOCK TABLES `schools` WRITE;
/*!40000 ALTER TABLE `schools` DISABLE KEYS */;

INSERT INTO `schools` (`id`, `created_at`, `updated_at`, `deleted_at`, `user_id`, `umbrella_organization_id`, `customer_code`, `name`, `main_address`, `main_postal`, `main_city`, `main_country`, `invoice_address`, `invoice_postal`, `invoice_city`, `invoice_country`, `count_active_licenses`, `count_active_teachers`, `count_expired_licenses`, `count_licenses`, `count_questions`, `count_students`, `count_teachers`, `count_tests`, `count_tests_taken`, `external_main_code`)
VALUES
	(1,'2019-01-04 11:34:22','2019-01-04 11:34:22',NULL,521,1,'NSG','Nieuwe scholengemeenschap','2','2','2','2','3','3','3','3',0,0,0,0,0,0,0,0,0,'8888');

/*!40000 ALTER TABLE `schools` ENABLE KEYS */;
UNLOCK TABLES;


# Dump of table sections
# ------------------------------------------------------------

DROP TABLE IF EXISTS `sections`;

CREATE TABLE `sections` (
  `id` int(10) unsigned NOT NULL AUTO_INCREMENT,
  `created_at` timestamp NOT NULL DEFAULT '0000-00-00 00:00:00',
  `updated_at` timestamp NOT NULL DEFAULT '0000-00-00 00:00:00',
  `deleted_at` timestamp NULL DEFAULT NULL,
  `name` varchar(45) COLLATE utf8_unicode_ci DEFAULT NULL,
  PRIMARY KEY (`id`)
) ENGINE=InnoDB DEFAULT CHARSET=utf8 COLLATE=utf8_unicode_ci;

TRUNCATE TABLE `answers`;

LOCK TABLES `sections` WRITE;
/*!40000 ALTER TABLE `sections` DISABLE KEYS */;

INSERT INTO `sections` (`id`, `created_at`, `updated_at`, `deleted_at`, `name`)
VALUES
	(1,'2018-12-21 16:01:08','2018-12-21 16:01:08',NULL,'Nederlands'),
	(2,'2019-02-25 14:40:09','2019-02-25 14:40:09',NULL,'Nederlands'),
	(3,'2019-07-26 11:31:16','2019-07-26 11:31:16',NULL,'Biologie');

/*!40000 ALTER TABLE `sections` ENABLE KEYS */;
UNLOCK TABLES;


# Dump of table student_parents
# ------------------------------------------------------------

DROP TABLE IF EXISTS `student_parents`;

CREATE TABLE `student_parents` (
  `parent_id` int(10) unsigned NOT NULL,
  `user_id` int(10) unsigned NOT NULL,
  `created_at` timestamp NOT NULL DEFAULT '0000-00-00 00:00:00',
  `updated_at` timestamp NOT NULL DEFAULT '0000-00-00 00:00:00',
  `deleted_at` timestamp NULL DEFAULT NULL,
  PRIMARY KEY (`parent_id`,`user_id`),
  KEY `fk_student_parents_parents1_idx` (`parent_id`),
  KEY `fk_student_parents_users1_idx` (`user_id`),
  CONSTRAINT `fk_student_parents_parents1` FOREIGN KEY (`parent_id`) REFERENCES `users` (`id`) ON DELETE CASCADE ON UPDATE CASCADE,
  CONSTRAINT `fk_student_parents_users1` FOREIGN KEY (`user_id`) REFERENCES `users` (`id`) ON DELETE CASCADE ON UPDATE CASCADE
) ENGINE=InnoDB DEFAULT CHARSET=utf8 COLLATE=utf8_unicode_ci;

TRUNCATE TABLE `answers`;

# Dump of table students
# ------------------------------------------------------------

DROP TABLE IF EXISTS `students`;

CREATE TABLE `students` (
  `user_id` int(10) unsigned NOT NULL,
  `class_id` int(10) unsigned NOT NULL,
  `created_at` timestamp NOT NULL DEFAULT CURRENT_TIMESTAMP,
  `updated_at` timestamp NULL DEFAULT NULL,
  `deleted_at` timestamp NULL DEFAULT NULL,
  `studentscol` varchar(45) COLLATE utf8_unicode_ci DEFAULT NULL,
  PRIMARY KEY (`user_id`,`class_id`),
  KEY `fk_users_has_school_classes_users1_idx` (`user_id`),
  KEY `fk_users_has_school_classes_school_classes1_idx` (`class_id`),
  CONSTRAINT `fk_users_has_school_classes_school_classes1` FOREIGN KEY (`class_id`) REFERENCES `school_classes` (`id`) ON DELETE CASCADE ON UPDATE CASCADE,
  CONSTRAINT `fk_users_has_school_classes_users1` FOREIGN KEY (`user_id`) REFERENCES `users` (`id`) ON DELETE CASCADE ON UPDATE CASCADE
) ENGINE=InnoDB DEFAULT CHARSET=utf8 COLLATE=utf8_unicode_ci;

TRUNCATE TABLE `answers`;

LOCK TABLES `students` WRITE;
/*!40000 ALTER TABLE `students` DISABLE KEYS */;

INSERT INTO `students` (`user_id`, `class_id`, `created_at`, `updated_at`, `deleted_at`, `studentscol`)
VALUES
	(1483,1,'2018-12-21 16:02:21','2018-12-21 16:02:21',NULL,NULL),
	(1484,1,'2018-12-21 16:53:03','2018-12-21 16:53:03',NULL,NULL),
	(1485,1,'2018-12-21 16:54:12','2018-12-21 16:54:12',NULL,NULL),
	(1498,2,'2019-02-25 14:41:28','2019-02-25 14:41:28',NULL,NULL),
	(1499,2,'2019-02-25 14:42:34','2019-02-25 14:42:34',NULL,NULL);

/*!40000 ALTER TABLE `students` ENABLE KEYS */;
UNLOCK TABLES;


# Dump of table subjects
# ------------------------------------------------------------

DROP TABLE IF EXISTS `subjects`;

CREATE TABLE `subjects` (
  `id` int(10) unsigned NOT NULL AUTO_INCREMENT,
  `created_at` timestamp NOT NULL DEFAULT '0000-00-00 00:00:00',
  `updated_at` timestamp NOT NULL DEFAULT '0000-00-00 00:00:00',
  `deleted_at` timestamp NULL DEFAULT NULL,
  `section_id` int(10) unsigned NOT NULL,
  `base_subject_id` int(10) unsigned DEFAULT NULL,
  `name` varchar(45) COLLATE utf8_unicode_ci DEFAULT NULL,
  `abbreviation` varchar(10) COLLATE utf8_unicode_ci DEFAULT NULL,
  PRIMARY KEY (`id`),
  KEY `fk_subjects_sections1_idx` (`section_id`),
  KEY `fk_subjects_base_subject1_idx` (`base_subject_id`),
  CONSTRAINT `fk_subjects_base_subject1` FOREIGN KEY (`base_subject_id`) REFERENCES `base_subjects` (`id`) ON DELETE CASCADE ON UPDATE CASCADE,
  CONSTRAINT `fk_subjects_sections1` FOREIGN KEY (`section_id`) REFERENCES `sections` (`id`) ON DELETE CASCADE ON UPDATE CASCADE
) ENGINE=InnoDB DEFAULT CHARSET=utf8 COLLATE=utf8_unicode_ci;

TRUNCATE TABLE `answers`;

LOCK TABLES `subjects` WRITE;
/*!40000 ALTER TABLE `subjects` DISABLE KEYS */;

INSERT INTO `subjects` (`id`, `created_at`, `updated_at`, `deleted_at`, `section_id`, `base_subject_id`, `name`, `abbreviation`)
VALUES
	(1,'2018-12-21 16:01:19','2018-12-21 16:01:19',NULL,1,1,'Nederlands','NED'),
	(2,'2019-02-25 14:40:18','2019-02-25 14:40:18',NULL,2,1,'Nederlands','NL'),
	(3,'2019-07-26 11:31:49','2019-07-26 11:32:54','2019-07-26 11:32:54',3,1,'Biologie vak','bio'),
	(4,'2019-07-26 11:34:07','2019-07-26 11:34:07',NULL,3,11,'Vak biologie','bio');

/*!40000 ALTER TABLE `subjects` ENABLE KEYS */;
UNLOCK TABLES;


# Dump of table tag_relations
# ------------------------------------------------------------

DROP TABLE IF EXISTS `tag_relations`;

CREATE TABLE `tag_relations` (
  `tag_id` int(10) unsigned NOT NULL,
  `created_at` timestamp NOT NULL DEFAULT '0000-00-00 00:00:00',
  `updated_at` timestamp NOT NULL DEFAULT '0000-00-00 00:00:00',
  `deleted_at` timestamp NULL DEFAULT NULL,
  `tag_relation_id` int(10) unsigned NOT NULL,
  `tag_relation_type` varchar(45) COLLATE utf8_unicode_ci NOT NULL DEFAULT '',
  PRIMARY KEY (`tag_relation_id`,`tag_relation_type`,`tag_id`),
  KEY `fk_tag_relations_tags1_idx` (`tag_id`),
  CONSTRAINT `fk_tag_relations_tags1` FOREIGN KEY (`tag_id`) REFERENCES `tags` (`id`) ON DELETE CASCADE ON UPDATE CASCADE
) ENGINE=InnoDB DEFAULT CHARSET=utf8 COLLATE=utf8_unicode_ci;

TRUNCATE TABLE `answers`;

# Dump of table tags
# ------------------------------------------------------------

DROP TABLE IF EXISTS `tags`;

CREATE TABLE `tags` (
  `id` int(10) unsigned NOT NULL AUTO_INCREMENT,
  `created_at` timestamp NOT NULL DEFAULT '0000-00-00 00:00:00',
  `updated_at` timestamp NOT NULL DEFAULT '0000-00-00 00:00:00',
  `deleted_at` timestamp NULL DEFAULT NULL,
  `name` varchar(45) COLLATE utf8_unicode_ci DEFAULT NULL,
  PRIMARY KEY (`id`)
) ENGINE=InnoDB DEFAULT CHARSET=utf8 COLLATE=utf8_unicode_ci;

TRUNCATE TABLE `answers`;

# Dump of table teachers
# ------------------------------------------------------------

DROP TABLE IF EXISTS `teachers`;

CREATE TABLE `teachers` (
  `id` int(10) unsigned NOT NULL AUTO_INCREMENT,
  `created_at` timestamp NOT NULL DEFAULT '0000-00-00 00:00:00',
  `updated_at` timestamp NOT NULL DEFAULT '0000-00-00 00:00:00',
  `deleted_at` timestamp NULL DEFAULT NULL,
  `user_id` int(10) unsigned NOT NULL,
  `class_id` int(10) unsigned NOT NULL,
  `subject_id` int(10) unsigned NOT NULL,
  PRIMARY KEY (`id`),
  UNIQUE KEY `unique_user_has_school_classes_with_subject` (`user_id`,`class_id`,`subject_id`),
  KEY `fk_users_has_school_classes_users2_idx` (`user_id`),
  KEY `fk_users_has_school_classes_school_classes2_idx` (`class_id`),
  KEY `fk_teachers_subjects1_idx` (`subject_id`),
  CONSTRAINT `fk_teachers_subjects1` FOREIGN KEY (`subject_id`) REFERENCES `subjects` (`id`) ON DELETE CASCADE ON UPDATE CASCADE,
  CONSTRAINT `fk_users_has_school_classes_school_classes2` FOREIGN KEY (`class_id`) REFERENCES `school_classes` (`id`) ON DELETE CASCADE ON UPDATE CASCADE,
  CONSTRAINT `fk_users_has_school_classes_users2` FOREIGN KEY (`user_id`) REFERENCES `users` (`id`) ON DELETE CASCADE ON UPDATE CASCADE
) ENGINE=InnoDB DEFAULT CHARSET=utf8 COLLATE=utf8_unicode_ci;

TRUNCATE TABLE `answers`;

LOCK TABLES `teachers` WRITE;
/*!40000 ALTER TABLE `teachers` DISABLE KEYS */;

INSERT INTO `teachers` (`id`, `created_at`, `updated_at`, `deleted_at`, `user_id`, `class_id`, `subject_id`)
VALUES
	(1,'2018-12-21 17:01:16','2018-12-21 17:01:16',NULL,1486,1,1),
	(2,'2019-02-25 14:43:56','2019-02-25 14:43:56',NULL,1500,2,2),
	(3,'2019-02-25 14:44:01','2019-02-25 14:44:01',NULL,1501,2,2),
	(4,'2019-07-26 11:36:46','2019-07-26 11:36:46',NULL,1503,3,4);

/*!40000 ALTER TABLE `teachers` ENABLE KEYS */;
UNLOCK TABLES;


# Dump of table test_kinds
# ------------------------------------------------------------

DROP TABLE IF EXISTS `test_kinds`;

CREATE TABLE `test_kinds` (
  `id` int(10) unsigned NOT NULL AUTO_INCREMENT,
  `created_at` timestamp NOT NULL DEFAULT '0000-00-00 00:00:00',
  `updated_at` timestamp NOT NULL DEFAULT '0000-00-00 00:00:00',
  `deleted_at` timestamp NULL DEFAULT NULL,
  `name` varchar(45) NOT NULL,
  `has_weight` tinyint(1) NOT NULL,
  PRIMARY KEY (`id`)
) ENGINE=InnoDB DEFAULT CHARSET=utf8;

TRUNCATE TABLE `answers`;

LOCK TABLES `test_kinds` WRITE;
/*!40000 ALTER TABLE `test_kinds` DISABLE KEYS */;

INSERT INTO `test_kinds` (`id`, `created_at`, `updated_at`, `deleted_at`, `name`, `has_weight`)
VALUES
	(1,'2015-06-01 22:44:18','2015-06-01 22:44:21',NULL,'Oefentoets',0),
	(2,'2015-06-01 22:44:20','2015-06-01 22:44:22',NULL,'Formatief',0),
	(3,'2015-06-01 22:44:19','2015-06-01 22:44:23',NULL,'Summatief',1);

/*!40000 ALTER TABLE `test_kinds` ENABLE KEYS */;
UNLOCK TABLES;


# Dump of table test_participants
# ------------------------------------------------------------

DROP TABLE IF EXISTS `test_participants`;

CREATE TABLE `test_participants` (
  `id` int(10) unsigned NOT NULL AUTO_INCREMENT,
  `created_at` timestamp NOT NULL DEFAULT '0000-00-00 00:00:00',
  `updated_at` timestamp NOT NULL DEFAULT '0000-00-00 00:00:00',
  `deleted_at` timestamp NULL DEFAULT NULL,
  `heartbeat_at` timestamp NULL DEFAULT NULL,
  `test_take_id` int(10) unsigned NOT NULL,
  `user_id` int(10) unsigned NOT NULL,
  `test_take_status_id` int(10) unsigned NOT NULL,
  `school_class_id` int(10) unsigned NOT NULL,
  `answer_id` int(10) unsigned DEFAULT NULL,
  `invigilator_note` text COLLATE utf8_unicode_ci,
  `rating` decimal(4,2) unsigned DEFAULT NULL,
  `retake_rating` decimal(4,2) unsigned DEFAULT NULL,
  `ip_address` varbinary(16) DEFAULT NULL,
  PRIMARY KEY (`id`),
  UNIQUE KEY `unique_test_takes_has_users` (`test_take_id`,`user_id`),
  KEY `fk_test_takes_has_users_test_takes1_idx` (`test_take_id`),
  KEY `fk_test_takes_has_users_users1_idx` (`user_id`),
  KEY `fk_test_participants_test_take_statuses1_idx` (`test_take_status_id`),
  KEY `fk_test_participants_school_classes1_idx` (`school_class_id`),
  KEY `fk_test_participants_answers1_idx` (`answer_id`),
  CONSTRAINT `fk_test_participants_answers1` FOREIGN KEY (`answer_id`) REFERENCES `answers` (`id`) ON DELETE CASCADE ON UPDATE CASCADE,
  CONSTRAINT `fk_test_participants_school_classes1` FOREIGN KEY (`school_class_id`) REFERENCES `school_classes` (`id`) ON DELETE CASCADE ON UPDATE CASCADE,
  CONSTRAINT `fk_test_participants_test_take_statuses1` FOREIGN KEY (`test_take_status_id`) REFERENCES `test_take_statuses` (`id`) ON DELETE CASCADE ON UPDATE CASCADE,
  CONSTRAINT `fk_test_takes_has_users_test_takes1` FOREIGN KEY (`test_take_id`) REFERENCES `test_takes` (`id`) ON DELETE CASCADE ON UPDATE CASCADE,
  CONSTRAINT `fk_test_takes_has_users_users1` FOREIGN KEY (`user_id`) REFERENCES `users` (`id`) ON DELETE CASCADE ON UPDATE CASCADE
) ENGINE=InnoDB DEFAULT CHARSET=utf8 COLLATE=utf8_unicode_ci;

TRUNCATE TABLE `answers`;

LOCK TABLES `test_participants` WRITE;
/*!40000 ALTER TABLE `test_participants` DISABLE KEYS */;

INSERT INTO `test_participants` (`id`, `created_at`, `updated_at`, `deleted_at`, `heartbeat_at`, `test_take_id`, `user_id`, `test_take_status_id`, `school_class_id`, `answer_id`, `invigilator_note`, `rating`, `retake_rating`, `ip_address`)
VALUES
	(1,'2019-02-27 11:03:41','2019-02-27 11:03:41',NULL,NULL,1,1498,1,2,NULL,NULL,NULL,NULL,NULL),
	(2,'2019-02-27 11:03:41','2019-02-27 11:03:41',NULL,NULL,1,1499,1,2,NULL,NULL,NULL,NULL,NULL),
	(3,'2019-02-27 14:37:17','2019-02-27 14:44:11',NULL,'2019-02-27 14:39:06',2,1483,4,1,6,NULL,10.00,NULL,X'5C409ADD'),
	(4,'2019-02-27 14:37:17','2019-02-27 14:44:11',NULL,'2019-02-27 14:41:56',2,1484,7,1,12,NULL,3.70,NULL,X'5C409ADD'),
	(5,'2019-02-27 14:37:17','2019-02-27 14:37:26',NULL,NULL,2,1485,2,1,NULL,NULL,NULL,NULL,NULL),
	(6,'2019-05-24 13:52:42','2019-05-24 14:09:54',NULL,NULL,3,1483,2,1,NULL,NULL,NULL,NULL,NULL),
	(7,'2019-05-24 13:52:42','2019-05-24 14:09:54',NULL,NULL,3,1484,2,1,NULL,NULL,NULL,NULL,NULL),
	(8,'2019-05-24 13:52:42','2019-05-24 14:09:54',NULL,NULL,3,1485,2,1,NULL,NULL,NULL,NULL,NULL);

/*!40000 ALTER TABLE `test_participants` ENABLE KEYS */;
UNLOCK TABLES;


# Dump of table test_questions
# ------------------------------------------------------------

DROP TABLE IF EXISTS `test_questions`;

CREATE TABLE `test_questions` (
  `id` int(10) unsigned NOT NULL AUTO_INCREMENT,
  `created_at` timestamp NOT NULL DEFAULT '0000-00-00 00:00:00',
  `updated_at` timestamp NOT NULL DEFAULT '0000-00-00 00:00:00',
  `deleted_at` timestamp NULL DEFAULT NULL,
  `test_id` int(10) unsigned NOT NULL,
  `question_id` int(10) unsigned NOT NULL,
  `order` int(10) unsigned NOT NULL,
  `maintain_position` tinyint(1) NOT NULL,
  `discuss` tinyint(1) NOT NULL,
  PRIMARY KEY (`id`),
  KEY `fk_test_questions_tests1_idx` (`test_id`),
  KEY `fk_test_questions_questions1_idx` (`question_id`),
  CONSTRAINT `fk_test_questions_questions1` FOREIGN KEY (`question_id`) REFERENCES `questions` (`id`) ON DELETE CASCADE ON UPDATE CASCADE,
  CONSTRAINT `fk_test_questions_tests1` FOREIGN KEY (`test_id`) REFERENCES `tests` (`id`) ON DELETE CASCADE ON UPDATE CASCADE
) ENGINE=InnoDB DEFAULT CHARSET=utf8 COLLATE=utf8_unicode_ci;

TRUNCATE TABLE `answers`;

LOCK TABLES `test_questions` WRITE;
/*!40000 ALTER TABLE `test_questions` DISABLE KEYS */;

INSERT INTO `test_questions` (`id`, `created_at`, `updated_at`, `deleted_at`, `test_id`, `question_id`, `order`, `maintain_position`, `discuss`)
VALUES
	(1,'2019-01-04 11:18:22','2019-01-04 11:18:22',NULL,3,10,1,0,1),
	(2,'2019-01-04 11:38:45','2019-01-04 11:38:45',NULL,1,11,1,0,1),
	(3,'2019-01-04 11:39:11','2019-01-04 11:39:11',NULL,1,12,2,0,1),
	(4,'2019-01-04 11:40:09','2019-01-04 11:40:09',NULL,1,13,3,0,1),
	(5,'2019-01-21 07:57:29','2019-01-21 07:57:29',NULL,3,14,2,0,0),
	(6,'2019-02-18 13:46:47','2019-02-18 13:46:47',NULL,3,11,3,0,1),
	(7,'2019-02-25 11:25:21','2019-02-25 11:25:21',NULL,3,16,4,0,1),
	(8,'2019-02-25 11:26:39','2019-02-25 11:26:39',NULL,3,17,5,0,1),
	(9,'2019-02-25 11:27:38','2019-02-25 11:27:38',NULL,3,18,6,0,1),
	(10,'2019-02-27 11:01:30','2019-02-27 11:01:30',NULL,5,19,1,0,1),
	(11,'2019-02-27 11:02:49','2019-02-27 11:02:49',NULL,5,20,2,0,1),
	(12,'2019-02-27 11:03:41','2019-02-27 11:03:41',NULL,6,19,1,0,1),
	(13,'2019-02-27 11:03:41','2019-02-27 11:03:41',NULL,6,20,2,0,1),
	(14,'2019-02-27 14:37:17','2019-02-27 14:37:17',NULL,7,10,1,0,1),
	(15,'2019-02-27 14:37:17','2019-02-27 14:37:17',NULL,7,14,2,0,0),
	(16,'2019-02-27 14:37:17','2019-02-27 14:37:17',NULL,7,11,3,0,1),
	(17,'2019-02-27 14:37:17','2019-02-27 14:37:17',NULL,7,16,4,0,1),
	(18,'2019-02-27 14:37:17','2019-02-27 14:37:17',NULL,7,17,5,0,1),
	(19,'2019-02-27 14:37:17','2019-02-27 14:37:17',NULL,7,18,6,0,1);

/*!40000 ALTER TABLE `test_questions` ENABLE KEYS */;
UNLOCK TABLES;


# Dump of table test_rating_participants
# ------------------------------------------------------------

DROP TABLE IF EXISTS `test_rating_participants`;

CREATE TABLE `test_rating_participants` (
  `test_participant_id` int(10) unsigned NOT NULL,
  `test_rating_id` int(10) unsigned NOT NULL,
  `created_at` timestamp NULL DEFAULT NULL,
  `updated_at` timestamp NULL DEFAULT NULL,
  `deleted_at` timestamp NULL DEFAULT NULL
) ENGINE=InnoDB DEFAULT CHARSET=utf8 COLLATE=utf8_unicode_ci;

TRUNCATE TABLE `answers`;

# Dump of table test_take_event_types
# ------------------------------------------------------------

DROP TABLE IF EXISTS `test_take_event_types`;

CREATE TABLE `test_take_event_types` (
  `id` int(10) unsigned NOT NULL AUTO_INCREMENT,
  `created_at` timestamp NOT NULL DEFAULT '0000-00-00 00:00:00',
  `updated_at` timestamp NOT NULL DEFAULT '0000-00-00 00:00:00',
  `deleted_at` timestamp NULL DEFAULT NULL,
  `name` varchar(45) COLLATE utf8_unicode_ci NOT NULL,
  `requires_confirming` tinyint(1) NOT NULL,
  PRIMARY KEY (`id`)
) ENGINE=InnoDB DEFAULT CHARSET=utf8 COLLATE=utf8_unicode_ci;

TRUNCATE TABLE `answers`;

LOCK TABLES `test_take_event_types` WRITE;
/*!40000 ALTER TABLE `test_take_event_types` DISABLE KEYS */;

INSERT INTO `test_take_event_types` (`id`, `created_at`, `updated_at`, `deleted_at`, `name`, `requires_confirming`)
VALUES
	(1,'2015-06-01 22:42:12','2015-06-01 22:42:20',NULL,'Start',0),
	(2,'2015-06-01 22:42:13','2015-06-01 22:42:21',NULL,'Stop',0),
	(3,'2015-06-01 22:42:14','2015-06-01 22:42:21',NULL,'Lost focus',1),
	(4,'2015-06-01 22:42:15','2015-06-01 22:42:22',NULL,'Screenshot',1),
	(5,'2015-06-01 22:42:16','2015-06-01 22:42:23',NULL,'Started late',1),
	(6,'2015-06-01 22:42:16','2015-06-01 22:42:24',NULL,'Start discussion',0),
	(7,'2015-06-01 22:42:19','2015-06-01 22:42:25',NULL,'End discussion',0),
	(8,'2015-07-23 14:36:35','2015-07-23 14:36:35',NULL,'Continue',0),
	(9,'0000-00-00 00:00:00','0000-00-00 00:00:00',NULL,'Application closed',1);

/*!40000 ALTER TABLE `test_take_event_types` ENABLE KEYS */;
UNLOCK TABLES;


# Dump of table test_take_events
# ------------------------------------------------------------

DROP TABLE IF EXISTS `test_take_events`;

CREATE TABLE `test_take_events` (
  `id` int(10) unsigned NOT NULL AUTO_INCREMENT,
  `created_at` timestamp NOT NULL DEFAULT '0000-00-00 00:00:00',
  `updated_at` timestamp NOT NULL DEFAULT '0000-00-00 00:00:00',
  `deleted_at` timestamp NULL DEFAULT NULL,
  `test_take_id` int(10) unsigned NOT NULL,
  `test_participant_id` int(10) unsigned DEFAULT NULL,
  `test_take_event_type_id` int(10) unsigned NOT NULL,
  `confirmed` tinyint(1) NOT NULL DEFAULT '0',
  PRIMARY KEY (`id`),
  KEY `fk_test_take_events_test_take_event_types1_idx` (`test_take_event_type_id`),
  KEY `fk_test_take_events_test_takes1_idx` (`test_take_id`),
  KEY `fk_test_take_events_test_participants1_idx` (`test_participant_id`),
  CONSTRAINT `fk_test_take_events_test_participants1` FOREIGN KEY (`test_participant_id`) REFERENCES `test_participants` (`id`) ON DELETE CASCADE ON UPDATE CASCADE,
  CONSTRAINT `fk_test_take_events_test_take_event_types1` FOREIGN KEY (`test_take_event_type_id`) REFERENCES `test_take_event_types` (`id`) ON DELETE CASCADE ON UPDATE CASCADE,
  CONSTRAINT `fk_test_take_events_test_takes1` FOREIGN KEY (`test_take_id`) REFERENCES `test_takes` (`id`) ON DELETE CASCADE ON UPDATE CASCADE
) ENGINE=InnoDB DEFAULT CHARSET=utf8 COLLATE=utf8_unicode_ci;

TRUNCATE TABLE `answers`;

LOCK TABLES `test_take_events` WRITE;
/*!40000 ALTER TABLE `test_take_events` DISABLE KEYS */;

INSERT INTO `test_take_events` (`id`, `created_at`, `updated_at`, `deleted_at`, `test_take_id`, `test_participant_id`, `test_take_event_type_id`, `confirmed`)
VALUES
	(1,'2019-02-27 14:37:26','2019-02-27 14:37:26',NULL,2,NULL,1,0),
	(2,'2019-02-27 14:38:24','2019-02-27 14:38:24',NULL,2,3,1,0),
	(3,'2019-02-27 14:39:07','2019-02-27 14:39:07',NULL,2,3,2,0),
	(4,'2019-02-27 14:39:38','2019-02-27 14:39:38',NULL,2,4,1,0),
	(5,'2019-02-27 14:40:00','2019-02-27 14:40:00',NULL,2,4,2,0),
	(6,'2019-02-27 14:40:25','2019-02-27 14:40:25',NULL,2,NULL,2,0),
	(7,'2019-02-27 14:40:38','2019-02-27 14:40:38',NULL,2,NULL,6,0),
	(8,'2019-05-24 14:09:54','2019-05-24 14:09:54',NULL,3,NULL,1,0),
	(9,'2019-05-24 14:10:57','2019-05-24 14:10:57',NULL,3,NULL,2,0),
	(10,'2019-05-24 14:11:17','2019-05-24 14:11:17',NULL,3,NULL,6,0);

/*!40000 ALTER TABLE `test_take_events` ENABLE KEYS */;
UNLOCK TABLES;


# Dump of table test_take_statuses
# ------------------------------------------------------------

DROP TABLE IF EXISTS `test_take_statuses`;

CREATE TABLE `test_take_statuses` (
  `id` int(10) unsigned NOT NULL AUTO_INCREMENT,
  `created_at` timestamp NOT NULL DEFAULT '0000-00-00 00:00:00',
  `updated_at` timestamp NOT NULL DEFAULT '0000-00-00 00:00:00',
  `deleted_at` timestamp NULL DEFAULT NULL,
  `name` varchar(45) COLLATE utf8_unicode_ci DEFAULT NULL,
  `is_individual_status` tinyint(1) DEFAULT NULL,
  PRIMARY KEY (`id`)
) ENGINE=InnoDB DEFAULT CHARSET=utf8 COLLATE=utf8_unicode_ci;

TRUNCATE TABLE `answers`;

LOCK TABLES `test_take_statuses` WRITE;
/*!40000 ALTER TABLE `test_take_statuses` DISABLE KEYS */;

INSERT INTO `test_take_statuses` (`id`, `created_at`, `updated_at`, `deleted_at`, `name`, `is_individual_status`)
VALUES
	(1,'2015-06-01 22:42:35','2015-06-01 22:42:43',NULL,'Planned',0),
	(2,'2015-06-01 22:42:36','2015-06-01 22:42:44',NULL,'Test not taken',1),
	(3,'2015-06-01 22:42:37','2015-06-01 22:42:45',NULL,'Taking test',0),
	(4,'2015-06-01 22:42:38','2015-06-01 22:42:45',NULL,'Handed in',1),
	(5,'2015-06-01 22:42:39','2015-06-01 22:42:46',NULL,'Taken away',1),
	(6,'2015-06-01 22:42:40','2015-06-01 22:42:47',NULL,'Taken',0),
	(7,'2015-06-01 22:42:40','2015-06-01 22:42:48',NULL,'Discussing',0),
	(8,'2015-06-01 22:42:42','2015-06-01 22:42:49',NULL,'Discussed',0),
	(9,'2015-06-01 22:48:33','2015-06-01 22:48:33',NULL,'Rated',0);

/*!40000 ALTER TABLE `test_take_statuses` ENABLE KEYS */;
UNLOCK TABLES;


# Dump of table test_takes
# ------------------------------------------------------------

DROP TABLE IF EXISTS `test_takes`;

CREATE TABLE `test_takes` (
  `id` int(10) unsigned NOT NULL AUTO_INCREMENT,
  `created_at` timestamp NOT NULL DEFAULT '0000-00-00 00:00:00',
  `updated_at` timestamp NOT NULL DEFAULT '0000-00-00 00:00:00',
  `deleted_at` timestamp NULL DEFAULT NULL,
  `user_id` int(10) unsigned NOT NULL,
  `test_id` int(10) unsigned NOT NULL,
  `test_take_status_id` int(10) unsigned NOT NULL,
  `period_id` int(10) unsigned NOT NULL,
  `is_discussed` tinyint(1) NOT NULL DEFAULT '0',
  `discussed_user_id` int(10) unsigned DEFAULT NULL,
  `discussing_question_id` int(10) unsigned DEFAULT NULL,
  `retake` tinyint(1) DEFAULT NULL,
  `retake_test_take_id` int(10) unsigned DEFAULT NULL,
  `time_start` datetime DEFAULT NULL,
  `time_end` datetime DEFAULT NULL,
  `location` varchar(45) COLLATE utf8_unicode_ci DEFAULT NULL,
  `weight` int(10) unsigned DEFAULT NULL,
  `note` text COLLATE utf8_unicode_ci,
  `invigilator_note` text COLLATE utf8_unicode_ci,
  `discussion_type` enum('ALL','OPEN_ONLY') COLLATE utf8_unicode_ci DEFAULT NULL,
  `show_results` datetime DEFAULT NULL,
  `ppp` decimal(6,4) unsigned DEFAULT NULL,
  `epp` decimal(6,4) unsigned DEFAULT NULL,
  `wanted_average` decimal(6,4) unsigned DEFAULT NULL,
  `n_term` decimal(6,4) DEFAULT NULL,
  `pass_mark` decimal(8,4) unsigned DEFAULT NULL,
  `is_rtti_test_take` tinyint(1) DEFAULT '0',
  `exported_to_rtti` datetime DEFAULT NULL,
  PRIMARY KEY (`id`),
  KEY `fk_test_takes_tests1_idx` (`test_id`),
  KEY `fk_test_takes_test_take_statuses1_idx` (`test_take_status_id`),
  KEY `fk_test_takes_periods1_idx` (`period_id`),
  KEY `fk_test_takes_users1_idx` (`user_id`),
  KEY `fk_test_takes_test_takes1_idx` (`retake_test_take_id`),
  KEY `fk_test_takes_questions1_idx` (`discussing_question_id`),
  KEY `fk_test_takes_users2_idx` (`discussed_user_id`),
  CONSTRAINT `fk_test_takes_periods1` FOREIGN KEY (`period_id`) REFERENCES `periods` (`id`) ON DELETE CASCADE ON UPDATE CASCADE,
  CONSTRAINT `fk_test_takes_questions1` FOREIGN KEY (`discussing_question_id`) REFERENCES `questions` (`id`) ON DELETE CASCADE ON UPDATE CASCADE,
  CONSTRAINT `fk_test_takes_test_take_statuses1` FOREIGN KEY (`test_take_status_id`) REFERENCES `test_take_statuses` (`id`) ON DELETE CASCADE ON UPDATE CASCADE,
  CONSTRAINT `fk_test_takes_test_takes1` FOREIGN KEY (`retake_test_take_id`) REFERENCES `test_takes` (`id`) ON DELETE CASCADE ON UPDATE CASCADE,
  CONSTRAINT `fk_test_takes_tests1` FOREIGN KEY (`test_id`) REFERENCES `tests` (`id`) ON DELETE CASCADE ON UPDATE CASCADE,
  CONSTRAINT `fk_test_takes_users1` FOREIGN KEY (`user_id`) REFERENCES `users` (`id`) ON DELETE CASCADE ON UPDATE CASCADE,
  CONSTRAINT `fk_test_takes_users2` FOREIGN KEY (`discussed_user_id`) REFERENCES `users` (`id`) ON DELETE CASCADE ON UPDATE CASCADE
) ENGINE=InnoDB DEFAULT CHARSET=utf8 COLLATE=utf8_unicode_ci;

TRUNCATE TABLE `answers`;

LOCK TABLES `test_takes` WRITE;
/*!40000 ALTER TABLE `test_takes` DISABLE KEYS */;

INSERT INTO `test_takes` (`id`, `created_at`, `updated_at`, `deleted_at`, `user_id`, `test_id`, `test_take_status_id`, `period_id`, `is_discussed`, `discussed_user_id`, `discussing_question_id`, `retake`, `retake_test_take_id`, `time_start`, `time_end`, `location`, `weight`, `note`, `invigilator_note`, `discussion_type`, `show_results`, `ppp`, `epp`, `wanted_average`, `n_term`, `pass_mark`, `is_rtti_test_take`, `exported_to_rtti`)
VALUES
	(1,'2019-02-27 11:03:41','2019-02-27 11:03:41',NULL,1500,6,1,2,0,NULL,NULL,0,NULL,'2019-02-27 00:00:00',NULL,NULL,5,NULL,'',NULL,NULL,NULL,NULL,NULL,NULL,NULL,0,NULL),
	(2,'2019-02-27 14:37:17','2019-02-27 14:44:15',NULL,1486,7,9,1,0,NULL,NULL,0,NULL,'2019-02-27 00:00:00',NULL,NULL,5,NULL,'','ALL','2019-02-27 15:01:00',NULL,NULL,NULL,1.0000,70.0000,0,NULL),
	(3,'2019-05-24 13:52:42','2019-05-24 14:11:17',NULL,1486,7,7,1,0,NULL,NULL,0,NULL,'2019-05-24 00:00:00',NULL,NULL,5,NULL,'','ALL',NULL,NULL,NULL,NULL,NULL,NULL,0,NULL);

/*!40000 ALTER TABLE `test_takes` ENABLE KEYS */;
UNLOCK TABLES;


# Dump of table tests
# ------------------------------------------------------------

DROP TABLE IF EXISTS `tests`;

CREATE TABLE `tests` (
  `id` int(10) unsigned NOT NULL AUTO_INCREMENT,
  `created_at` timestamp NOT NULL DEFAULT '0000-00-00 00:00:00',
  `updated_at` timestamp NOT NULL DEFAULT '0000-00-00 00:00:00',
  `deleted_at` timestamp NULL DEFAULT NULL,
  `subject_id` int(10) unsigned NOT NULL,
  `education_level_id` int(10) unsigned NOT NULL,
  `period_id` int(10) unsigned NOT NULL,
  `author_id` int(10) unsigned NOT NULL,
  `test_kind_id` int(10) unsigned NOT NULL,
  `system_test_id` int(10) unsigned DEFAULT NULL,
  `name` varchar(45) COLLATE utf8_unicode_ci DEFAULT NULL,
  `abbreviation` varchar(20) COLLATE utf8_unicode_ci DEFAULT NULL,
  `education_level_year` int(10) unsigned NOT NULL,
  `status` int(11) NOT NULL DEFAULT '0',
  `introduction` text COLLATE utf8_unicode_ci,
  `shuffle` tinyint(1) NOT NULL,
  `is_system_test` tinyint(1) NOT NULL,
  `question_count` int(10) unsigned NOT NULL DEFAULT '0',
  `is_open_source_content` tinyint(1) DEFAULT NULL,
  PRIMARY KEY (`id`),
  KEY `fk_tests_subjects1_idx` (`subject_id`),
  KEY `fk_tests_education_levels1_idx` (`education_level_id`),
  KEY `fk_tests_periods1_idx` (`period_id`),
  KEY `fk_tests_users1_idx` (`author_id`),
  KEY `fk_tests_test_kind1_idx` (`test_kind_id`),
  KEY `fk_tests_tests1_idx` (`system_test_id`),
  CONSTRAINT `fk_tests_education_levels1` FOREIGN KEY (`education_level_id`) REFERENCES `education_levels` (`id`) ON DELETE CASCADE ON UPDATE CASCADE,
  CONSTRAINT `fk_tests_periods1` FOREIGN KEY (`period_id`) REFERENCES `periods` (`id`) ON DELETE CASCADE ON UPDATE CASCADE,
  CONSTRAINT `fk_tests_subjects1` FOREIGN KEY (`subject_id`) REFERENCES `subjects` (`id`) ON DELETE CASCADE ON UPDATE CASCADE,
  CONSTRAINT `fk_tests_test_kind1` FOREIGN KEY (`test_kind_id`) REFERENCES `test_kinds` (`id`) ON DELETE CASCADE ON UPDATE CASCADE,
  CONSTRAINT `fk_tests_tests1` FOREIGN KEY (`system_test_id`) REFERENCES `tests` (`id`) ON DELETE SET NULL ON UPDATE CASCADE,
  CONSTRAINT `fk_tests_users1` FOREIGN KEY (`author_id`) REFERENCES `users` (`id`) ON DELETE CASCADE ON UPDATE CASCADE
) ENGINE=InnoDB DEFAULT CHARSET=utf8 COLLATE=utf8_unicode_ci;

TRUNCATE TABLE `answers`;

LOCK TABLES `tests` WRITE;
/*!40000 ALTER TABLE `tests` DISABLE KEYS */;

INSERT INTO `tests` (`id`, `created_at`, `updated_at`, `deleted_at`, `subject_id`, `education_level_id`, `period_id`, `author_id`, `test_kind_id`, `system_test_id`, `name`, `abbreviation`, `education_level_year`, `status`, `introduction`, `shuffle`, `is_system_test`, `question_count`, `is_open_source_content`)
VALUES
	(1,'2018-12-21 17:04:44','2019-01-04 11:40:09',NULL,1,1,1,1486,3,NULL,'toets1','T1',1,0,'',0,0,3,1),
	(2,'2018-12-21 17:07:03','2018-12-21 17:07:03',NULL,1,1,1,1486,3,NULL,'Toets2','T2',1,0,'',0,0,0,1),
	(3,'2019-01-04 10:29:05','2019-02-27 14:37:17',NULL,1,1,1,1486,3,7,'Toets met geluid','TMG',1,0,'',0,0,6,1),
	(4,'2019-02-27 10:47:26','2019-02-27 10:50:28','2019-02-27 10:50:28',2,1,2,1500,1,NULL,'test123','test',1,0,'',0,0,0,NULL),
	(5,'2019-02-27 11:00:40','2019-02-27 11:03:41',NULL,2,1,2,1500,3,6,'Test2','T2',1,0,'',0,0,2,NULL),
	(6,'2019-02-27 11:03:41','2019-02-27 11:03:41',NULL,2,1,2,1500,3,NULL,'Test2','T2',1,0,'',0,1,2,NULL),
	(7,'2019-02-27 14:37:17','2019-02-27 14:37:26',NULL,1,1,1,1486,3,NULL,'Toets met geluid','TMG',1,1,'',0,1,6,1);

/*!40000 ALTER TABLE `tests` ENABLE KEYS */;
UNLOCK TABLES;


# Dump of table umbrella_organization_addresses
# ------------------------------------------------------------

DROP TABLE IF EXISTS `umbrella_organization_addresses`;

CREATE TABLE `umbrella_organization_addresses` (
  `address_id` int(10) unsigned NOT NULL,
  `umbrella_organization_id` int(10) unsigned NOT NULL,
  `type` enum('MAIN','INVOICE','OTHER') COLLATE utf8_unicode_ci NOT NULL,
  `created_at` timestamp NOT NULL DEFAULT '0000-00-00 00:00:00',
  `updated_at` timestamp NOT NULL DEFAULT '0000-00-00 00:00:00',
  `deleted_at` timestamp NULL DEFAULT NULL,
  PRIMARY KEY (`address_id`,`umbrella_organization_id`,`type`),
  KEY `fk_umbrella_organization_addresses_addresses1_idx` (`address_id`),
  KEY `fk_umbrella_organization_addresses_umbrella_organizations1_idx` (`umbrella_organization_id`),
  CONSTRAINT `fk_umbrella_organization_addresses_addresses1` FOREIGN KEY (`address_id`) REFERENCES `addresses` (`id`) ON DELETE CASCADE ON UPDATE CASCADE,
  CONSTRAINT `fk_umbrella_organization_addresses_umbrella_organizations1` FOREIGN KEY (`umbrella_organization_id`) REFERENCES `umbrella_organizations` (`id`) ON DELETE CASCADE ON UPDATE CASCADE
) ENGINE=InnoDB DEFAULT CHARSET=utf8 COLLATE=utf8_unicode_ci;

TRUNCATE TABLE `answers`;

# Dump of table umbrella_organization_contacts
# ------------------------------------------------------------

DROP TABLE IF EXISTS `umbrella_organization_contacts`;

CREATE TABLE `umbrella_organization_contacts` (
  `umbrella_organization_id` int(10) unsigned NOT NULL,
  `contact_id` int(10) unsigned NOT NULL,
  `type` enum('FINANCE','TECHNICAL','IMPLEMENTATION','OTHER') COLLATE utf8_unicode_ci NOT NULL,
  `created_at` timestamp NOT NULL DEFAULT '0000-00-00 00:00:00',
  `updated_at` timestamp NOT NULL DEFAULT '0000-00-00 00:00:00',
  `deleted_at` timestamp NULL DEFAULT NULL,
  PRIMARY KEY (`umbrella_organization_id`,`contact_id`,`type`),
  KEY `fk_umbrella_organization_contacts_umbrella_organizations1_idx` (`umbrella_organization_id`),
  KEY `fk_umbrella_organization_contacts_contacts1_idx` (`contact_id`),
  CONSTRAINT `fk_umbrella_organization_contacts_contacts1` FOREIGN KEY (`contact_id`) REFERENCES `contacts` (`id`) ON DELETE CASCADE ON UPDATE CASCADE,
  CONSTRAINT `fk_umbrella_organization_contacts_umbrella_organizations1` FOREIGN KEY (`umbrella_organization_id`) REFERENCES `umbrella_organizations` (`id`) ON DELETE CASCADE ON UPDATE CASCADE
) ENGINE=InnoDB DEFAULT CHARSET=utf8 COLLATE=utf8_unicode_ci;

TRUNCATE TABLE `answers`;

# Dump of table umbrella_organizations
# ------------------------------------------------------------

DROP TABLE IF EXISTS `umbrella_organizations`;

CREATE TABLE `umbrella_organizations` (
  `id` int(10) unsigned NOT NULL AUTO_INCREMENT,
  `created_at` timestamp NOT NULL DEFAULT '0000-00-00 00:00:00',
  `updated_at` timestamp NOT NULL DEFAULT '0000-00-00 00:00:00',
  `deleted_at` timestamp NULL DEFAULT NULL,
  `user_id` int(10) unsigned NOT NULL,
  `customer_code` varchar(60) COLLATE utf8_unicode_ci DEFAULT NULL,
  `name` varchar(60) COLLATE utf8_unicode_ci NOT NULL,
  `main_address` varchar(60) COLLATE utf8_unicode_ci NOT NULL,
  `main_postal` varchar(7) COLLATE utf8_unicode_ci NOT NULL,
  `main_city` varchar(60) COLLATE utf8_unicode_ci NOT NULL,
  `main_country` varchar(60) COLLATE utf8_unicode_ci NOT NULL,
  `invoice_address` varchar(60) COLLATE utf8_unicode_ci NOT NULL,
  `invoice_postal` varchar(7) COLLATE utf8_unicode_ci NOT NULL,
  `invoice_city` varchar(60) COLLATE utf8_unicode_ci NOT NULL,
  `invoice_country` varchar(60) COLLATE utf8_unicode_ci NOT NULL,
  `count_active_licenses` int(10) unsigned NOT NULL DEFAULT '0',
  `count_active_teachers` int(10) unsigned NOT NULL DEFAULT '0',
  `count_expired_licenses` int(10) unsigned NOT NULL DEFAULT '0',
  `count_licenses` int(10) unsigned NOT NULL DEFAULT '0',
  `count_questions` int(10) unsigned NOT NULL DEFAULT '0',
  `count_students` int(10) unsigned NOT NULL DEFAULT '0',
  `count_teachers` int(10) unsigned NOT NULL DEFAULT '0',
  `count_tests` int(10) unsigned NOT NULL DEFAULT '0',
  `count_tests_taken` int(10) unsigned NOT NULL DEFAULT '0',
  `external_main_code` varchar(50) COLLATE utf8_unicode_ci DEFAULT NULL,
  PRIMARY KEY (`id`),
  KEY `fk_umbrella_organizations_users1_idx` (`user_id`),
  CONSTRAINT `fk_umbrella_organizations_users1` FOREIGN KEY (`user_id`) REFERENCES `users` (`id`) ON DELETE CASCADE ON UPDATE CASCADE
) ENGINE=InnoDB DEFAULT CHARSET=utf8 COLLATE=utf8_unicode_ci;

TRUNCATE TABLE `answers`;

LOCK TABLES `umbrella_organizations` WRITE;
/*!40000 ALTER TABLE `umbrella_organizations` DISABLE KEYS */;

INSERT INTO `umbrella_organizations` (`id`, `created_at`, `updated_at`, `deleted_at`, `user_id`, `customer_code`, `name`, `main_address`, `main_postal`, `main_city`, `main_country`, `invoice_address`, `invoice_postal`, `invoice_city`, `invoice_country`, `count_active_licenses`, `count_active_teachers`, `count_expired_licenses`, `count_licenses`, `count_questions`, `count_students`, `count_teachers`, `count_tests`, `count_tests_taken`, `external_main_code`)
VALUES
	(1,'2019-01-04 11:33:47','2019-01-04 11:33:47',NULL,521,'NK','Nieuwe koepel','1','1','1','1','2','2','2','2',0,0,0,0,0,0,0,0,0,'8888');

/*!40000 ALTER TABLE `umbrella_organizations` ENABLE KEYS */;
UNLOCK TABLES;


# Dump of table user_roles
# ------------------------------------------------------------

DROP TABLE IF EXISTS `user_roles`;

CREATE TABLE `user_roles` (
  `user_id` int(10) unsigned NOT NULL,
  `role_id` int(10) unsigned NOT NULL,
  `created_at` timestamp NOT NULL DEFAULT '0000-00-00 00:00:00',
  `updated_at` timestamp NOT NULL DEFAULT '0000-00-00 00:00:00',
  `deleted_at` timestamp NULL DEFAULT NULL,
  PRIMARY KEY (`user_id`,`role_id`),
  KEY `fk_user_has_roles_users1_idx` (`user_id`),
  KEY `fk_user_has_roles_roles1_idx` (`role_id`),
  CONSTRAINT `fk_user_has_roles_roles1` FOREIGN KEY (`role_id`) REFERENCES `roles` (`id`) ON DELETE CASCADE ON UPDATE CASCADE,
  CONSTRAINT `fk_user_has_roles_users1` FOREIGN KEY (`user_id`) REFERENCES `users` (`id`) ON DELETE CASCADE ON UPDATE CASCADE
) ENGINE=InnoDB DEFAULT CHARSET=utf8 COLLATE=utf8_unicode_ci;

TRUNCATE TABLE `answers`;

LOCK TABLES `user_roles` WRITE;
/*!40000 ALTER TABLE `user_roles` DISABLE KEYS */;

INSERT INTO `user_roles` (`user_id`, `role_id`, `created_at`, `updated_at`, `deleted_at`)
VALUES
	(519,4,'2015-07-23 16:01:11','2015-07-23 16:01:11',NULL),
	(520,5,'2015-07-24 16:07:38','2015-07-24 16:07:38',NULL),
	(521,5,'2015-08-06 16:36:54','2015-08-06 16:36:54',NULL),
	(755,5,'2017-11-28 16:20:10','2017-11-28 16:20:10',NULL),
	(1481,6,'2018-12-21 15:53:35','2018-12-21 15:53:35',NULL),
	(1482,6,'2018-12-21 15:59:31','2018-12-21 15:59:31',NULL),
	(1483,3,'2018-12-21 16:02:21','2018-12-21 16:02:21',NULL),
	(1484,3,'2018-12-21 16:53:03','2018-12-21 16:53:03',NULL),
	(1485,3,'2018-12-21 16:54:11','2018-12-21 16:54:11',NULL),
	(1486,1,'2018-12-21 16:55:42','2018-12-21 16:55:42',NULL),
	(1496,1,'2018-12-21 16:55:42','2018-12-21 16:55:42',NULL),
	(1497,6,'2019-02-25 14:38:02','2019-02-25 14:38:02',NULL),
	(1498,3,'2019-02-25 14:41:28','2019-02-25 14:41:28',NULL),
	(1499,3,'2019-02-25 14:42:34','2019-02-25 14:42:34',NULL),
	(1500,1,'2019-02-25 14:43:31','2019-02-25 14:43:31',NULL),
	(1501,1,'2019-02-25 14:43:48','2019-02-25 14:43:48',NULL),
	(1502,6,'2019-07-26 10:09:04','2019-07-26 10:09:04',NULL),
	(1503,1,'2019-07-26 10:15:18','2019-07-26 10:15:18',NULL);

/*!40000 ALTER TABLE `user_roles` ENABLE KEYS */;
UNLOCK TABLES;


# Dump of table users
# ------------------------------------------------------------

DROP TABLE IF EXISTS `users`;

CREATE TABLE `users` (
  `id` int(10) unsigned NOT NULL AUTO_INCREMENT,
  `created_at` timestamp NOT NULL DEFAULT '0000-00-00 00:00:00',
  `updated_at` timestamp NOT NULL DEFAULT '0000-00-00 00:00:00',
  `deleted_at` timestamp NULL DEFAULT NULL,
  `sales_organization_id` int(10) unsigned DEFAULT NULL,
  `school_id` int(10) unsigned DEFAULT NULL,
  `school_location_id` int(10) unsigned DEFAULT NULL,
  `username` varchar(60) COLLATE utf8_unicode_ci DEFAULT NULL,
  `password` varchar(60) COLLATE utf8_unicode_ci DEFAULT NULL,
  `remember_token` varchar(100) COLLATE utf8_unicode_ci DEFAULT NULL,
  `session_hash` varchar(100) COLLATE utf8_unicode_ci DEFAULT NULL,
  `name_first` varchar(45) COLLATE utf8_unicode_ci DEFAULT NULL,
  `name_suffix` varchar(45) COLLATE utf8_unicode_ci DEFAULT NULL,
  `name` varchar(45) COLLATE utf8_unicode_ci DEFAULT NULL,
  `abbreviation` varchar(10) COLLATE utf8_unicode_ci DEFAULT NULL,
  `external_id` varchar(45) COLLATE utf8_unicode_ci DEFAULT NULL,
  `api_key` varchar(100) COLLATE utf8_unicode_ci DEFAULT NULL,
  `gender` enum('Male','Female','Other') COLLATE utf8_unicode_ci DEFAULT NULL,
  `time_dispensation` tinyint(1) NOT NULL DEFAULT '0',
  `send_welcome_email` tinyint(1) NOT NULL DEFAULT '0',
  `note` text COLLATE utf8_unicode_ci,
  `profile_image_name` varchar(255) COLLATE utf8_unicode_ci DEFAULT NULL,
  `profile_image_size` int(10) unsigned DEFAULT NULL,
  `profile_image_mime_type` varchar(255) COLLATE utf8_unicode_ci DEFAULT NULL,
  `profile_image_extension` varchar(10) COLLATE utf8_unicode_ci DEFAULT NULL,
  `count_accounts` int(10) unsigned NOT NULL DEFAULT '0',
  `count_active_licenses` int(10) unsigned NOT NULL DEFAULT '0',
  `count_expired_licenses` int(10) unsigned NOT NULL DEFAULT '0',
  `count_last_test_taken` date DEFAULT NULL,
  `count_licenses` int(10) unsigned NOT NULL DEFAULT '0',
  `count_questions` int(10) unsigned NOT NULL DEFAULT '0',
  `count_students` int(10) unsigned NOT NULL DEFAULT '0',
  `count_teachers` int(10) unsigned NOT NULL DEFAULT '0',
  `count_tests` int(10) unsigned NOT NULL DEFAULT '0',
  `count_tests_taken` int(10) unsigned NOT NULL DEFAULT '0',
  `count_tests_discussed` int(10) unsigned NOT NULL DEFAULT '0',
  PRIMARY KEY (`id`),
  UNIQUE KEY `users_api_key_unique` (`api_key`),
  KEY `fk_users_sales_organizations1_idx` (`sales_organization_id`),
  KEY `fk_users_schools1_idx` (`school_id`),
  KEY `fk_users_school_locations1_idx` (`school_location_id`),
  CONSTRAINT `fk_users_sales_organizations1` FOREIGN KEY (`sales_organization_id`) REFERENCES `sales_organizations` (`id`) ON DELETE CASCADE ON UPDATE CASCADE,
  CONSTRAINT `fk_users_school_locations1` FOREIGN KEY (`school_location_id`) REFERENCES `school_locations` (`id`) ON DELETE CASCADE ON UPDATE CASCADE,
  CONSTRAINT `fk_users_schools1` FOREIGN KEY (`school_id`) REFERENCES `schools` (`id`) ON DELETE CASCADE ON UPDATE CASCADE
) ENGINE=InnoDB DEFAULT CHARSET=utf8 COLLATE=utf8_unicode_ci;

TRUNCATE TABLE `answers`;

LOCK TABLES `users` WRITE;
/*!40000 ALTER TABLE `users` DISABLE KEYS */;

INSERT INTO `users` (`id`, `created_at`, `updated_at`, `deleted_at`, `sales_organization_id`, `school_id`, `school_location_id`, `username`, `password`, `remember_token`, `session_hash`, `name_first`, `name_suffix`, `name`, `abbreviation`, `external_id`, `api_key`, `gender`, `time_dispensation`, `send_welcome_email`, `note`, `profile_image_name`, `profile_image_size`, `profile_image_mime_type`, `profile_image_extension`, `count_accounts`, `count_active_licenses`, `count_expired_licenses`, `count_last_test_taken`, `count_licenses`, `count_questions`, `count_students`, `count_teachers`, `count_tests`, `count_tests_taken`, `count_tests_discussed`)
VALUES
	(519,'2015-07-23 14:30:00','2019-07-26 11:35:32',NULL,NULL,NULL,NULL,'testadmin@teachandlearncompany.com','$2y$10$FKp172JecX7LiDClZADGHOsW.CisLKvad0TpzvYFCNUlQZ6LfLzD.',NULL,'BB0gDXoJ8ILol81umBkLd9cun0o5hKJRkimzQv7PavpiteUHRwEq9yMfQ1W9BGe6PjthQ4UpZ13wT3swzvgam519','','','Administrator Teach & Learn Company',NULL,NULL,'ZmxVbR60IkEWBdHwwLATrVVL2uSahMXwQTtekLXI',NULL,0,0,NULL,NULL,NULL,NULL,NULL,0,0,0,NULL,0,0,0,0,0,0,0),
	(520,'2015-07-24 16:07:38','2018-11-27 13:46:17',NULL,1,NULL,NULL,'a@teachandlearncompany.com','$2y$10$FKp172JecX7LiDClZADGHOsW.CisLKvad0TpzvYFCNUlQZ6LfLzD.',NULL,'h5yRDQcR5ILbrpbVd2xmVliqr1S5MZC2CFsmHhdem1MF7kHXVSauOr01SNX8GVNvjP2snaTUeQE11geom9Az9DFbYRVbAu6w246I','Alex','','Karlas',NULL,NULL,'i351h0XUS2VHsPIz8qteTCWlBHLHl2XkQNjBV8g9',NULL,0,0,'Om te testen in de testportal met leerlingen van het Fioretti\r\n\r\n22102015 test RAH',NULL,NULL,NULL,NULL,26,3725,123,NULL,3984,0,718,47,0,0,0),
	(521,'2015-08-06 16:36:54','2018-10-24 10:57:56',NULL,1,NULL,NULL,'c@teachandlearncompany.com','$2y$10$FKp172JecX7LiDClZADGHOsW.CisLKvad0TpzvYFCNUlQZ6LfLzD.',NULL,'izwDeCJQqGpWvwlPXPWnio8XVwas1z8OxcaQ9KZ1D20nuKuIQgWUzNutR6MN7xDSvwxtDeP3OQ0RVkK8TamAUdPmUpddEX0KURWR','Carlo','','Schoep',NULL,NULL,'hN2Y9ybBl3P26vjIRytxfmfKREMAyPLeMAaPTG3S',NULL,0,0,'Test',NULL,NULL,NULL,NULL,11,5121,120,NULL,5541,0,11,8,0,0,0),
	(755,'2017-11-28 16:20:10','2018-12-21 15:57:41',NULL,1,NULL,NULL,'accountmanager@test-correct.nl','$2y$10$FKp172JecX7LiDClZADGHOsW.CisLKvad0TpzvYFCNUlQZ6LfLzD.',NULL,'WcfpGkcXPu1N8u5uulJF9FcTq1pkMOGUWlmltAkGptbzgLlslTRMcxZqDLD1tx7Xe18ZdXJgwhjZZBUu5PJ1eTprUBa1nuLtlraV','.','','Accountmanager testomgeving',NULL,NULL,'XdoNN4b8zLf2SFI3Ne40ISvGG55ImA2dK6GDCk8s',NULL,0,0,'',NULL,NULL,NULL,NULL,1,0,0,NULL,20,0,15,3,0,0,0),
	(1481,'2018-12-21 15:53:35','2018-12-21 15:53:35',NULL,NULL,NULL,1,'opensourceschoollocatie1@test-correct.nl','$2y$10$FKp172JecX7LiDClZADGHOsW.CisLKvad0TpzvYFCNUlQZ6LfLzD.',NULL,NULL,'Open source','','Schoollocatie1',NULL,NULL,'v2Qh8Qh2zgvODimIyr8BA7AqMsc0khgcWJ1yIxFL',NULL,0,0,'',NULL,NULL,NULL,NULL,0,0,0,NULL,0,0,0,0,0,0,0),
	(1482,'2018-12-21 15:59:31','2019-02-25 14:39:42',NULL,NULL,NULL,1,'opensourceschoollocatie1schoolbeheerder@test-correct.nl','$2y$10$FKp172JecX7LiDClZADGHOsW.CisLKvad0TpzvYFCNUlQZ6LfLzD.',NULL,'EfQVChme4aIqn5LGqSoj5Kv2SU4NR9RV8IGERuSTiBTSOnmIy3dgDXYrseFhTp6Ess6ssvAyoTLXYyObJwkghk1anhAEuWy3Ifbs','opensourceschoollocatie1','','schoolbeheerder',NULL,NULL,'EftrNpmaGtJuY0XnPcUx6W4LrNB8ZYowQYpehVa6',NULL,0,0,'',NULL,NULL,NULL,NULL,0,0,0,NULL,0,0,0,0,0,0,0),
	(1483,'2018-12-21 16:02:21','2019-02-27 14:38:16',NULL,NULL,NULL,1,'s1@test-correct.nl','$2y$10$FKp172JecX7LiDClZADGHOsW.CisLKvad0TpzvYFCNUlQZ6LfLzD.',NULL,'pHmzbyVwHzbTNNeracmpnE9EWXclZ64lzPZj6zjcumeJNijWmvk2TH6uthhHNojyf2kvPEj7ed9TLwf2SpO2HMJshR1SZaeMJjCu','student','','1',NULL,'1','1sdNrld4Gfkwc54VZQdUjU5AiqKMGeqThgqg3yQ6','Male',0,0,'',NULL,NULL,NULL,NULL,0,0,0,NULL,0,0,0,0,0,0,0),
	(1484,'2018-12-21 16:53:03','2019-02-27 14:39:30',NULL,NULL,NULL,1,'s2@test-correct.nl','$2y$10$FKp172JecX7LiDClZADGHOsW.CisLKvad0TpzvYFCNUlQZ6LfLzD.',NULL,'I9u8TiWUInyaarFDNyccY6oRexYayl5jIoVZ9pswedygaMHFkivzWmuJGNGPCF6A9uWTM3u2l6U2mJOKL40kwZOpvoFvI6Z5VTOh','student','','2',NULL,'2','K54DwOPmGgPtl7dH3n0WbLXWSgAaAskFE7m5OMr6','Male',0,0,'',NULL,NULL,NULL,NULL,0,0,0,NULL,0,0,0,0,0,0,0),
	(1485,'2018-12-21 16:54:11','2018-12-21 16:54:11',NULL,NULL,NULL,1,'s3@test-correct.nl','$2y$10$FKp172JecX7LiDClZADGHOsW.CisLKvad0TpzvYFCNUlQZ6LfLzD.',NULL,NULL,'student','','3',NULL,'3','d94bDt1OT51mF4GPEgJOjqDqhKmw2ezrm5Mowscz','Male',0,0,'',NULL,NULL,NULL,NULL,0,0,0,NULL,0,0,0,0,0,0,0),
	(1486,'2018-12-21 16:55:42','2019-05-24 14:09:41',NULL,NULL,NULL,1,'d1@test-correct.nl','$2y$10$FKp172JecX7LiDClZADGHOsW.CisLKvad0TpzvYFCNUlQZ6LfLzD.',NULL,'RO7yhzwDpby0GlYo74vdht3qRmLEJ2d5suAFz6F2im4GTdj9bs07zkfxomnCMQZUKApAqkkbNaX7fEVfbcycT1486','Docent','','1','d1','d1','zCmOADVkbdJEcvZKdcgtVFYiuhnRBrunw9ZJLPUN',NULL,0,0,'',NULL,NULL,NULL,NULL,0,0,0,NULL,0,0,0,0,0,0,0),
	(1496,'2018-12-21 16:54:11','2018-12-21 16:54:11',NULL,NULL,NULL,1,'d2@test-correct.nl','$2y$10$FKp172JecX7LiDClZADGHOsW.CisLKvad0TpzvYFCNUlQZ6LfLzD.',NULL,NULL,'Docent','','2','d1','1','d94bDt1OT51mF4GPEgJOjqDqhKmw2ezrm5Mowsch','Male',0,0,'',NULL,NULL,NULL,NULL,0,0,0,NULL,0,0,0,0,0,0,0),
	(1497,'2019-02-25 14:38:02','2019-07-22 13:37:38',NULL,NULL,NULL,2,'rtti-schoolbeheerder@test-correct.nl','$2y$10$FKp172JecX7LiDClZADGHOsW.CisLKvad0TpzvYFCNUlQZ6LfLzD.',NULL,'rJ863O06QH8Y3pniPGSp1trMn1JFk2SiiNA33RTEOT75guXDYshEK6LclkOJLdwb14QcUTciip80ya7Pj74PV1497','RTTI','','Schoolbeheerder',NULL,NULL,'Gr9KZClqwxAf7ajQcNv36qFULN4SU4CLSgeNRNzN',NULL,0,0,'',NULL,NULL,NULL,NULL,0,0,0,NULL,0,0,0,0,0,0,0),
	(1498,'2019-02-25 14:41:28','2019-07-22 13:38:09',NULL,NULL,NULL,2,'rtti-s1@test-correct.nl','$2y$10$FKp172JecX7LiDClZADGHOsW.CisLKvad0TpzvYFCNUlQZ6LfLzD.',NULL,'MUHw4e7XkL9peFCq8E38jXV0iPqWo2ah4FvJxf8CHIkkHk9OJ8nkGabS1IEKvWjmslIAFIU9j0IBGIKwvvW1H1498','Leerling','','1',NULL,'1111','Rm9Jb9hVx4S4dhwgxifXh2LxxBL06nm7XQPvrJkG','Male',0,0,'',NULL,NULL,NULL,NULL,0,0,0,NULL,0,0,0,0,0,0,0),
	(1499,'2019-02-25 14:42:34','2019-02-25 14:45:04',NULL,NULL,NULL,2,'rtti-s2@test-correct.nl','$2y$10$FKp172JecX7LiDClZADGHOsW.CisLKvad0TpzvYFCNUlQZ6LfLzD.',NULL,NULL,'Leerling','','2',NULL,'1112','Zu9UbXcGdB93et9z3K8x30Jjjj3bVuZWYjXn9Z0c','Male',0,0,'',NULL,NULL,NULL,NULL,0,0,0,NULL,0,0,0,0,0,0,0),
	(1500,'2019-02-25 14:43:31','2019-07-22 13:37:57',NULL,NULL,NULL,2,'rtti-d1@test-correct.nl','$2y$10$FKp172JecX7LiDClZADGHOsW.CisLKvad0TpzvYFCNUlQZ6LfLzD.',NULL,'BZxzY9AFUzd0U0E8joKt8dNF8No8JaaCXMxcOfw7QuyWEsdtSmv1hufNdvOms3Sq9eoQVEo6GqdVG1HvVRxnJ1500','docent','','1','d1','11234','TS3ANvYP9XuOyIzDgrl2OmfwoY8DehN2OxUQXIk6',NULL,0,0,'',NULL,NULL,NULL,NULL,0,0,0,NULL,0,0,0,0,0,0,0),
	(1501,'2019-02-25 14:43:48','2019-02-25 14:46:24',NULL,NULL,NULL,2,'rtti-d2@test-correct.nl','$2y$10$FKp172JecX7LiDClZADGHOsW.CisLKvad0TpzvYFCNUlQZ6LfLzD.',NULL,'4PCtxWw1Qkp006LmGDHlh6agLETAaspn1cw8k8vPpPbnrrEzhH4yGYQB1sFLB1luwr4NITvVLtI2X8FXAF9Jb8LvNvWUrQ0Lj6Uh','docent','','2','d2','1234','5s3TvwxH4ZNz4oYlWaxz7k0kogvAfXEwYc69IJLE',NULL,0,0,'',NULL,NULL,NULL,NULL,0,0,0,NULL,0,0,0,0,0,0,0),
	(1502,'2019-07-26 10:09:04','2019-07-26 11:36:27',NULL,NULL,NULL,3,'standaardschoolbeheerder@test-correct.nl','$2y$10$x2g3R0gDAomaQQ/QgdDc2ODYsX/YNP.oR4j1hEjVW.2WpTCWbFgTu',NULL,'kD3aHY6SROFMMfJUqtrB6wX5TPJOZ5k5CB3mUyfwDjpLfSD1M2KVjhZ9iXLNBCriXnAInFaPp8b6sLH99ZMjy1502',' ','','schoolbeheerder standaard testschool',NULL,NULL,'dC01onRohYz5GJRZE78vPqMZeR42NLG3LIjfB7W5',NULL,0,0,'',NULL,NULL,NULL,NULL,0,0,0,NULL,0,0,0,0,0,0,0),
	(1503,'2019-07-26 10:15:18','2019-07-26 11:25:57',NULL,NULL,NULL,3,'d3@test-correct.nl','$2y$10$P1z625XVtnWtGFQXLcpjWOKFg8ql7uOwNo1rZWQL.NVPJF7jaPPym',NULL,'nU3FJtydS0W677b7CTJoi5PlxnmGUSs7HCheKgmZSSfnNJK3blrIE4sBiOMT1aAT8zQb0SBkwa60MDpeZry0u1503',' ','','docent standaardschool','D3','','pTNwqUO9EwKw5ODSeJTGH4wOeIEYvhhIa1KmwXlq',NULL,0,0,'',NULL,NULL,NULL,NULL,0,0,0,NULL,0,0,0,0,0,0,0);

/*!40000 ALTER TABLE `users` ENABLE KEYS */;
UNLOCK TABLES;

# Dump of table managers
# ------------------------------------------------------------

DROP TABLE IF EXISTS `managers`;

CREATE TABLE `managers` (
                            `school_class_id` int(10) unsigned NOT NULL,
                            `user_id` int(10) unsigned NOT NULL,
                            `created_at` timestamp NOT NULL DEFAULT '0000-00-00 00:00:00',
                            `updated_at` timestamp NOT NULL DEFAULT '0000-00-00 00:00:00',
                            `deleted_at` timestamp NULL DEFAULT NULL,
                            PRIMARY KEY (`school_class_id`,`user_id`),
                            KEY `fk_managers_school_classes1_idx` (`school_class_id`),
                            KEY `fk_managers_users1_idx` (`user_id`),
                            CONSTRAINT `fk_managers_school_classes1` FOREIGN KEY (`school_class_id`) REFERENCES `school_classes` (`id`) ON DELETE CASCADE ON UPDATE CASCADE,
                            CONSTRAINT `fk_managers_users1` FOREIGN KEY (`user_id`) REFERENCES `users` (`id`) ON DELETE CASCADE ON UPDATE CASCADE
) ENGINE=InnoDB DEFAULT CHARSET=utf8 COLLATE=utf8_unicode_ci;



LOCK TABLES `managers` WRITE;
/*!40000 ALTER TABLE `managers` DISABLE KEYS */;

INSERT INTO `managers` (`school_class_id`, `user_id`, `created_at`, `updated_at`, `deleted_at`)
VALUES
(42,529,'2015-11-03 16:11:58','2015-11-18 11:39:10','2015-11-18 11:39:10'),
(42,610,'2015-12-03 15:33:15','2016-01-06 18:33:27',NULL),
(42,612,'2015-11-05 15:32:40','2016-01-21 11:19:01',NULL),
(42,617,'2015-11-05 15:32:16','2015-11-05 15:32:16',NULL),
(42,629,'2016-01-06 18:33:37','2016-01-06 18:33:37',NULL),
(45,555,'2015-11-10 14:25:21','2015-11-10 14:52:40','2015-11-10 14:52:40'),
(45,610,'2015-11-10 14:54:00','2015-11-10 15:48:15','2015-11-10 15:48:15'),
(45,615,'2015-11-10 14:55:59','2015-11-10 14:56:46','2015-11-10 14:56:46'),
(45,653,'2015-11-10 14:20:42','2015-11-10 14:52:43','2015-11-10 14:52:43'),
(45,655,'2015-11-10 15:47:58','2015-11-10 15:47:58',NULL),
(65,786,'2018-03-26 15:17:10','2018-03-26 15:17:10',NULL);

/*!40000 ALTER TABLE `managers` ENABLE KEYS */;
UNLOCK TABLES;



/*!40111 SET SQL_NOTES=@OLD_SQL_NOTES */;
/*!40101 SET SQL_MODE=@OLD_SQL_MODE */;
/*!40014 SET FOREIGN_KEY_CHECKS=@OLD_FOREIGN_KEY_CHECKS */;
/*!40101 SET CHARACTER_SET_CLIENT=@OLD_CHARACTER_SET_CLIENT */;
/*!40101 SET CHARACTER_SET_RESULTS=@OLD_CHARACTER_SET_RESULTS */;
/*!40101 SET COLLATION_CONNECTION=@OLD_COLLATION_CONNECTION */;
